predicted_male,predicted_female,predicted_diverse
0.7517470411141552,0.23979661733366417,0.008456341552180547
0.45469012190614005,0.49806308842963454,0.047246789664227504
0.7823837857949516,0.2088036479792809,0.008812566225769414
0.7559008698241656,0.23954895788510916,0.004550172290725809
0.6006938792124559,0.37359697668099956,0.02570914410654416
0.4624121651904541,0.5219798672165125,0.015607967593033182
0.5995986568749463,0.39344701418349526,0.006954328941560038
0.34245388896388457,0.6483284317066695,0.009217679329443788
0.6294788467153386,0.3541152567451454,0.01640589653951835
0.6435738230721383,0.34966361586738565,0.00676256106047574
0.8604426532437346,0.11306799419331143,0.02648935256295234
0.2631198387841202,0.6940585932847126,0.04282156793116635
0.5226364619746983,0.461228157225801,0.016135380799500856
0.333184202870243,0.6402813239498432,0.026534473179913327
0.5108230151746844,0.47360993687639524,0.015567047948920148
0.21400567833487816,0.6863474617087303,0.09964685995639105
0.3657715364688523,0.6174827728552719,0.016745690675875967
0.24661298922263616,0.7040478288402822,0.04933918193708452
0.7108514496623038,0.2818573063825137,0.007291243955184584
0.2660314213567059,0.7217230900657804,0.012245488577514629
0.7795904230534496,0.21329563166638557,0.007113945280164664
0.4350128720800442,0.5606866448816172,0.00430048303834029
0.5289226401951258,0.46342505116226657,0.007652308642606771
0.476256093219012,0.50948001396548,0.014263892815508918
0.35982645111236916,0.6252866578416291,0.014886891046000638
0.9257281368293608,0.07232177769164497,0.0019500854789927962
0.3585891191452156,0.6018734413859648,0.0395374394688208
0.2663038018033633,0.7259528164608806,0.007743381735756978
0.4750861588726535,0.5207264669272459,0.0041873742000995565
0.9162611890108194,0.08190770184711496,0.0018311091420648005
0.7113656063697534,0.2838251050741162,0.004809288556130924
0.6328341801880283,0.352859795831701,0.014306023980270447
0.23983474535403487,0.7453944005479393,0.014770854098026668
0.5305161406747655,0.4631199078037829,0.0063639515214522595
0.5526469661020337,0.43217068668396696,0.015182347213999754
0.455998280629406,0.5368732962446435,0.007128423125951574
0.32803753574939065,0.6626593261130078,0.009303138137602269
0.2594245127612796,0.7224441082065409,0.018131379032177736
0.39751120650093597,0.5930545004766474,0.009434293022416995
0.6362883531488647,0.35539682644688675,0.008314820404248593
0.6808277374404866,0.3114518914406195,0.007720371118894162
0.3909916358081649,0.5933493377311704,0.01565902646066477
0.39742230792496164,0.5907743800344867,0.011803312040553775
0.6959526073497314,0.2943886067475538,0.009658785902711972
0.4252763512749282,0.5502810862971281,0.024442562427944455
0.41478168590855063,0.5725791075596275,0.012639206531823521
0.5122252697415769,0.47796410859498034,0.009810621663442631
0.44931615522662954,0.5405046627113753,0.010179182061996046
0.563921677999063,0.4297952624378747,0.006283059563060404
0.8247989853845032,0.16961534334626457,0.0055856712692312184
0.4108584365020302,0.5591321092104812,0.03000945428748744
0.47491691263145674,0.5142921661932955,0.010790921175247515
0.7702283162920651,0.22421095749395303,0.005560726213983357
0.47898356630284566,0.5175635560614607,0.003452877635692342
0.40257657985229817,0.5737654935947838,0.02365792655291841
0.6957676848485919,0.2937524900749965,0.010479825076413108
0.5252790881822047,0.4592030398554077,0.015517871962389258
0.5841281529823178,0.40608401901415836,0.009787828003522485
0.5610056593373246,0.4321008381000137,0.006893502562661929
0.6525820589977372,0.3427784296982892,0.00463951130397479
0.5157325904733324,0.4770411937361197,0.007226215790546258
0.4082706287975038,0.5835756611733758,0.008153710029121032
0.4573906465561814,0.5314381319017899,0.011171221542027451
0.24236392477246302,0.7119644242151781,0.045671651012360814
0.42359788016251987,0.5647480001010693,0.011654119736408217
0.6418221801494277,0.34956851560103736,0.00860930424953285
0.7290216536552266,0.2523952915040587,0.018583054840713268
0.5208208263474329,0.4636656049910429,0.015513568661523048
0.35531816382807785,0.6339570178585917,0.010724818313332036
0.6455416851449688,0.35326819604885984,0.0011901188061698162
0.6736774764743021,0.31912510593565047,0.007197417590049343
0.19145534697410752,0.7885907923979489,0.01995386062794379
0.5074910018939477,0.47179956686888286,0.02070943123716755
0.6675243015039675,0.3181946872689273,0.014281011227106238
0.8639499754992631,0.1324611283708835,0.0035888961298542266
0.551768947888075,0.4443799867441973,0.00385106536772685
0.35125190120710087,0.6224082250665446,0.026339873726354348
0.43353338864942126,0.5464624563236156,0.020004155026963313
0.8160111877689384,0.18177750488240857,0.0022113073486537157
0.38575177469610344,0.5902571802783927,0.023991045025504035
0.43721355891869446,0.5499510557115465,0.012835385369758397
0.33003364444777905,0.6654661755647177,0.004500179987502317
0.6673581044087467,0.32970358410095285,0.0029383114903013875
0.2422515152999527,0.7406149237531126,0.017133560946934866
0.6066753196155306,0.3706179698846681,0.02270671049980269
0.21566914270336937,0.7661835947243417,0.01814726257229138
0.47273616466462903,0.5030151658373063,0.02424866949806394
0.6502868026953054,0.3437296580268428,0.005983539277853089
0.812358223516199,0.18071895265711463,0.006922823826689365
0.47160636974881254,0.5136627720977088,0.014730858153477296
0.38141040167289886,0.5876803193281428,0.03090927899895601
0.42603502954740236,0.5683768643526891,0.005588106099909008
0.5995217180086665,0.38053710765800974,0.019941174333321363
0.5155217482461912,0.4560762930219184,0.028401958731890133
0.5143539636557998,0.47886281074100717,0.00678322560319399
0.4759147948842802,0.4774701249313028,0.04661508018441762
0.5384304415083995,0.4455503758323983,0.016019182659201964
0.7441762413754517,0.2379143616109336,0.017909397013613427
0.34876825046005955,0.6151307225189588,0.03610102702098188
0.3638698101212055,0.6252364730106151,0.010893716868182739
0.640828509409139,0.34296597417102204,0.01620551641983759
0.5756601007977425,0.4000310434736217,0.02430885572863396
0.5737331514294748,0.40818098180829443,0.018085866762229813
0.38196263214726583,0.6055044996211172,0.012532868231618002
0.6600438421513158,0.31842184095479203,0.021534316893891264
0.4245894498002323,0.5692373665281092,0.0061731836716592
0.4923854076297095,0.4951148740840209,0.012499718286269041
0.4907070779071473,0.4895086086184249,0.019784313474427762
0.5028991615114702,0.49492564548814805,0.0021751930003813588
0.8766419569193589,0.1224168481722231,0.0009411949084186789
0.7198855219789044,0.27733667358934583,0.002777804431751022
0.6476460354773667,0.3443605176002632,0.00799344692237047
0.4585473658176511,0.5112615757402319,0.030191058442116985
0.5097022973423252,0.48514674961197435,0.005150953045698727
0.27951907904453294,0.6895553028830379,0.030925618072432222
0.31214911140741625,0.6691688364814928,0.01868205211109088
0.5045076900672845,0.4735423687865249,0.021949941146190907
0.5035685802490405,0.4874941709883914,0.008937248762570148
0.4157197628968891,0.5604387725032033,0.023841464599907776
0.6601633180210541,0.306035004588973,0.03380167738997456
0.5086885623805409,0.48373847582014473,0.007572961799314371
0.1733241216509198,0.8152242630766768,0.01145161527240513
0.47311523799581284,0.4914654760150392,0.03541928598914808
0.8483131581656076,0.14423750308771538,0.007449338746676065
0.5378949761046685,0.45466467404027183,0.007440349855060963
0.5675311015029795,0.425442089326636,0.007026809170385753
0.36581277837871934,0.6326026832074639,0.0015845384138163466
0.6660452836854255,0.3054656172158699,0.028489099098705083
0.5004310189263084,0.468488634840555,0.0310803462331375
0.8132601425689124,0.17587993623368642,0.010859921197400365
0.5268647894731542,0.44930744661852556,0.023827763908321305
0.3139210592352222,0.6748460865856842,0.011232854179093588
0.5881972055085598,0.40616107094781617,0.005641723543625029
0.4588851153013995,0.5265627135451976,0.014552171153402373
0.5701464758241833,0.42220874363219413,0.007644780543623105
0.6952336556618632,0.2922852931988432,0.01248105113929384
0.5201240190083279,0.4587959891414999,0.021079991850174083
0.4784808499949429,0.5182135199674252,0.003305630037631644
0.5623662168569428,0.42647776640567786,0.011156016737380158
0.34534042206198445,0.6423674999145534,0.012292078023460006
0.7928404448156222,0.1989492132381794,0.008210341946199195
0.41689230229670043,0.5675970977077739,0.015510599995525672
0.6194466180082925,0.36371183059891987,0.016841551392787063
0.7688834655743574,0.22381300895169642,0.007303525473946062
0.3910290623164785,0.5960783420806939,0.012892595602827427
0.784704012010293,0.2122129648577578,0.0030830231319514344
0.328831038821567,0.6487499876878785,0.02241897349055622
0.2761335312279764,0.7102339509837032,0.013632517788319648
0.7325259826710181,0.25753938153739286,0.009934635791587628
0.5002552817756017,0.49558952129068484,0.00415519693371364
0.7947196700767691,0.19569488368545887,0.009585446237770518
0.2860036523500368,0.6816713738363771,0.03232497381358509
0.494798216930189,0.4913674451386084,0.01383433793119978
0.7630016675403877,0.23117681345844215,0.005821519001171448
0.4335474346915989,0.5248175887234183,0.041634976584983684
0.5573729667994349,0.42574490869449294,0.016882124506072838
0.5533378133633317,0.4352159551043008,0.011446231532367708
0.5778289125763257,0.41290697297334283,0.009264114450331047
0.4963810979157656,0.48764824412717683,0.01597065795705665
0.6234303093970739,0.37234954814008075,0.004220142462846254
0.4585144854805709,0.530686048682107,0.010799465837323913
0.30707445911124165,0.6808475099435806,0.012078030945175311
0.47867117857269387,0.5128226577765835,0.00850616365072381
0.715294309299463,0.25806260680562987,0.02664308389490689
0.29021469462627986,0.6689345120359491,0.04085079333777165
0.59457862729861,0.40245839523283633,0.0029629774685520603
0.4612292929652178,0.5316727618813837,0.00709794515339745
0.7893921821932053,0.20655540693075944,0.004052410876038251
0.6839762531240237,0.3036431332728905,0.012380613603087579
0.24291264502568388,0.7047697675495964,0.05231758742472006
0.8186031955490239,0.1782350377481011,0.0031617667028745627
0.37622459926580076,0.614063311940754,0.009712088793445801
0.47443797955183886,0.5032576114229188,0.02230440902524005
0.7088471238615915,0.28141545793417566,0.009737418204230896
0.3344806643275074,0.6131980080792623,0.052321327593228655
0.5580147733606328,0.42663960159606334,0.01534562504330277
0.5091568800240274,0.46959025730515147,0.021252862670821833
0.3079831648283851,0.6831720484060025,0.008844786765612926
0.26749895089229364,0.7256417717975822,0.00685927731012473
0.9263730417104612,0.07143134113713084,0.0021956171524055877
0.8255245769015662,0.17209603316062533,0.002379389937807398
0.531705688078822,0.4577163671858782,0.010577944735301653
0.5643652433295195,0.42810546055547194,0.007529296115008961
0.823195315573337,0.17137741486658006,0.005427269560082749
0.3328368694669544,0.6533821739442003,0.013780956588847818
0.7071092483302321,0.2789003946208674,0.013990357048901473
0.8197701205302959,0.17750747883596274,0.0027224006337433554
0.5358216724397298,0.44059148040268165,0.023586847157588478
0.391305545134528,0.5900125557753026,0.018681899090169717
0.452221152715846,0.534513378381437,0.013265468902717696
0.3770684165469295,0.5919682689556215,0.03096331449744871
0.439316010594989,0.5509382647848758,0.009745724620135808
0.6974243517087197,0.29647973076233897,0.006095917528940699
0.3199705847243591,0.6615476957393828,0.018481719536260117
0.37777202894671014,0.613496195359132,0.008731775694159503
0.6669083765717263,0.3217180223686064,0.01137360105966832
0.734137522702172,0.2613310282015005,0.004531449096326653
0.41347775767712763,0.5753451773044322,0.011177065018438336
0.23474447042312332,0.7315142354294788,0.03374129414739784
0.28309458690819406,0.7017680343864359,0.015137378705371853
0.5193825310419765,0.4693273011277824,0.011290167830243152
0.3245919723485672,0.6663356972939009,0.009072330357532788
0.5207707181799528,0.471841388050376,0.007387893769671383
0.4026433649178191,0.5552220123573018,0.04213462272487929
0.5557526713761949,0.43749315127933625,0.006754177344470748
0.5573245465392817,0.42074882816920267,0.021926625291517707
0.7141670809828975,0.27691808526020434,0.00891483375689881
0.6042005721998349,0.3844998198320921,0.011299607968071754
0.643943108429109,0.34922037096551667,0.006836520605374816
0.17805736749783815,0.7270833424825389,0.09485929001962515
0.6653148288223405,0.33017174493912405,0.004513426238534526
0.6784705257445045,0.29163219829170445,0.029897275963791086
0.5322500904875904,0.4454576380093299,0.022292271503078845
0.7810666326517786,0.21270444289552612,0.006228924452693139
0.8202529530266826,0.17451993393731452,0.005227113036004699
0.6998529538662601,0.2968518140655568,0.003295232068182308
0.5114264611367707,0.4779860628235345,0.01058747603969306
0.5703725082943306,0.39974040718977005,0.029887084515900345
0.5182319544702438,0.47231034092530794,0.009457704604448888
0.49768732849920394,0.48999895472183197,0.01231371677896398
0.9143711693019383,0.0830537742987218,0.0025750563993420365
0.5228711739432229,0.4610310079882072,0.016097818068570444
0.6585587522345668,0.3288594004945548,0.012581847270877846
0.5253254715549555,0.4677810654992763,0.006893462945769617
0.7949467910635061,0.20214822823198483,0.0029049807045102966
0.4450220963644899,0.5458695730675444,0.009108330567966004
0.7761190223416751,0.21146908505324646,0.012411892605076597
0.908092279906436,0.08912905159797833,0.0027786684955873344
0.5204840183943543,0.46376096694645524,0.015755014659189277
0.8038733172112522,0.19211094701536524,0.004015735773381403
0.8849034001200902,0.11054775668677069,0.004548843193140476
0.8992105639172512,0.09904161481534572,0.0017478212674013872
0.6024545928011741,0.38111764722759,0.01642775997123567
0.5395340970956167,0.4525130134110781,0.00795288949330538
0.555819117890337,0.43055403344822657,0.013626848661433471
0.794809287614722,0.1987564985899073,0.006434213795372259
0.676661745270121,0.3179680505834972,0.005370204146383224
0.6393645931321189,0.3433328630209601,0.017302543846920655
0.5893095201572739,0.3795864862261155,0.031103993616611557
0.8289384253473758,0.1673599422594307,0.003701632393193513
0.22073230491266524,0.7345453991938594,0.04472229589347529
0.7480031019710657,0.24428322881854175,0.0077136692103940184
0.8472945482253006,0.14567374065909375,0.007031711115605849
0.5285164703794356,0.44704384851701484,0.024439681103548674
0.6917445467862082,0.29619141337669025,0.012064039837100651
0.5057303570594356,0.4841284820040202,0.010141160936544878
0.6153404828535776,0.3785023696372855,0.006157147509137146
0.3180861577286654,0.6535961355303569,0.028317706740976542
0.665279911478715,0.3112488509605618,0.023471237560722568
0.7573161397804358,0.23598483416746224,0.006699026052099915
0.6688796815799485,0.31842134703328473,0.012698971386766117
0.7338232457935614,0.26304076478759963,0.0031359894188393795
0.7884995636536748,0.20712769008406734,0.004372746262260186
0.4704869717674801,0.5152108494420634,0.014302178790457875
0.5691601946327798,0.4107117945964932,0.02012801077072614
0.2537804408881003,0.7399284357897241,0.006291123322177449
0.5532879031313228,0.42972491084383696,0.016987186024840405
0.44879990677833936,0.5012159944052115,0.04998409881644696
0.7779505300370326,0.21414425608294846,0.007905213880020445
0.444832923842244,0.5530175431509675,0.0021495330067858374
0.34732231533372654,0.6464195019176996,0.0062581827485737335
0.7515803830119293,0.2391404872131427,0.009279129774927012
0.8093722212352561,0.18376485234917903,0.006862926415565597
0.5083573114906523,0.487575332968527,0.004067355540818916
0.8667729841005841,0.13124641091232325,0.0019806049870903977
0.5854902273292202,0.40620305621094605,0.008306716459832135
0.4570419014171545,0.5126629542106202,0.030295144372224306
0.3972545714545696,0.5890471662509691,0.013698262294461494
0.17065399821622582,0.7971395637059978,0.03220643807777294
0.6509887627015241,0.3473505801536243,0.0016606571448531528
0.34903325874817187,0.6362371679619073,0.014729573289921331
0.13382052913162815,0.841683706020618,0.02449576484775374
0.6071212155093925,0.38692715964401825,0.005951624846588717
0.49761311462081076,0.49006209329374495,0.012324792085444996
0.36259060784621017,0.6039495275364614,0.033459864617330665
0.6753558061761927,0.31462392925127947,0.010020264572529212
0.8496725963785203,0.14837593334019633,0.0019514702812825073
0.1928313296549274,0.8037023214025724,0.003466348942502707
0.6960447759222027,0.29906578896458796,0.00488943511320738
0.7090891566249102,0.282406782366951,0.008504061008139269
0.3605287679764474,0.6222239476451076,0.017247284378443656
0.7084652446753764,0.2855787447118383,0.005956010612787152
0.419204767471912,0.5752066917628401,0.005588540765248605
0.3984170595154784,0.5897947598555064,0.011788180629016185
0.46245267254334405,0.505163791972641,0.032383535484014535
0.8209942500210924,0.17655792305235393,0.0024478269265536903
0.5921548013064827,0.4028650955695901,0.00498010312392738
0.6996488952306685,0.2911390532065573,0.00921205156277179
0.49055867883402304,0.4899981148905032,0.019443206275473784
0.36870349987484174,0.6245172132244954,0.006779286900659966
0.35215357892872723,0.6238097033756962,0.024036717695577147
0.2252877595629656,0.7555711993586568,0.0191410410783789
0.5465816805907115,0.447466305508506,0.005952013900783082
0.8414347728961049,0.15623107416471987,0.0023341529391748285
0.594220294816902,0.39983434626312137,0.005945358919975455
0.6333662260663739,0.36186429375379214,0.004769480179833155
0.526628005124541,0.46299776454414693,0.010374230331311586
0.7236661714260408,0.2707304484277684,0.005603380146192539
0.48279542566241573,0.509047874221139,0.008156700116443882
0.4607263090251886,0.5123273042228976,0.026946386751913368
0.5985856019293739,0.39221190004952416,0.009202498021101334
0.734989249874101,0.25922415447148844,0.005786595654412775
0.7965217870249583,0.1995371175491776,0.003941095425862695
0.8065334636258304,0.19168349971161647,0.001783036662554065
0.2618189162718863,0.7207482388815607,0.017432844846552165
0.6889309259065112,0.3039769629418695,0.0070921111516191295
0.5401136008480649,0.44872971018972463,0.011156688962209924
0.24832322735147244,0.7407618993000181,0.010914873348509763
0.7119797928843169,0.2788304546001878,0.009189752515495277
0.5802495760291895,0.41377449828920126,0.005975925681609311
0.28401527887174444,0.6970236911687865,0.018961029959469685
0.2676364203985755,0.7097569199896482,0.022606659611777765
0.3776373691458112,0.6166212881932894,0.005741342660899652
0.6723139838910545,0.3211414325099212,0.006544583599022891
0.5596783943895631,0.43685220584834356,0.0034693997620935607
0.5049785113286881,0.4789950994315355,0.01602638923977647
0.3653742455007171,0.6244834669215354,0.010142287577749133
0.6312983802221686,0.34298322548165994,0.025718394296171187
0.40055759752860803,0.5549383415616472,0.04450406090974504
0.19359640443150514,0.791557074076397,0.014846521492096268
0.44914462908561414,0.5356698420662269,0.015185528848157635
0.5341995898840823,0.45713896624621947,0.00866144386969817
0.516237383821715,0.4754962677014492,0.008266348476837479
0.41880869900064355,0.5451998173472326,0.035991483652123485
0.5693917360951077,0.42727080746640306,0.003337456438489555
0.33719510475019293,0.6471078658359912,0.015697029413814564
0.47305619493317125,0.5194599752822399,0.007483829784587474
0.4912475175116628,0.49523585899644107,0.013516623491896928
0.4221974514251325,0.5723280004327805,0.005474548142086413
0.4471681755363663,0.5377451713520036,0.015086653111630642
0.7929288796729237,0.20242609075265972,0.004645029574415418
0.7364573238283377,0.248453645788912,0.015089030382747354
0.442376612894575,0.545622757138787,0.012000629966636365
0.5503049327604458,0.4357579518264146,0.013937115413138832
0.8936837556891929,0.10321576588385063,0.003100478426956526
0.5745755830393035,0.4143754455757305,0.011048971384965647
0.7733321205857342,0.21661258109592713,0.010055298318338372
0.7561155281931503,0.23997954345923245,0.0039049283476183905
0.334243649151943,0.6587417824309222,0.007014568417133492
0.21696062895578594,0.7636430487505,0.019396322293716357
0.4136423850409817,0.5681096081110353,0.01824800684798313
0.4456268453781362,0.5392967233234945,0.015076431298367944
0.7204813483969786,0.2659971924269373,0.013521459176085417
0.5261363898427716,0.46313088217641535,0.010732727980813856
0.8204409669559075,0.17552275225187777,0.00403628079221492
0.4528094973500734,0.5430916618404036,0.004098840809523302
0.2451921180307923,0.7397826439603885,0.015025238008820052
0.3950467818409312,0.5666919297022912,0.03826128845677986
0.45875168844725606,0.5217160028854365,0.019532308667307426
0.25898738868974247,0.72412479690378,0.016887814406478886
0.7766468140955007,0.22043809202642492,0.0029150938780722153
0.4690368434382803,0.5137149809158046,0.017248175645913633
0.7944812951836627,0.20392968234857717,0.0015890224677577156
0.66746072687579,0.32305418028180155,0.009485092842409327
0.7871609614161275,0.20736358408305813,0.005475454500812536
0.6155975143936308,0.37803131952747854,0.006371166078891151
0.6182268135429307,0.3620946683984308,0.01967851805863935
0.6252706446093477,0.35722037719178745,0.017508978198865738
0.8370859860762048,0.15573376564150537,0.007180248282289542
0.6294376748225592,0.3623540313579885,0.00820829381945136
0.43832122093214226,0.554076475034351,0.007602304033507103
0.4967561434822565,0.4731317306150563,0.03011212590268692
0.1847588412267794,0.7868373518880183,0.028403806885203144
0.6772875268999354,0.31612462942755787,0.0065878436725080106
0.5461955955734628,0.4417360927012148,0.012068311725321919
0.256260150959292,0.7330716865370447,0.010668162503664069
0.3922749750468376,0.5929582915317787,0.01476673342138354
0.35970027493479356,0.5622456495054506,0.07805407555975531
0.6432157054324039,0.3495175424689274,0.007266752098667983
0.537027556347679,0.45731806387513574,0.005654379777186899
0.8646405110047218,0.13227276466363516,0.003086724331638972
0.6157436384898617,0.37303007985923176,0.011226281650905098
0.7006076494782951,0.2944496941306254,0.004942656391076092
0.7587591853719492,0.22516884318164543,0.01607197144640296
0.5597876848800826,0.427038909922354,0.013173405197563883
0.49204682863230526,0.4600687407560136,0.047884430611680906
0.5130545839478765,0.46500198638356116,0.021943429668562407
0.3890771331074204,0.5996064937032365,0.011316373189343247
0.7323516134292857,0.26479475888439036,0.002853627686325609
0.5339424177679956,0.4252895450556908,0.04076803717631428
0.44960627344903736,0.5355279668724681,0.01486575967849265
0.3522957848570699,0.6195814405110696,0.028122774631859408
0.5880609991115652,0.3882920006457172,0.023647000242718357
0.6184074008927988,0.3720505045957876,0.00954209451141394
0.7714629257192546,0.22412802880825405,0.004409045472491398
0.5645433321619643,0.4238335809008919,0.011623086937144032
0.7099224200551743,0.28507335680230644,0.0050042231425178555
0.4150654779294844,0.5386240427157611,0.046310479354756
0.4472848723760865,0.5385555126228665,0.014159615001046443
0.5738551641953397,0.42206969275528644,0.004075143049375204
0.6251198542222397,0.3661214876372634,0.008758658140499087
0.4336948561986645,0.5539033539921049,0.012401789809229069
0.45851799774490987,0.5156873097375861,0.025794692517503503
0.4035437928785118,0.5891683656819713,0.007287841439515575
0.6937828349408347,0.30155034420921034,0.00466682084995639
0.43642898564677524,0.5375645537660599,0.026006460587165887
0.4600980109183896,0.5338571494484309,0.006044839633180852
0.5451514038221746,0.4391599517978546,0.01568864437997187
0.5596700608947808,0.4275268116414798,0.012803127463741567
0.4456424944721193,0.5472392402201048,0.007118265307776772
0.9001453965288874,0.09721471329178605,0.002639890179328665
0.4250746657222785,0.5615863816745946,0.013338952603127794
0.5936155728021308,0.3931273223397342,0.013257104858132885
0.6329323278420033,0.36177446623364545,0.0052932059243517736
0.4753455259320214,0.4895198677510312,0.03513460631694825
0.6562912263087972,0.3385227167395525,0.005186056951650621
0.46950888481976233,0.5024872904303245,0.028003824749913257
0.6902316783655997,0.3004645274741341,0.00930379416026539
0.7458804396983418,0.2500413159125485,0.004078244389111705
0.5633553289975701,0.4318335437844729,0.004811127217955215
0.6300505300986954,0.34728882322060967,0.022660646680696967
0.5095013826799414,0.4738081528937482,0.016690464426311693
0.8774746536421237,0.11936152876435499,0.003163817593522119
0.1635484761408605,0.8317147971358143,0.004736726723323706
0.5852110339717886,0.4049716780851616,0.009817287943047166
0.45430876024997907,0.5405295311522764,0.0051617085977440896
0.54706632076164,0.4469990814406873,0.005934597797671017
0.5088502519476349,0.47490267756153404,0.016247070490831975
0.49828392147178996,0.48170581260006345,0.020010265928146014
0.5347008290762444,0.4572873207395166,0.008011850184238212
0.644598845042444,0.34904043409985325,0.006360720857703888
0.4611218293593672,0.533209403688262,0.005668766952368874
0.7359966377275988,0.25341850915900554,0.010584853113396842
0.4540925447303737,0.529913156532178,0.015994298737446053
0.3728742276725119,0.6080681686724547,0.01905760365503294
0.4505251918811587,0.5468460948157954,0.00262871330304411
0.6893527150374906,0.30231662622883443,0.008330658733676017
0.7328406687701907,0.2623929770363751,0.00476635419343469
0.8757952737905612,0.12227921566739192,0.001925510542046979
0.5655820071302154,0.4188750959729823,0.015542896896802232
0.4485314557114683,0.5304623450368795,0.021006199251650256
0.6613116644026061,0.33481342662817665,0.003874908969219958
0.4921203628971261,0.47874852661527567,0.0291311104875996
0.554750163031062,0.43156339491802376,0.01368644205091484
0.3449399211729563,0.6329669698595741,0.022093108967470618
0.20896948396860288,0.7751303918630639,0.015900124168334348
0.4198356510047713,0.5670723406506551,0.013092008344574484
0.13770183201210373,0.8341689586916232,0.02812920929627281
0.8337081897961468,0.16365799137972928,0.002633818824123096
0.49771037165511617,0.48347431399386787,0.01881531435101488
0.5662608503339343,0.4038135158887956,0.02992563377727095
0.7159108070747868,0.27632738379444705,0.0077618091307677444
0.8527793892130794,0.1429877869491559,0.00423282383776357
0.8471773749470954,0.14962099019643574,0.003201634856470033
0.7210584581778459,0.27050373863672966,0.00843780318542582
0.4670395989060082,0.5180958191799779,0.01486458191401233
0.5584039320617452,0.43511703581482297,0.00647903212343106
0.6435111019017693,0.34550674107150287,0.01098215702672598
0.3866491428035905,0.5989231424762897,0.014427714720119814
0.8244256674846556,0.17384290444290898,0.0017314280724365805
0.5464210710912503,0.44686328638108813,0.006715642527662674
0.5507850241267366,0.4326617679681394,0.01655320790512377
0.6238972985881795,0.37241444318046363,0.003688258231357417
0.5045076900672845,0.4735423687865249,0.021949941146190907
0.6422054879222739,0.35491248884197124,0.002882023235755868
0.5736115999538176,0.4043336944186354,0.022054705627546238
0.20580091171010048,0.775740846954197,0.018458241335705422
0.7730875420929424,0.21678255856997214,0.010129899337085115
0.3695549905653056,0.6161691359998828,0.01427587343481319
0.4399925649241388,0.5417100362953664,0.018297398780496486
0.3368261457983718,0.6222325032548837,0.04094135094674532
0.4372111113195642,0.5523257814903263,0.010463107190111487
0.314211286488997,0.6771386364178711,0.008650077093132879
0.6717738348043919,0.3169667143443111,0.011259450851298787
0.5362734222649194,0.45919271825725366,0.004533859477826471
0.83456378677926,0.15530026353586035,0.010135949684879155
0.680549386639315,0.3089286259929799,0.010521987367704586
0.56838418746181,0.4189115195835646,0.012704292954625333
0.5549521590550389,0.43032718741295894,0.014720653532001856
0.505401426476454,0.4889194000032221,0.005679173520322308
0.6378515615993973,0.3577645428824939,0.004383895518109831
0.8083053730711003,0.18749894453802857,0.004195682390868743
0.210947541861604,0.7609205611786787,0.02813189695971635
0.6924458115347746,0.2928846655794022,0.014669522885823455
0.3308878671750366,0.6610425599153951,0.008069572909566785
0.8467881956328277,0.1499416858285558,0.003270118538616323
0.8059738056774004,0.18752275174905553,0.006503442573544954
0.5140135666048362,0.464832747295891,0.021153686099272012
0.286238434604885,0.7019466571286869,0.01181490826642652
0.22550314107086386,0.7473823425193283,0.02711451640980522
0.8475101104096148,0.14791856877993884,0.004571320810445945
0.363758619223271,0.6187178208171723,0.017523559959557653
0.6993918511076973,0.28739593020278503,0.013212218689519334
0.6223031861858553,0.3742185862859719,0.00347822752817104
0.7078257186974242,0.2830880655683672,0.009086215734209114
0.29753194963842916,0.6762337048229826,0.026234345538589457
0.7490143752097564,0.24713250218878147,0.0038531226014653806
0.3184030924040199,0.668339569544816,0.013257338051163246
0.28481292161951494,0.6964719327743678,0.01871514560611641
0.6075618583108299,0.35719262286287046,0.03524551882630063
0.3488462823498701,0.6467226090373518,0.004431108612777717
0.3532696001985293,0.6428215531120649,0.00390884668940454
0.441484798254353,0.5201752197760886,0.03833998196955815
0.5958800723863871,0.3972315090905771,0.006888418523032933
0.7003056030468493,0.29074993989220804,0.008944457060943963
0.6950237205888739,0.30064167286239296,0.004334606548734859
0.3153727278350008,0.6711230342475389,0.013504237917460422
0.39590699522842876,0.5840137342082866,0.020079270563284148
0.4089570585262853,0.5653057837095091,0.02573715776420613
0.6984131027046819,0.2878266921715323,0.01376020512378877
0.42134229286839586,0.5635930451164308,0.015064662015174715
0.42803357318025187,0.5335082771845021,0.038458149635245915
0.588629165965305,0.39890382494840565,0.012467009086287256
0.5405122151821329,0.44233175421036147,0.01715603060750706
0.5491914946459292,0.44103488232868143,0.009773623025388494
0.7395831336122777,0.25675510055893846,0.00366176582878499
0.48631985666331157,0.49248522842941667,0.021194914907271895
0.6885660553441106,0.29513463397647954,0.016299310679408163
0.5751529325924635,0.4144448136002822,0.01040225380725375
0.48831650707261315,0.4766304644175018,0.03505302850988557
0.6360995556037494,0.3526007647601144,0.011299679636137103
0.42864978079545235,0.5561187893197808,0.01523142988476751
0.5873129158620847,0.4053926774890104,0.007294406648903635
0.5705485604587345,0.40236636656815494,0.027085072973111225
0.46690557347090944,0.5124870268498672,0.0206073996792233
0.35403638632256057,0.6371549164352054,0.008808697242234341
0.7879563381724893,0.20407640829612658,0.007967253531382756
0.6287257813656943,0.362421184455369,0.008853034178936946
0.6894249547683858,0.30766517328672216,0.0029098719448928238
0.41352867925876696,0.5644146840460064,0.022056636695225562
0.650232995661546,0.3443096491890795,0.005457355149374266
0.6050376778045682,0.38862623296230225,0.006336089233128688
0.3911888295597626,0.597188243096253,0.011622927343984185
0.5069178313093538,0.48030048430806405,0.012781684382579319
0.6915300748900975,0.30537843517804586,0.0030914899318541075
0.6015653743526366,0.3920424626370991,0.006392163010264616
0.4215159040145135,0.5716269334919201,0.006857162493567354
0.5847713421525804,0.399311685888284,0.01591697195913672
0.18529795093298765,0.7910197325043444,0.02368231656266714
0.3217163775380692,0.663526931098375,0.014756691363555412
0.18548339212436848,0.7990189208130828,0.015497687062547815
0.24007271028826302,0.7317575998626433,0.02816968984909459
0.4858353289388959,0.503769303197467,0.010395367863635822
0.6648887175021261,0.3229803808524706,0.012130901645405175
0.41525870355403866,0.5736770837935518,0.011064212652408133
0.3408444873475731,0.6424685954065983,0.01668691724583052
0.6734946044983815,0.3239050223573187,0.0026003731443003304
0.668290040035278,0.32483910599814086,0.006870853966581209
0.2989887349704507,0.689796193046696,0.011215071982852202
0.3419114269485769,0.6216162391444445,0.036472333906979126
0.6281872847447625,0.3626087750900039,0.009203940165233319
0.30642196138154065,0.6687821091140539,0.024795929504406983
0.26377146640674176,0.7167965684035684,0.019431965189689843
0.8487229079948699,0.14203343743927024,0.009243654565859424
0.3089817125147602,0.6557775734884445,0.035240713996794
0.6719748614613976,0.3133892931432508,0.014635845395350898
0.32064616080551006,0.6683565503872737,0.01099728880721532
0.6205181005668319,0.36701681173563117,0.01246508769753662
0.48755936963790236,0.5004151129953653,0.01202551736673094
0.7297036835009466,0.26747109360696353,0.002825222892086817
0.6003117534508029,0.38634545434643497,0.013342792202762408
0.6367850585318738,0.35235488190047975,0.010860059567647087
0.6542271936675572,0.3376734979255507,0.008099308406891048
0.8932141708407191,0.10312595814983555,0.003659871009444926
0.6431525862056534,0.34389800969823225,0.012949404096113866
0.3948011847189015,0.5872906153059075,0.01790819997519047
0.5706389877533957,0.42411271397759326,0.005248298269009142
0.6891333388760158,0.3047914729203207,0.006075188203665742
0.4978620593364561,0.47833550530193536,0.023802435361609534
0.3962011036558155,0.5976665632552756,0.006132333088909098
0.49070178472877113,0.4791252278045052,0.03017298746672485
0.5159494233276793,0.46886429135696034,0.015186285315360518
0.23220222825004394,0.7563337981935193,0.011463973556442002
0.8918000477372656,0.10338209529973223,0.004817856963002469
0.37186469288565493,0.6148986732399482,0.013236633874396622
0.670739547941259,0.3226027422423556,0.006657709816384754
0.4181612618256871,0.5715833151266857,0.010255423047625516
0.5877262019529425,0.3968103310181017,0.01546346702895321
0.44929636890098823,0.5203105249346051,0.030393106164405433
0.7273084363543632,0.2687814381323898,0.0039101255132443094
0.29185123792531137,0.6884980111775661,0.019650750897123107
0.7428710923919404,0.2490424790417424,0.008086428566317394
0.8657068879226114,0.1310279586438322,0.0032651534335561934
0.5231532904738031,0.45984399968394263,0.0170027098422556
0.4106949800690297,0.5834685404307142,0.005836479500256047
0.6042457582441038,0.3906514959118343,0.005102745844061162
0.24334045425750717,0.7312469353177266,0.02541261042476364
0.7403706683372178,0.25628764364149714,0.0033416880212843937
0.2820941826414249,0.66994207754567,0.04796373981290393
0.47096892564345855,0.5102798466296168,0.018751227726926948
0.7169876740796163,0.27758083934490835,0.0054314865754758294
0.7072291109092664,0.289939001114726,0.002831887976006757
0.6711247441588962,0.32068887919734673,0.008186376643758533
0.6620261255277182,0.3343541352307537,0.003619739241528693
0.36679601480243335,0.6179667112095938,0.015237273987971634
0.4992663672529854,0.48466877331878244,0.016064859428230806
0.4169331642647482,0.5604088661575675,0.02265796957768675
0.7487203927692625,0.24712098216456327,0.004158625066175173
0.5690476110853526,0.42378672974662035,0.00716565916802857
0.47636306307736637,0.4978951601503199,0.025741776772312194
0.5017681757936615,0.487122464194903,0.011109360011434661
0.3831284583306181,0.5979541193099737,0.018917422359408735
0.4174304446311824,0.5720013448460515,0.010568210522766366
0.7909675546454644,0.20620080595177676,0.0028316394027558096
0.6241432395299639,0.3616416512489294,0.014215109221106742
0.5449303025919207,0.4301286071238698,0.024941090284208527
0.4113563373086148,0.5736683567873516,0.01497530590403557
0.8397611531186092,0.1565978280743918,0.0036410188070005
0.6268239163126297,0.3660532069844122,0.007122876702956706
0.779543485831215,0.21128135822672142,0.00917515594206195
0.7781900748341403,0.219325427853687,0.002484497312173141
0.4991953600324688,0.49467936918144495,0.006125270786087636
0.2957547065510423,0.6974426403735369,0.006802653075419388
0.1756580838791387,0.789651406139871,0.03469050998098935
0.5979598119217483,0.37408344269117483,0.027956745387076404
0.8111090669538691,0.1825732473097803,0.006317685736349188
0.6680273743586486,0.31981879303532057,0.012153832606030975
0.6061580693423787,0.36129606938149983,0.032545861276121836
0.37108557980532736,0.6197364609386143,0.009177959256058323
0.31867858975721053,0.6520698765113564,0.029251533731434628
0.4814236539543766,0.48526369892620536,0.033312647119416824
0.6218409823178644,0.3435764740994955,0.03458254358264266
0.7813352905176701,0.20580690700735702,0.012857802474971921
0.3712985891331248,0.6002569447060921,0.028444466160782597
0.782361240436244,0.20055339595914942,0.017085363604607592
0.4852334451495136,0.5019293403415399,0.012837214508946329
0.5111890152148317,0.4865141814908685,0.0022968032943007748
0.2750444604527099,0.6616941127286894,0.06326142681859917
0.4566635567050445,0.5364593840873642,0.006877059207591157
0.37029257555505246,0.6138754868007915,0.015831937644154952
0.5261198655050353,0.4574203779808053,0.016459756514159964
0.613511791482352,0.37004876097025285,0.016439447547396194
0.5484704068987912,0.4468025248488726,0.004727068252336191
0.5692249119383023,0.4183123645303446,0.012462723531354629
0.6551925093155216,0.33878429596842974,0.006023194716048236
0.8317809812435963,0.16579190447242662,0.0024271142839770747
0.18789153167997039,0.7678637143578698,0.044244753962159294
0.7179990275801481,0.2718755971611241,0.010125375258727434
0.4181197801383963,0.566991177189759,0.014889042671847631
0.4664577011530025,0.5237929780065289,0.00974932084046944
0.24496670513135804,0.6748888664352292,0.08014442843341263
0.7647051308717996,0.23111998403322737,0.00417488509497543
0.5855773112192805,0.39921967902688776,0.015203009753833176
0.3405490451351395,0.644866055946171,0.014584898918689429
0.7832850190649022,0.21540802839665665,0.0013069525384407157
0.6488609013264649,0.34112439778426534,0.010014700889270952
0.6660452836854255,0.3054656172158699,0.028489099098705083
0.7912033498298122,0.20310315624793193,0.005693493922256069
0.7062650122365502,0.2807181876253082,0.013016800138141233
0.5739502539562792,0.41065738884308467,0.015392357200636517
0.5682844928897772,0.4247620195310436,0.006953487579178357
0.5355531960250319,0.4560779868295841,0.008368817145382679
0.6718202287683145,0.31737027906748194,0.010809492164201398
0.7385117396511357,0.2570228497641246,0.004465410584740229
0.2514191637942761,0.6984747540797834,0.050106082125941004
0.7715211548082745,0.22440306226021112,0.004075782931515793
0.49524756280607907,0.4935928918922003,0.011159545301720473
0.925835465474274,0.07298264645894782,0.0011818880667755433
0.31489767053210993,0.6664127093638917,0.01868962010399984
0.5813382463093406,0.4084904331427903,0.010171320547869614
0.8101522503262735,0.1852380908932401,0.004609658780486076
0.36885053988641253,0.6233541138825706,0.0077953462310175
0.5890440698151889,0.39923501598483396,0.011720914199979234
0.5146969103784562,0.4758946517267093,0.009408437894834474
0.3948736424952547,0.5974674485339947,0.00765890897075014
0.6413015680624263,0.353067191308235,0.005631240629340045
0.5335084936263014,0.46023764024907876,0.006253866124619423
0.38591547607993615,0.6043777711774977,0.00970675274256382
0.7062576243686828,0.2831681503102338,0.010574225321082624
0.5440475669532385,0.44122438923364643,0.014728043813113234
0.41382939501317045,0.5560342815000984,0.030136323486730364
0.6158982491035017,0.37881288870013924,0.0052888621963598555
0.6544439422547458,0.34172373376716453,0.003832323978088532
0.5058494853451597,0.4902797028949226,0.003870811759917893
0.25748336707110764,0.6932230312821053,0.049293601646780816
0.554297455198801,0.4188103755959018,0.026892169205299177
0.3671868121098835,0.6048521397900799,0.027961048100036134
0.7515255841625526,0.2424941842368827,0.005980231600566632
0.35648489184050464,0.6291652632486711,0.01434984491082413
0.44178529208542183,0.5534168376381706,0.004797870276411123
0.6725635728023736,0.3162280014388332,0.011208425758792431
0.5775004692945536,0.4055146427089869,0.016984887996457563
0.4469880771108514,0.5385120560682662,0.01449986682088202
0.5475278373878605,0.44222974439912943,0.010242418213009703
0.5177571850083447,0.4743247479434525,0.007918067048203109
0.39023670887980394,0.5900072706572874,0.019756020462908832
0.5129304320943613,0.47641616841751366,0.01065339948812588
0.870545801497374,0.1271538726072893,0.002300325895338646
0.4618942406791481,0.5337422730549972,0.004363486265853162
0.46362495510285906,0.5232145987408173,0.013160446156323191
0.7086517108132092,0.2885256928114964,0.0028225963752961944
0.8331095257337937,0.16153753651315325,0.005352937753051457
0.8916172176540128,0.09883597364724143,0.009546808698746972
0.6350702367462286,0.34958485013667756,0.015344913117094685
0.7379855686336706,0.2562563386350538,0.00575809273127347
0.6499662848445557,0.33905159406083996,0.0109821210946043
0.5370594947579587,0.45792620606500367,0.005014299177038611
0.3027735830633619,0.6890681104912173,0.008158306445419952
0.5863979181085341,0.3866712371902947,0.026930844701170003
0.5110554386736771,0.46483511573272923,0.02410944559359239
0.46438620851640267,0.516530752899453,0.019083038584144105
0.5695145952837111,0.41418346255763244,0.016301942158656182
0.46742629564907456,0.5073300052500419,0.025243699100884618
0.342357746001628,0.6490597759628514,0.008582478035521549
0.27085895403637994,0.6244358547319115,0.10470519123170853
0.5968078607161005,0.38763662657802095,0.015555512705881132
0.5605369469421468,0.41762694744568607,0.02183610561216763
0.37913113594469183,0.6165729165987421,0.004295947456566478
0.664580762911858,0.32885075655593726,0.006568480532203505
0.34898809890265853,0.6260347021197425,0.024977198977600045
0.6314424580358309,0.36168086601310456,0.006876675951065359
0.5815221975878274,0.4077146411485197,0.010763161263654336
0.5533756518788104,0.44013271317860175,0.006491634942587503
0.6077440572901993,0.38149457828165906,0.010761364428143865
0.5329899223059897,0.4609708452068865,0.006039232487121114
0.39826502853850293,0.5581801029800241,0.043554868481471894
0.33611510850141496,0.6574645404923118,0.006420351006273219
0.3494751275770978,0.6234587682655747,0.027066104157329112
0.2883815524030539,0.6823590315208097,0.029259416076132597
0.7578539911049323,0.22956052549882597,0.012585483396240224
0.6281158345410872,0.3680803198597647,0.003803845599148363
0.46307377955566836,0.5163074726016131,0.020618747842717267
0.8541171717853763,0.14369112229839937,0.0021917059162238385
0.6417357545168516,0.35302425859231634,0.005239986890834024
0.6482557159319186,0.34820382385085874,0.003540460217222752
0.7058476527285955,0.28752898168701885,0.006623365584387325
0.5443759883140649,0.4308669707383788,0.024757040947556017
0.6177531316557393,0.36882106914424867,0.013425799200012096
0.2976654088517079,0.6887929303524808,0.013541660795811608
0.289430780711402,0.5539113410559688,0.1566578782326302
0.3125155261427073,0.6779113181583252,0.009573155698968942
0.9154043296648577,0.08197650759108344,0.002619162744059113
0.4039925570068609,0.5922849216877101,0.0037225213054296524
0.43182267749036357,0.5651016740330063,0.0030756484766314113
0.41856859754222786,0.5627241099523203,0.018707292505452635
0.6572785540773471,0.3292608240486819,0.01346062187397123
0.7237620782808447,0.2725051513910115,0.0037327703281450305
0.6239943025319783,0.36307561788398574,0.01293007958403618
0.26879718703470934,0.6784282770320677,0.052774535933221206
0.28795683073497425,0.6923989638027354,0.01964420546229015
0.5448745775609191,0.4289980397535269,0.026127382685554854
0.4733507537277204,0.5018900506279693,0.024759195644311453
0.23051641248693763,0.7467620425747268,0.0227215449383346
0.7508179895587637,0.24576628261062813,0.0034157278306063076
0.35515425515726123,0.6413040636519696,0.003541681190768231
0.18313211804722332,0.7651305919376055,0.05173729001517094
0.3315570724083913,0.6558447984893495,0.0125981291022603
0.6552296361074612,0.3395511221398188,0.005219241752719907
0.2880022886193967,0.6778324741160484,0.03416523726455529
0.46864994055754017,0.5256640165863035,0.00568604285615618
0.35515846310323734,0.6321446223536289,0.01269691454313318
0.43619409454905866,0.5434027561171259,0.020403149333815925
0.37501826678706585,0.6129430745537136,0.012038658659218472
0.47531008406026964,0.5146364745679015,0.010053441371828006
0.6380263367243284,0.35223036566134225,0.009743297614330827
0.5206473849836808,0.47148993000589656,0.007862685010425094
0.7594604191347615,0.23693535223203951,0.0036042286331998633
0.5041702911799123,0.47421212564784593,0.02161758317224274
0.47551219060268807,0.5131774520815924,0.011310357315720882
0.2440825655419274,0.7143324096139447,0.04158502484412899
0.6461286731057113,0.34923661786579685,0.004634709028491837
0.7998364443925694,0.19391382673467014,0.006249728872761013
0.4757974984455018,0.512903750143891,0.011298751410605436
0.7731082434911668,0.216783098357218,0.010108658151615437
0.4126366232102474,0.5626457253018393,0.024717651487914813
0.18552739024060816,0.7933101169919718,0.02116249276742401
0.6205491102231752,0.3659681879318961,0.013482701844927857
0.40536577647084987,0.5740995849447597,0.020534638584388674
0.6794611901922076,0.300189982538302,0.020348827269493306
0.42839454570407315,0.561794312200924,0.009811142095003663
0.27861309456450434,0.7023246840205547,0.01906222141494195
0.517851092906604,0.46858407343900127,0.01356483365439431
0.5966971109308273,0.39659088524313124,0.006712003826040382
0.45880593468713377,0.5234877861184869,0.017706279194379008
0.7645375947028974,0.22764761041593243,0.007814794881170914
0.5912428627625493,0.40406308039354716,0.004694056843903041
0.6824451785525721,0.3099887662604365,0.007566055186992834
0.36332267260385404,0.6062774162841892,0.030399911111956505
0.4561017444766557,0.5282111539716862,0.015687101551657052
0.5331007172692795,0.45771168586091904,0.009187596869801563
0.18019548843931008,0.8145881840343511,0.005216327526336779
0.1884492509981755,0.7872467133723948,0.024304035629428764
0.6242151354294395,0.36034362146864185,0.015441243101917898
0.5316459533361462,0.45554001559373775,0.012814031070116328
0.3806233849484964,0.596025017643924,0.023351597407580946
0.3182505567571529,0.6676513246438461,0.014098118599002375
0.8903099658234577,0.10660229689218242,0.003087737284359773
0.471053602728329,0.4916633335259137,0.03728306374575576
0.3666872113056274,0.6245408456257883,0.008771943068583636
0.44578805248155573,0.536764625586347,0.017447321932099573
0.6467130928064326,0.3515119756664166,0.0017749315271493322
0.6660452836854255,0.3054656172158699,0.028489099098705083
0.6306817889136379,0.35841459846748386,0.010903612618873989
0.5233478485857757,0.47083815168282106,0.0058139997314015455
0.7347522113324907,0.25998380312976277,0.005263985537746741
0.6556579011138102,0.33692412473292943,0.007417974153260222
0.766980180443997,0.23079403950295693,0.0022257800530464593
0.21597779564087963,0.7336980724664801,0.0503241318926388
0.5680378479653411,0.42284082837538106,0.009121323659277057
0.2467559527122863,0.7289718609177586,0.024272186369954707
0.49651515067189406,0.46996920789921887,0.03351564142888832
0.9002102428642516,0.09837195764704822,0.0014177994887005238
0.6938403446181228,0.29971193193610063,0.0064477234457757755
0.3670463232568209,0.621900030847399,0.011053645895780008
0.5355387129596636,0.4575066792317987,0.00695460780853962
0.4281149046103234,0.5610715205836077,0.010813574806068742
0.4027276944146784,0.5910517477743654,0.006220557810955835
0.6038063417231991,0.3901813660687611,0.006012292208040234
0.6266463926987138,0.36068465016803214,0.012668957133253809
0.33521265754907986,0.6588332214661412,0.00595412098477695
0.4619536330891865,0.529474268872307,0.008572098038504401
0.27357732299645504,0.7092514692657033,0.017171207737843353
0.25205140177045976,0.7330729343854976,0.014875663844041808
0.7835983985248077,0.21407180925845057,0.0023297922167407384
0.5338593379280063,0.46095937491290234,0.0051812871590920075
0.5396666654608681,0.4459512361284863,0.014382098410646325
0.763115103170303,0.23080716793116665,0.006077728898530919
0.7778755738693227,0.21671718003673657,0.005407246093941709
0.4423395836845148,0.516119246746797,0.041541169568688016
0.312260547765311,0.6803845291435191,0.007354923091169668
0.3603509730685514,0.6163018767987918,0.023347150132658114
0.2643023069135321,0.7157509563308191,0.019946736755647912
0.4558639273051503,0.5140359689278368,0.030100103767010788
0.5682774564314967,0.42319623518597954,0.008526308382523502
0.48876848944555557,0.5003212048629431,0.010910305691501096
0.6538732441562237,0.33035728823705934,0.01576946760671742
0.6108090994952181,0.38101503466213094,0.008175865842648367
0.7210586022375046,0.2634601592197288,0.015481238542766314
0.5618687649115109,0.42570281955422995,0.012428415534259125
0.27991854481744055,0.703286043795916,0.016795411386644137
0.5785118304971758,0.4128577006091087,0.00863046889371544
0.3634343274329696,0.6204819666751067,0.016083705891923112
0.322391058407216,0.6463973109888109,0.031211630603970576
0.3449658550298554,0.6357320672187542,0.019302077751390596
0.4758632743477858,0.4946336771007041,0.029503048551509158
0.4043573989189716,0.5812350664680856,0.014407534612944334
0.8065576160637044,0.19093694836345615,0.0025054355728371135
0.7120805953493307,0.28129116946166155,0.006628235189007375
0.5765141650626251,0.41703831118452944,0.006447523752846953
0.7620207729553051,0.22575681253762628,0.01222241450706807
0.5864730327273777,0.38831954359691595,0.02520742367570548
0.7233960013400824,0.2710620357566053,0.005541962903310891
0.594385030831062,0.4000631594837015,0.005551809685237141
0.593261315414318,0.4029192859083457,0.0038193986773369525
0.45460523857135,0.520579355401764,0.024815406026885797
0.7664837117718396,0.2103228259233717,0.023193462304785875
0.7276825853077777,0.26313515657279635,0.009182258119426842
0.5334727978464775,0.4580491767163242,0.00847802543719802
0.5156139042481186,0.45894021931992207,0.025445876431960328
0.6695475232951694,0.3227438975230545,0.007708579181774426
0.6636112342472972,0.32891637506391713,0.007472390688784786
0.5428179350075233,0.4444901411008917,0.01269192389158629
0.7467514596375862,0.24554035842847952,0.007708181933930824
0.7119426666546148,0.27729202682354387,0.010765306521840302
0.44141521530263406,0.5397052330670244,0.018879551630342564
0.8752136832025679,0.12190626418329382,0.0028800526141382716
0.534250781488276,0.43256281778915295,0.033186400722570834
0.28934304260073485,0.6841385050756023,0.026518452323663632
0.7830585153804124,0.2110676158179232,0.005873868801662867
0.2691112652018159,0.7174145335009534,0.013474201297231115
0.8073969578627127,0.18740952348020276,0.00519351865708378
0.3368776058819662,0.6250490468780268,0.03807334724000705
0.4293143428522894,0.5213303897698199,0.0493552673778918
0.37148368172619156,0.6167959050719147,0.011720413201892793
0.3737312599499007,0.610030501405813,0.016238238644286987
0.7790519651269462,0.21553702870042557,0.005411006172628012
0.5580007566929831,0.433563246724712,0.00843599658230718
0.41592976479949906,0.5592473413157858,0.024822893884712947
0.4840244948496179,0.5106071591716482,0.0053683459787348155
0.5482688075134085,0.4494524484221597,0.0022787440644292346
0.5751822481993307,0.41316622084429777,0.011651530956372736
0.5014351136394972,0.48844849843467336,0.010116387925828274
0.29812477257252046,0.6850520512244298,0.016823176203050193
0.6284417628832959,0.358972026068212,0.012586211048495085
0.5960192616957953,0.3931615430541607,0.010819195250044713
0.42468110534198233,0.5577261649141679,0.01759272974384967
0.38740326404601444,0.6033531737214853,0.009243562232500786
0.24406716008396812,0.74684222347098,0.009090616445052215
0.6515289366238063,0.34314149476114353,0.005329568615050032
0.5866749524496313,0.39420047363690836,0.019124573913460684
0.37983268244873514,0.5928700659753365,0.027297251575930527
0.4349078094230278,0.5543127250320169,0.010779465544954266
0.3619834635513076,0.6338852572731689,0.0041312791755235955
0.5693792624583266,0.4117694434871719,0.018851294054500447
0.8017991454726053,0.19704001258154236,0.001160841945851155
0.7395548405524927,0.2526966636064653,0.007748495841043899
0.175834932155317,0.809256286545336,0.014908781299346339
0.6343883529841491,0.3597060960254449,0.00590555099040432
0.21421547293758428,0.7322725170556431,0.05351201000677247
0.41601222795307496,0.5792768000897494,0.004710971957176671
0.4225282487926166,0.5710932882394224,0.006378462967962143
0.5998168096923769,0.39773446253287376,0.0024487277747492404
0.2222620842027575,0.674516497073684,0.10322141872355772
0.5933550260434346,0.38485495017374455,0.021790023782821882
0.32430268608393303,0.6457307161185272,0.029966597797540875
0.6539273666382709,0.3413416492181724,0.00473098414355547
0.5179643422891411,0.471883626459039,0.010152031251818714
0.3604733004858614,0.6196596617799459,0.01986703773419005
0.4923862682292229,0.4896848244573206,0.01792890731345587
0.6663767818274086,0.3177571971192153,0.015866021053376412
0.325449871724553,0.6195060085352423,0.055044119740204366
0.49748942832851795,0.4913545067562289,0.011156064915252279
0.20327868520483555,0.719620672408299,0.0771006423868653
0.3988250191397739,0.5867462742917763,0.01442870656845115
0.3042495474547643,0.6806837163455259,0.015066736199710117
0.6018510003342525,0.39192912922799944,0.0062198704377483495
0.7539884184030502,0.24326793499604685,0.002743646600900028
0.5191507626951748,0.4712273621726156,0.009621875132208605
0.7217494982151162,0.26361136477145736,0.014639137013425915
0.22878404894626622,0.7596568654957678,0.011559085557967625
0.646338512260951,0.35130826792650216,0.0023532198125494536
0.42755676330658654,0.49975415224062,0.07268908445279491
0.683118753091575,0.3087477203460249,0.008133526562401423
0.5780677575384526,0.4080223999055566,0.013909842555990098
0.5539427065137257,0.43540957049563694,0.010647722990636859
0.19299700641692832,0.7587278496150265,0.04827514396804551
0.5564397138048971,0.4281826067678428,0.015377679427258827
0.7608941547273553,0.22722955013820625,0.011876295134437484
0.4506870525351642,0.531253993225395,0.01805895423943893
0.550651567282024,0.440189263266125,0.009159169451850966
0.8041071291151723,0.19301087546601084,0.0028819954188160964
0.16062604850831025,0.7880785041838297,0.05129544730785944
0.6607378229820781,0.33749243150452457,0.0017697455133973976
0.6290352595416616,0.36937609910323393,0.0015886413551047193
0.32041786092308067,0.6688800447344839,0.010702094342436692
0.47418073309899084,0.5177698557365,0.008049411164510033
0.6972461594322548,0.2972932159561779,0.005460624611567016
0.5001847176567543,0.4792827009050869,0.020532581438158254
0.38919378956899414,0.5930919825105626,0.017714227920442156
0.9651181427574951,0.03310590133320543,0.001775955909301313
0.3896462063151899,0.5723436152514628,0.038010178433346566
0.6532754622892578,0.34163215823919624,0.00509237947154552
0.43628507852067894,0.5478351081758743,0.015879813303448814
0.4142554031396845,0.5586696524484378,0.027074944411877182
0.46932563219302903,0.5085729312212979,0.0221014365856741
0.6251259829965264,0.3709165806367394,0.003957436366736205
0.7446483238793125,0.24387599427687953,0.011475681843805442
0.6601836449445733,0.3329435405847903,0.006872814470637393
0.5068180672585474,0.4867707937986521,0.006411138942800606
0.4971661187756984,0.4976112753917687,0.005222605832532456
0.6857916745451087,0.3110452550258635,0.0031630704290290996
0.8171672406242186,0.17883108978112133,0.004001669594662916
0.3247284575914003,0.6667391462391511,0.008532396169449527
0.49927740393862946,0.48601191475177696,0.014710681309591179
0.7239458666999598,0.26941669033719184,0.006637442962848841
0.5687200061112608,0.4054070854694575,0.025872908419281193
0.3973216317749569,0.5972444858276156,0.005433882397427409
0.3101033172414373,0.6717367609010035,0.018159921857558423
0.45765113472654156,0.528314549793164,0.014034315480294867
0.4247757952873971,0.5181520016762095,0.057072203036392176
0.5007099610709758,0.4929276792267307,0.006362359702292625
0.5949583761216396,0.3817617774325079,0.023279846445851075
0.5938469673163623,0.39856794476355994,0.0075850879200773415
0.5216405638703707,0.4734396973635714,0.00491973876605645
0.751061759485338,0.24487106800337097,0.004067172511289746
0.426697348902823,0.5573279732240649,0.015974677873111725
0.4230931613200715,0.5386453276922986,0.03826151098762911
0.4780586023541391,0.5020230583202483,0.019918339325614015
0.21287899969473334,0.7314335098864329,0.055687490418834286
0.35620587481590926,0.6181923724777465,0.025601752706346712
0.30597303503765305,0.6829675346450348,0.011059430317312513
0.5507904954768931,0.43392300586109506,0.015286498662013164
0.7679527124793352,0.2216967633066555,0.01035052421400857
0.49553332793962435,0.4911060604738517,0.01336061158652639
0.6692828730418049,0.32197065943880665,0.008746467519386951
0.4411897377058938,0.5329101064704922,0.025900155823613335
0.5377859841173924,0.456754631088789,0.0054593847938189605
0.8771562783434763,0.12052116657934354,0.0023225550771799716
0.6305367757098643,0.3569615136586447,0.012501710631489908
0.5435872877250896,0.44531397162594244,0.011098740648967645
0.5017006911006899,0.4797532023705994,0.018546106528711814
0.5959730251697952,0.3931322092968918,0.010894765533315006
0.62960475810676,0.357378180295275,0.013017061597965694
0.3575440606197366,0.6331401847211419,0.009315754659123099
0.7231533402115378,0.27570171906879487,0.0011449407196661332
0.4960225243901388,0.49738687219404926,0.006590603415813748
0.6076669133875272,0.37697016440301534,0.015362922209458427
0.5441629167756548,0.45118774467532574,0.004649338549020377
0.3154140176892607,0.6440811126148162,0.04050486969592354
0.6016289545827506,0.3861218162339315,0.012249229183317013
0.6512658412940028,0.33983899148907415,0.00889516721692201
0.7404120194916066,0.24804419481085763,0.011543785697535258
0.5291167167436001,0.4581400627615141,0.012743220494888158
0.6888704026744988,0.30282780848989976,0.00830178883560224
0.6532117633404162,0.3354573348838163,0.011330901775768586
0.6170606878538317,0.36611339829742917,0.016825913848739386
0.7567728590597667,0.23851149219387943,0.004715648746353749
0.8672144355330191,0.12718545778085577,0.005600106686126091
0.39315986788292856,0.5865123328831529,0.020327799233919554
0.4135477511270387,0.5833215553443883,0.003130693528572797
0.7130699848626162,0.2746807932635453,0.012249221873839387
0.863407257584541,0.09561312090286439,0.04097962151259409
0.7370708159162231,0.25695637232272794,0.005972811761050117
0.5524094199906923,0.4422854264155824,0.005305153593727011
0.1581759641738577,0.8275928064537164,0.014231229372423344
0.5719294996232955,0.4103371433927167,0.017733356983989857
0.7811431111644036,0.21049151055319607,0.008365378282400795
0.43155929033370743,0.5584799547172804,0.009960754949012503
0.9264429153996564,0.07040099023822582,0.0031560943621186917
0.38882188512722593,0.5976864079164513,0.013491706956325487
0.3412248316309048,0.587558483564735,0.0712166848043614
0.5702698869199208,0.40363947875270934,0.026090634327369102
0.6545953525151106,0.33961601691077914,0.005788630574111308
0.7123378791809637,0.275318486727798,0.012343634091239716
0.5168338734932121,0.4761626477129652,0.007003478793823007
0.5804106650084866,0.4014052763001995,0.018184058691311303
0.25976025960719457,0.7277654097595871,0.012474330633219231
0.16529106399453253,0.8145023370683759,0.020206598937091865
0.3008965290751573,0.6821099937937292,0.016993477131112416
0.41473511175341193,0.5636396597330882,0.021625228513499437
0.6878374053782795,0.30015749471094527,0.012005099910775164
0.3128513631302391,0.680254286078824,0.00689435079093592
0.5542930012593466,0.421947993018816,0.023759005721836462
0.30681490305664944,0.6496823766267584,0.04350272031659343
0.42813070596488334,0.5676406447828442,0.00422864925227079
0.24020862082414418,0.7518090309753678,0.007982348200486383
0.6408547387104048,0.35751716154757257,0.001628099742023598
0.5517729825217266,0.44616489420931227,0.0020621232689633736
0.7923614420811019,0.20198390876055675,0.005654649158339308
0.47256405139027113,0.5069655028115431,0.02047044579818626
0.48962457621296157,0.47522587013332623,0.03514955365371386
0.6734991207683764,0.3194743309021955,0.007026548329426991
0.8128143644554071,0.18352536966177335,0.003660265882818212
0.7810601225008773,0.21536436912141693,0.003575508377705439
0.49343180862158675,0.48101458636166966,0.025553605016742358
0.8346426116242643,0.15977025417818908,0.005587134197546306
0.7674603861908942,0.227303644005875,0.00523596980323236
0.5625782357086815,0.4338587371505696,0.003563027140749096
0.5900548480726189,0.40756512846525167,0.0023800234621289837
0.44552237174753234,0.5499815546026182,0.004496073649851679
0.6107828139472032,0.3783759065438947,0.010841279508904919
0.7926911270276388,0.20195375369154872,0.005355119280812465
0.6936454235778743,0.30139910495180117,0.004955471470324834
0.7344991375957374,0.26158763011526076,0.0039132322890011945
0.40847615589007225,0.5694531007549213,0.0220707433550061
0.3256853034814596,0.6335725150223294,0.04074218149621383
0.4523655268758357,0.5402892603510221,0.007345212773140477
0.37039813228862906,0.6178947124899039,0.011707155221466833
0.5093903191412583,0.48304556486914974,0.007564115989588717
0.6733805188640924,0.30938710367613304,0.01723237745977525
0.6845062160894066,0.3065093997039038,0.008984384206688947
0.3621336036715777,0.6093991872247821,0.02846720910364079
0.5567099354401488,0.430676314432098,0.012613750127752418
0.46086212565792234,0.5246047227060796,0.014533151636000512
0.44207861206780535,0.5355900517108807,0.022331336221313475
0.6207695373707864,0.37038512091834225,0.008845341710872949
0.37452844029283006,0.6099333840250034,0.015538175682165575
0.6009181060576878,0.3536901142756634,0.04539177966664926
0.7597347469993493,0.23335985367660575,0.006905399324042513
0.7344376004854687,0.2623547310486898,0.0032076684658433577
0.4826309510445967,0.49309911391678635,0.024269935038618136
0.8635399141008387,0.13299697940559949,0.0034631064935613767
0.7053494255985296,0.28916340622107456,0.005487168180393999
0.6043835911121478,0.3780141245926467,0.01760228429520667
0.39364592446556845,0.6018815869035501,0.004472488630880034
0.4058155344268693,0.5719958873711033,0.022188578202028932
0.243677722435912,0.7485939252544805,0.007728352309608672
0.588699696904573,0.4011402780386057,0.010160025056821436
0.5516980368215921,0.44079210886324693,0.007509854315160745
0.4392073760488463,0.5187100095360629,0.04208261441509402
0.669619156846595,0.3183199635887188,0.012060879564686471
0.3645605794399022,0.6081772474535153,0.027262173106581848
0.5077659183511737,0.4638087514516495,0.02842533019717877
0.4535358956389493,0.5346962593264611,0.011767845034588796
0.8018457342372877,0.19581059650033378,0.0023436692623791345
0.5886087374345211,0.40925688832774254,0.002134374237736608
0.8494651566269962,0.14834723181653692,0.002187611556469924
0.7724841331447304,0.20245682334326287,0.02505904351200632
0.5252523056443887,0.46595601004197296,0.00879168431364169
0.5986662858043321,0.3941648951754093,0.007168819020257146
0.30226725629257906,0.682431852674074,0.015300891033345362
0.2501790190303982,0.6936255609543808,0.05619542001522075
0.8226197086720395,0.17461854398106746,0.0027617473468903495
0.7345877585343643,0.25290937576636985,0.012502865699266756
0.1824338524346765,0.7401055920441342,0.07746055552118916
0.617832408581326,0.36923997965012334,0.01292761176855077
0.766852184886218,0.22986567717207412,0.0032821379417067825
0.723335059858277,0.2684311543670988,0.00823378577462406
0.3535233333673804,0.629942157694163,0.016534508938455504
0.4110542893810042,0.5807955317627834,0.008150178856212621
0.42590586213731546,0.5528892292019645,0.021204908660720834
0.5277033905781503,0.44520650630595054,0.027090103115898455
0.6017182418913909,0.39187641197543527,0.006405346133174426
0.4400863371717998,0.552030772662215,0.007882890165985213
0.8430021554923677,0.15228898979335564,0.004708854714276643
0.7506804466483687,0.24217085272012392,0.007148700631507607
0.6998709635416929,0.29548737455497803,0.004641661903327681
0.5977950174840145,0.3959083035429604,0.006296678973024042
0.6652137245625583,0.32828086313655763,0.006505412300879817
0.6064757837060398,0.38557265649893213,0.007951559795028176
0.3444535078119341,0.6414510725675029,0.014095419620563092
0.2716417487574329,0.7105833504374761,0.017774900805093453
0.8206535106976537,0.1761675354714376,0.003178953830908682
0.7769033768642833,0.21463839687230302,0.0084582262634127
0.36769610942277087,0.6109638476013414,0.021340042975886056
0.3716549308754422,0.6154254552638424,0.012919613860715292
0.2595880368060711,0.6902632516223141,0.05014871157161336
0.5996432978168413,0.39419402192668246,0.0061626802564758824
0.40104381244322496,0.5622612618840807,0.03669492567269295
0.32239867046393617,0.6694208080658821,0.008180521470182948
0.7611719723051507,0.23340984816898658,0.005418179525862789
0.7429689902168702,0.24947885559828498,0.007552154184845474
0.6584029770808109,0.3299423182112501,0.011654704707938567
0.2834057319485492,0.6978984700531574,0.018695797998292605
0.40348711043367536,0.5811190937254518,0.015393795840873203
0.6286784480453667,0.3672493962152537,0.0040721557393795
0.2610085032861981,0.7156612639534641,0.023330232760339104
0.5982587046642712,0.3866435353131721,0.015097760022556394
0.5539915652991011,0.43932332906912136,0.006685105631776476
0.27711566241981966,0.716562293046907,0.00632204453327327
0.8318316140904973,0.165749299148757,0.002419086760742536
0.7953116912356797,0.19968948778379994,0.004998820980518642
0.5205238596202105,0.4642067301398644,0.015269410239924895
0.4901078062838464,0.4981695973898947,0.011722596326259677
0.2324352534717835,0.7427345362213148,0.0248302103069019
0.8068635582560043,0.18723987242336376,0.005896569320631725
0.6501040177499166,0.344180623511423,0.005715358738661706
0.7222383820487468,0.2681006914966757,0.009660926454578792
0.3933028091368641,0.552115422720687,0.05458176814244905
0.3424320288611542,0.6332757137997936,0.024292257339051906
0.5579124451452004,0.4081224854007347,0.03396506945406173
0.25157293378180334,0.7294462279530367,0.018980838265160973
0.38103439284819096,0.6121017779009219,0.00686382925088773
0.5489259505816837,0.43898740607033016,0.012086643347986365
0.40066173860593296,0.5603514139422463,0.03898684745182218
0.3541087364527728,0.6268020435493173,0.01908921999790812
0.7983536849157763,0.19340195360708826,0.008244361477135741
0.7680491426857448,0.2276506675030767,0.004300189811177105
0.456595722085182,0.5227910389496152,0.020613238965202518
0.7832771700009582,0.21439986596378968,0.002322964035248784
0.23141134956853446,0.7112378661181213,0.0573507843133459
0.3223444964428378,0.6668996662952684,0.01075583726189597
0.7298993708992427,0.26736591246408037,0.0027347166366763855
0.4138302815683309,0.5676106957952272,0.018559022636441772
0.4222964990897966,0.5624538041499377,0.015249696760262992
0.5463189016561988,0.4438682314769663,0.009812866866833563
0.7207483154843902,0.2746016724574457,0.004650012058163848
0.5456905674324832,0.3459362434976484,0.10837318906987004
0.46727339508429644,0.4787257479259447,0.05400085698976016
0.32390826963388736,0.6517600708722089,0.02433165949390419
0.37911673535087204,0.6132940636266567,0.007589201022472808
0.22880981915820528,0.7521691874497445,0.01902099339205098
0.3562980906028738,0.5904871232724016,0.053214786124726125
0.7813899431333517,0.2142713072065657,0.004338749660082359
0.545598395656808,0.4353324117748668,0.019069192568324404
0.8081920293383973,0.18718624090805097,0.004621729753551153
0.7329470572809321,0.251430214406256,0.015622728312812664
0.7808769965365038,0.21522289680584666,0.003900106657652241
0.3692873576903292,0.6055445705491218,0.025168071760549915
0.1320297820553225,0.8161520652866232,0.05181815265805556
0.411580330039152,0.554458984109009,0.03396068585183857
0.5445344370852137,0.4414909969755512,0.013974565939234601
0.6377957320470925,0.35228515127964366,0.009919116673263327
0.7540514846711551,0.23368412411149322,0.012264391217351457
0.8026085639053742,0.18684077259266607,0.010550663501960095
0.3667003518853354,0.6223247572523327,0.010974890862331305
0.5581445341927168,0.43888641358173996,0.002969052225541769
0.41417558263601645,0.5606927292054025,0.0251316881585807
0.4631821739312576,0.5253381046960958,0.011479721372645989
0.5316423379054046,0.45471657357151285,0.013641088523083454
0.798059012992562,0.1994704082789866,0.002470578728451169
0.5045076900672845,0.4735423687865249,0.021949941146190907
0.2844057906548261,0.7007871540733354,0.014807055271836657
0.2997727302912316,0.6887511117385771,0.01147615797019361
0.5035866999988372,0.4873595937023344,0.00905370629882887
0.5891440233375954,0.4081004921093084,0.002755484553095916
0.36532444556670335,0.6224309751122588,0.012244579321037632
0.2656813319007579,0.7083779859865375,0.025940682112707596
0.6699532140076551,0.3120111206949518,0.018035665297392447
0.5721218336152136,0.4250939226688962,0.0027842437158889758
0.6364690818589042,0.35643807957291407,0.007092838568181773
0.6028310989489688,0.3835570863297085,0.013611814721322054
0.28475723576897766,0.6774394248066438,0.03780333942437888
0.6237118744749913,0.3694042007035083,0.006883924821503889
0.6216973192992971,0.3693691297947333,0.008933550905970375
0.607188952953269,0.3726776697460884,0.020133377300642467
0.46017048671232474,0.5330232796148074,0.006806233672868343
0.7372647463803762,0.26054455993846243,0.002190693681161139
0.2507186228050095,0.6985701893231673,0.05071118787182488
0.4548984691950885,0.4950568761733976,0.05004465463151486
0.7402740210136696,0.2555398848643662,0.004186094121962772
0.6024414298644243,0.3814756781217193,0.016082892013857514
0.37707241395953434,0.6152287439395341,0.007698842100931852
0.3850946815463084,0.6001698431720666,0.014735475281624836
0.46404950648070126,0.5273559041730088,0.008594589346288118
0.4854542702267447,0.500056114554338,0.014489615218915773
0.5952115504563922,0.39689913261085746,0.00788931693274957
0.5175607585575798,0.47617368846752667,0.006265552974892276
0.5110742267114561,0.4762155810620286,0.012710192226515355
0.33504001337657435,0.6535654291803248,0.01139455744310278
0.5543938432077528,0.4254520445128949,0.020154112279351363
0.7721219629358902,0.20387700624400285,0.0240010308201081
0.7884963582372917,0.20659584468252998,0.004907797080180397
0.3363598059261927,0.6556999336662073,0.007940260407597113
0.47311978004133787,0.5144565586456193,0.012423661313042698
0.8978416048458135,0.10008529444362961,0.0020731007105582394
0.2502068861795191,0.7308550528995706,0.01893806092090958
0.43639401879366435,0.5460655643764406,0.01754041682989365
0.6875422748740189,0.30279763582625574,0.00966008929972492
0.29446172842534196,0.6914979000264965,0.01404037154815992
0.9365586244881384,0.05720554127948675,0.006235834232373781
0.5033022778799154,0.44253616427469195,0.05416155784539155
0.5726733458222606,0.4197519399467156,0.007574714231024886
0.7803170242019666,0.21177325524289756,0.007909720555136158
0.4443291751115052,0.5441444207095776,0.011526404178916216
0.5239325123782022,0.47385840110585986,0.002209086515935415
0.5254120525335285,0.46939866094419225,0.005189286522279048
0.4164736831116819,0.577067329730249,0.0064589871580683885
0.5449795156303816,0.4391051365160153,0.015915347853602973
0.6061362441026706,0.38224473103908935,0.011619024858239329
0.49752230108053463,0.4870106319255954,0.015467066993869863
0.3024283379999276,0.6903589773400157,0.007212684660056829
0.36549215438799587,0.5898784157235067,0.044629429888498696
0.29816041184034053,0.6793538897077094,0.022485698451948793
0.6308465549864831,0.3628096113012534,0.006343833712264046
0.7222529074447465,0.27497687625014633,0.00277021630510977
0.38134907827539094,0.5856460980200113,0.033004823704598646
0.19196070823891295,0.8018337931115357,0.006205498649551373
0.6282339838917378,0.3625164370531729,0.009249579055089985
0.7813269381018905,0.21535672916511883,0.003316332732990758
0.6273924307789676,0.366221165927554,0.0063864032934800264
0.9253966484816548,0.07160235843515689,0.003000993083189773
0.42506888762136097,0.5705799940958257,0.004351118282813399
0.6800822681830119,0.314909077714136,0.005008654102850843
0.4396716247234486,0.5125844844521312,0.04774389082442067
0.3662158326289518,0.625880802410045,0.007903364961005294
0.5359138988950535,0.4389711435531131,0.02511495755183512
0.5374206656878098,0.4582347020859893,0.004344632226203533
0.33812745881091727,0.6343156980592206,0.0275568431298615
0.34790712780660715,0.6220595296339665,0.030033342559425975
0.7421044397242957,0.25185819420164834,0.00603736607405789
0.4550524719291764,0.5316697299767343,0.013277798094089471
0.1548104983953034,0.8068189598512124,0.038370541753482784
0.3729757644850925,0.6022632700135091,0.024760965501400518
0.7204055651666931,0.27593698805644523,0.0036574467768629537
0.5360549723770447,0.42758919628840514,0.03635583133455076
0.1840608319773642,0.7427305958861132,0.07320857213652326
0.8070723502593188,0.18754089364884763,0.005386756091835878
0.6557410540719043,0.3385629165564735,0.005696029371619363
0.6755508554570003,0.30676507182857504,0.01768407271442282
0.6131516557584769,0.37397687745374514,0.012871466787776587
0.6166502061636545,0.3620707032372493,0.021279090599096176
0.24635788223710267,0.7054408791070904,0.04820123865580532
0.8732289084087218,0.12584054669736697,0.0009305448939116568
0.4236644240902383,0.5674913432764805,0.008844232633280944
0.7204104686416095,0.27194725243053286,0.007642278927857528
0.5827590785217318,0.40870517461674916,0.008535746861519493
0.4133888774202043,0.5480930847322886,0.03851803784750719
0.42740110020009875,0.5648118992266824,0.00778700057321812
0.48439212069250864,0.4952041551314243,0.020403724176067485
0.733783841628175,0.2523906959059681,0.013825462465858073
0.6612184772211709,0.33161571781427507,0.007165804964552827
0.7004763367058106,0.2826479943740375,0.01687566892014943
0.3547176046981474,0.6276359361742515,0.017646459127600087
0.5241357879161029,0.46799019899107314,0.00787401309282387
0.552538976547799,0.4373522410223654,0.010108782429834593
0.7123038586116174,0.2808382212816232,0.006857920106759459
0.4678675585460156,0.5142250144356637,0.01790742701832042
0.24356442731508351,0.7327515305428045,0.02368404214211469
0.5967028156126819,0.39351925945197597,0.009777924935342562
0.1954986307828147,0.7882478090967722,0.016253560120410224
0.658775036218608,0.33027325689023784,0.01095170689115344
0.7719476129833321,0.2251870262545034,0.002865360762164157
0.4477720845951328,0.5333109928862286,0.0189169225186405
0.716848965722537,0.2774037890509023,0.005747245226560238
0.6262699006754449,0.3680133536275487,0.005716745697004426
0.7856152886329467,0.20945671365353452,0.004927997713519283
0.8264601650299441,0.17099662989852318,0.0025432050715337275
0.527160772398668,0.46313491523968486,0.009704312361648003
0.2747395981144555,0.6963610100602762,0.028899391825266987
0.6092931652034279,0.3707396077892984,0.019967227007275472
0.5206240059927472,0.45779915462106546,0.021576839386186927
0.3264034029833456,0.6495384828549001,0.02405811416175381
0.8369216663834668,0.1522677096878028,0.010810623928729963
0.47613505545003,0.4898203419838594,0.03404460256611301
0.6611223684457964,0.3293115066721648,0.00956612488203904
0.3667452141921794,0.6242017372685531,0.009053048539267566
0.39502366301073527,0.5740720860051086,0.030904250984155734
0.6776218214483847,0.31834443609573226,0.004033742455881695
0.24433005098845478,0.7269755775778757,0.028694371433667716
0.6478208948598813,0.34209613488647894,0.010082970253639554
0.7387288737094161,0.2569771491519585,0.004293977138625314
0.6727140016348493,0.31264954807444917,0.014636450290701814
0.5551101339733985,0.4403293043971285,0.00456056162947239
0.7246069651790635,0.27067507869617363,0.004717956124763517
0.779119813336742,0.21515214318650305,0.005728043476753114
0.4526938671374388,0.5377770509830256,0.009529081879535137
0.591511523217039,0.3944796120690861,0.014008864713873668
0.5415276156152476,0.4438957454540206,0.01457663893073349
0.4815457730612543,0.5054011205527016,0.013053106386043841
0.46959183682684447,0.5249758095360043,0.005432353637148494
0.4548539571454197,0.5097087987803096,0.03543724407427134
0.6594648789590187,0.33513006374466686,0.005405057296317243
0.30807854904885396,0.6473709711564627,0.044550479794683545
0.4125836073847892,0.5784610301209919,0.008955362494218582
0.1505575219545494,0.8158637908958313,0.03357868714962131
0.44741957571608776,0.5224358416578446,0.030144582626067645
0.22661229908401556,0.7480246245453825,0.025363076370604025
0.24765192183652096,0.7326733409375418,0.01967473722593652
0.5761569744672007,0.38463199174304447,0.039211033789755725
0.2860716236554072,0.6745111791098382,0.0394171972347545
0.6989720587536116,0.291919228127007,0.009108713119381584
0.2713450342134405,0.7057159506638738,0.022939015122685556
0.4922027390374695,0.478792299009275,0.029004961953255592
0.7457324733696529,0.24910780963338522,0.005159716996960092
0.8387372027735898,0.1536133443582321,0.007649452868181736
0.7261573223230401,0.2542953033143203,0.019547374362637503
0.5698766898313986,0.42749492981994053,0.0026283803486595453
0.5487214879142386,0.4387933277097888,0.012485184375972144
0.6660452836854255,0.3054656172158699,0.028489099098705083
0.48860876236786294,0.4891399755785695,0.022251262053568203
0.598928826040421,0.39777842007569136,0.0032927538838897416
0.4213281611340115,0.5700122956549941,0.00865954321099681
0.1690339780121347,0.7955100248875213,0.035455997100344444
0.7880922833583686,0.17707074582394067,0.03483697081768997
0.26967326446331125,0.6682908712994545,0.06203586423723335
0.6368556614764528,0.34722302804208555,0.015921310481462593
0.4321686120433611,0.5609335627125989,0.006897825244039453
0.7309237708798405,0.2563863728114501,0.0126898563087092
0.7717412096321848,0.22091370148115005,0.007345088886666922
0.694386846168052,0.29677838011988245,0.008834773712065537
0.3464308875246595,0.6400680002542498,0.01350111222108984
0.5695977238389054,0.4132985398901771,0.01710373627092066
0.36356900477667425,0.6242800814400052,0.012150913783322994
0.7807670462532915,0.2093131055378483,0.009919848208858948
0.4231273251634207,0.555447475733815,0.021425199102763498
0.7536639208895684,0.23664904434749284,0.009687034762940522
0.6327096657477778,0.3549448802231549,0.012345454029068025
0.28787652309573675,0.6978033131231869,0.014320163781077184
0.82930570789518,0.16808766568145203,0.0026066264233687297
0.7045563188797731,0.2925663625388573,0.0028773185813676322
0.7895445087371444,0.2094531628531912,0.0010023284096634282
0.5583646898113191,0.4294499089596476,0.012185401229032257
0.6731364592432822,0.3223900777288995,0.00447346302781549
0.3104660182117805,0.6747138849377802,0.014820096850437978
0.22494886724784005,0.7359592516599994,0.03909188109215842
0.7550709674540617,0.23825188626793958,0.006677146277998609
0.5748820933376001,0.4211791054702858,0.003938801192115366
0.5974387750225866,0.3915038244137197,0.011057400563694048
0.36782740881976883,0.6239296229485318,0.008242968231701252
0.2832695401081826,0.7030403983578537,0.013690061533964522
0.44197094850931007,0.5434852799318861,0.014543771558804122
0.45755277512846093,0.5299332088473436,0.012514016024197078
0.20329231045010576,0.7626104348379772,0.03409725471191779
0.536587043473288,0.4551346992544325,0.008278257272279696
0.6679329039892345,0.3214815377472591,0.010585558263506956
0.6922559638374983,0.3050251458658612,0.0027188902966393306
0.4429830698145346,0.5398944130757678,0.01712251710969809
0.5491085543363347,0.44335837603338296,0.007533069630282412
0.4072136219333203,0.5846441712070578,0.008142206859621635
0.8735757295472599,0.12366602072770083,0.002758249725038285
0.8385915114026585,0.15757786320866873,0.0038306253886733668
0.5796521735497604,0.40482062468659236,0.015527201763647741
0.15486340355689077,0.8118583553223034,0.03327824112080379
0.8216387058229566,0.17312104127129416,0.005240252905750563
0.6237232615057715,0.3633657189176527,0.012911019576575795
0.460101771796962,0.5014020481316036,0.03849618007143543
0.5412440208023299,0.4463968831667439,0.012359096030925974
0.7038960402051476,0.29008065879490597,0.006023300999946559
0.6760231448245578,0.31875784380078326,0.005219011374660812
0.6701753599195861,0.31507547185476914,0.014749168225644736
0.6795327841907022,0.3095436017979697,0.010923614011329175
0.7941769479802897,0.2033331989832842,0.0024898530364272213
0.4255159475876422,0.5690538275434603,0.00543022486889755
0.42590335238474586,0.5605804548540526,0.013516192761199369
0.6859219176000074,0.30206678677812565,0.012011295621867993
0.5573204545595742,0.4349580134132671,0.0077215320271583005
0.20478962060806122,0.7491935422905562,0.04601683710138413
0.8306255324537348,0.15892292782620637,0.010451539720057527
0.5031653080963489,0.49134281937269736,0.0054918725309547915
0.3199478653497187,0.6704972625773986,0.009554872072883523
0.7479994938231895,0.2478114664638412,0.0041890397129697235
0.32175134560945545,0.6562233231110686,0.022025331279476215
0.5832654715429878,0.40403556664721335,0.012698961809797587
0.7013755813806891,0.2951022169456119,0.003522201673701127
0.7131061316187096,0.2833015353862619,0.003592332995027678
0.6566915182884947,0.3354584741788446,0.007850007532660682
0.6399974047973593,0.352505917494717,0.007496677707924276
0.6675191388369385,0.3254318325353163,0.007049028627744704
0.7470171462713303,0.23909507720352163,0.013887776525149751
0.43734830836298805,0.5498042776170704,0.012847414019942332
0.31493361974261114,0.6537696086061913,0.03129677165119793
0.7202302497901298,0.27307224636000915,0.0066975038498619886
0.8220738014710797,0.16763638771646022,0.010289810812461421
0.7301671317492584,0.26290928772141303,0.00692358052932949
0.2586276917213836,0.7303724204003299,0.01099988787828701
0.7734672003449506,0.21911746784801883,0.007415331807031167
0.6744841219150982,0.3207472686792186,0.0047686094056802845
0.3838285546283248,0.6063312125932098,0.009840232778463612
0.5239715190557851,0.47190713694380026,0.0041213440004121025
0.8290708923675744,0.16701605725391386,0.003913050378513089
0.3874988150685798,0.5896325326427494,0.02286865228867076
0.5680273886476568,0.4216019862911624,0.01037062506117949
0.7794104451265738,0.21302603100149928,0.007563523871929222
0.5184939798088426,0.47367624106633605,0.007829779124819441
0.5440209380268112,0.4446304089393147,0.011348653033874133
0.3097977305124754,0.6733372116724132,0.016865057815113934
0.8298549833534137,0.16799747487451788,0.002147541772069233
0.5238120976685773,0.47095956916174275,0.005228333169681738
0.2553404515580237,0.7331732275958069,0.011486320846171929
0.6367407048902866,0.3554871259396384,0.007772169170074684
0.19182360548698393,0.7930677035431252,0.015108690969892978
0.3143037591986614,0.6729711898461993,0.012725050955138277
0.45694865124959255,0.5189510676139574,0.024100281136449866
0.196364726130368,0.7904250255616269,0.013210248308006847
0.575107830680257,0.4187700204867947,0.006122148832948502
0.8056029661377743,0.1907915278109266,0.0036055060513007138
0.5821697484597618,0.41134470383015614,0.0064855477100823145
0.5165187179971761,0.48087354016420875,0.0026077418386164014
0.41061679324171424,0.5817220963528972,0.007661110405387698
0.6078388776424023,0.38129740494401904,0.010863717413580776
0.42814332979276726,0.53883173295498,0.033024937252254735
0.5634733605541093,0.4330479640953339,0.003478675350556554
0.7716598381899789,0.21742067201920437,0.010919489790819487
0.717224335329106,0.2761975496017238,0.0065781150691702405
0.3206413456674038,0.6627086427849247,0.016650011547668906
0.8770653628065879,0.11778670505931725,0.005147932134094845
0.5816261104670086,0.41584006200428164,0.0025338275287064135
0.6763682381048475,0.3172821020504814,0.006349659844670016
0.6831637278692683,0.31046448709906754,0.006371785031660901
0.2704909047099967,0.6898913738048975,0.03961772148510687
0.8548652537110903,0.1419398189893866,0.0031949272995222626
0.7071278048527181,0.2840269737621893,0.008845221385092424
0.3346087953389819,0.6490749401076041,0.01631626455341418
0.2768933335485072,0.7037222075572599,0.019384458894232938
0.30390280460268987,0.673663233473061,0.02243396192424995
0.6153523051858477,0.37320661912500896,0.011441075689144847
0.3857922671445264,0.5877105781354478,0.026497154720026738
0.5997534758593998,0.38511337804315227,0.015133146097450395
0.8143475556000817,0.18128805353090136,0.004364390869016329
0.5512248815973609,0.43230494700968164,0.01647017139295657
0.617086954523492,0.37397295345935677,0.00894009201714843
0.5557758905019697,0.4314517700852952,0.012772339412734307
0.4729634890123136,0.49870925892543777,0.028327252062249966
0.7828954274689774,0.2142589786216105,0.0028455939094107425
0.7680648740785293,0.22549025309583626,0.0064448728256322
0.3149317425094835,0.6138966348383235,0.07117162265219305
0.4117602727041804,0.5737886132374602,0.01445111405835966
0.8528011086567119,0.143553322973844,0.003645568369443933
0.6999285223967755,0.2935088923563989,0.006562585246823615
0.5084043098964818,0.4770696026821418,0.014526087421375383
0.7483912187316373,0.2448671889531545,0.006741592315209034
0.5960523432075199,0.39930924406037505,0.004638412732104939
0.8127683074579877,0.18412593545031675,0.0031057570916949964
0.43668876779654264,0.5467810225420695,0.01653020966138683
0.591643711868946,0.4019612694758238,0.006395018655231135
0.6523968531030282,0.33932099828545836,0.008282148611512672
0.42860124075961686,0.5625445254588699,0.008854233781514568
0.3494167117240516,0.6333840901974965,0.017199198078453538
0.6178579032112065,0.37687816504895144,0.005263931739841605
0.5309411512241987,0.4663088120787089,0.0027500366970906673
0.7710667623909533,0.2173834642216089,0.011549773387438888
0.8144105972864999,0.1814545839749188,0.004134818738579381
0.43116371078520654,0.557654318805291,0.011181970409501845
0.6660452836854255,0.3054656172158699,0.028489099098705083
0.6654547011202107,0.3262991377491465,0.008246161130641895
0.7561833238222267,0.2411893907820506,0.0026272853957229774
0.4283792642897905,0.5516760180915355,0.019944717618670244
0.741875158785125,0.2488558613625868,0.009268979852286573
0.675403529701133,0.30595321103438206,0.018643259264486477
0.5102022415834565,0.4836157573687665,0.0061820010477777534
0.6220194504194049,0.37132048198512574,0.006660067595469894
0.8118237510146045,0.18493369850362149,0.0032425504817732357
0.4719228220173972,0.5145315233028849,0.013545654679718562
0.5819717810732631,0.38369775529539046,0.034330463631345814
0.498906195847801,0.48739917030562596,0.013694633846572334
0.47699503684531014,0.5154409398178891,0.007564023336803126
0.5350064635568127,0.4582656655301249,0.0067278709130623
0.24090121882538384,0.7518573399201947,0.0072414412544210445
0.6868903922353178,0.30267292136790513,0.010436686396777894
0.6000555015377315,0.38940230047798574,0.010542197984283413
0.4674036531721118,0.5199440166236323,0.012652330204254577
0.38519059020254365,0.6063351708376784,0.00847423895977808
0.615148087052844,0.3751801258915585,0.009671787055598704
0.8822805126382427,0.11390225464364422,0.003817232718112782
0.6849378885589669,0.30257946032168226,0.012482651119351056
0.187898845603186,0.7692474106840861,0.04285374371272972
0.8801052600766783,0.1154540027054347,0.004440737217887475
0.667206887998188,0.32634329876967033,0.0064498132321397375
0.65486218728496,0.32631492443808435,0.018822888276954525
0.18977532042964051,0.779350701177,0.030873978393359678
0.6065637672782418,0.3763148308256659,0.0171214018960939
0.3410485142434189,0.6334193189407767,0.02553216681580349
0.5992388683638772,0.3859915954313234,0.014769536204799124
0.6950226212229226,0.30116272022357593,0.003814658553503184
0.5383731434700211,0.4522119741588445,0.009414882371135393
0.51178820469877,0.45316143751728427,0.03505035778394644
0.4023305008660116,0.5923052124118126,0.005364286722174452
0.38763413107829825,0.6021741258386369,0.010191743083065833
0.5156914794475153,0.46698866220531265,0.017319858347171823
0.6886375818500233,0.30797183424830815,0.003390583901668697
0.32500838807781396,0.6565942304983698,0.01839738142381563
0.7234546524900688,0.2703428106315027,0.006202536878429449
0.31539405982376395,0.6717783974946928,0.012827542681543852
0.4750657011204002,0.5060573102456521,0.018876988633947878
0.7354843426548211,0.2592639219265656,0.0052517354186122816
0.4123502104830397,0.5740182938516385,0.01363149566531919
0.8414421223213692,0.14880362531848626,0.009754252360144452
0.4071888385519055,0.5758990055844957,0.016912155863599922
0.36606784734194664,0.6266231110206407,0.007309041637412367
0.5958135467696472,0.38843872227934595,0.015747730951006154
0.4624498990101777,0.5223478195691984,0.015202281420624155
0.46056475878200875,0.5197893219481113,0.019645919269880265
0.42110179444433815,0.569251861160722,0.009646344394939242
0.5752140079262404,0.4229361096133946,0.0018498824603674
0.6532026147533713,0.3425961403132029,0.004201244933426491
0.6615966030885997,0.33132853765384335,0.007074859257559289
0.552475005625114,0.4401240601300225,0.007400934244861862
0.6853938961660642,0.30742638370196296,0.007179720131971886
0.6219469463203489,0.35904017088866985,0.01901288279097921
0.7477831015162589,0.24093777122210686,0.011279127261632221
0.6201753462955046,0.3741459174730556,0.005678736231440812
0.7994892200623122,0.19803566064503042,0.0024751192926582514
0.3634569540953804,0.6300959475788055,0.0064470983258133
0.8658206143301334,0.13194381766355762,0.002235568006310206
0.6566045729081003,0.3351416184792748,0.00825380861262484
0.5579121978885715,0.4206744575428181,0.021413344568610295
0.3913099435807845,0.5933710709251089,0.015318985494107273
0.5769019951622419,0.40113057290822063,0.02196743192953727
0.5887702681138013,0.40399496993319634,0.007234761953003922
0.5306552952794963,0.45471302088087284,0.014631683839629785
0.9018886121641629,0.09244486754062407,0.005666520295214371
0.8323440105091005,0.1664398496057569,0.0012161398851435897
0.7070070340453797,0.2823701593577957,0.010622806596824748
0.6286618846588785,0.34310315808923286,0.02823495725188766
0.37545502196625724,0.5987123955382939,0.02583258249544817
0.4432607480039908,0.5439947631286403,0.01274448886737089
0.5995429296553578,0.38982978215148445,0.010627288193156836
0.6817169595176674,0.3105635620996608,0.0077194783826714936
0.5732211446809609,0.41724860294012134,0.009530252378918119
0.6252176505294346,0.36756284133821693,0.007219508132348308
0.7639648885713496,0.22596342936939987,0.010071682059251248
0.25913862945073834,0.7159649402977811,0.024896430251478766
0.29490737764091113,0.6605433874153461,0.044549234943744076
0.8326136353636624,0.1592567623207609,0.008129602315575687
0.4506568050438625,0.5336507837188841,0.015692411237254237
0.4994359116598559,0.49516056999948493,0.005403518340660416
0.5775151964840121,0.41675217370347795,0.00573262981250969
0.8590450374458998,0.1341787180008327,0.006776244553267394
0.49953732505710385,0.4858070017802308,0.014655673162665384
0.726406533250662,0.26309933340032915,0.010494133349009591
0.4871938860399453,0.4951808799670956,0.01762523399296064
0.4804360488528244,0.5044417568949805,0.015122194252196757
0.5891789699418896,0.39458251566715413,0.01623851439095644
0.4493683106704262,0.5408551538504878,0.00977653547908828
0.4489539680429082,0.536961277458018,0.014084754499072868
0.4940368101263036,0.48974181963674246,0.016221370236951763
0.4644575647296277,0.5174441726186167,0.01809826265175585
0.5860082398617963,0.3994919922366735,0.014499767901532058
0.4928191692184628,0.5010420127313121,0.006138818050224391
0.44949423655066273,0.5468377081078364,0.0036680553415007083
0.5928282946181053,0.3969955199620738,0.01017618541982147
0.915656293677649,0.08177429649958867,0.0025694098227616235
0.4540491687351888,0.5157172799641455,0.030233551300664813
0.2538617066385982,0.706428499666047,0.03970979369535406
0.30352573169590574,0.6645942353897015,0.0318800329143925
0.8035206901252709,0.19406986108698243,0.0024094487877480662
0.5307275737149191,0.45987345178391775,0.009398974501162583
0.5564476832287751,0.43450172002224585,0.009050596748979418
0.6482231221345233,0.3433494772471644,0.008427400618312035
0.4394814738507068,0.5419788381036285,0.018539688045663645
0.4362102950128785,0.5474423183262862,0.016347386660833765
0.37677662643610516,0.5899154612072115,0.03330791235668494
0.5667983620599579,0.4263726832091547,0.006828954730888532
0.6410494598609897,0.349732646951097,0.009217893187912348
0.8605714529737573,0.13475702010829668,0.004671526917947314
0.43470318839036454,0.557696821587961,0.007599990021675041
0.510711140257121,0.4788449744783223,0.010443885264556262
0.29200433477625737,0.7016850043245809,0.006310660899161822
0.4559620190082842,0.4971580203817941,0.046879960609922076
0.5092298628807737,0.4845264785880968,0.0062436585311301295
0.9021466339894343,0.0952294698816468,0.0026238961289168994
0.6296449174896135,0.355430739283222,0.014924343227164155
0.731437508025974,0.2660492570110691,0.0025132349629552204
0.2914828413705371,0.7040739377816645,0.004443220847796108
0.7416979109372759,0.2517574501501141,0.006544638912611626
0.40780677199647514,0.5816949810707027,0.010498246932822551
0.6368283283979297,0.3422362042635901,0.020935467338480132
0.3266942560704721,0.6636364932416039,0.009669250687923115
0.18690437846138763,0.7906463235532138,0.022449297985397895
0.5326668759431838,0.4461314213819387,0.02120170267487688
0.5983631527317758,0.3882180000116228,0.013418847256601517
0.2189922528259345,0.763384227961887,0.017623519212180437
0.20103613813167803,0.7872801826777258,0.011683679190595101
0.6536632672122367,0.3356420315713283,0.010694701216433912
0.7032190291569012,0.28362013134757114,0.013160839495526318
0.5668862690714492,0.42568423848237247,0.007429492446176364
0.49522584908424183,0.4898720117272708,0.014902139188487673
0.8187626287203643,0.17113038589593788,0.010106985383698338
0.8073216024712021,0.18915778643537254,0.003520611093426345
0.3226931488809401,0.6054178639125734,0.07188898720648598
0.5435676713337341,0.4377426625360109,0.018689666130256063
0.741790177998818,0.24486019729518482,0.013349624705996517
0.8506665430707354,0.14213820212788503,0.007195254801381851
0.6912397592866232,0.3038826886147946,0.004877552098579227
0.4137392756913211,0.577144126451172,0.009116597857507498
0.6660452836854255,0.3054656172158699,0.028489099098705083
0.5091495030200175,0.464094166796087,0.026756330183895265
0.3916756268237351,0.5989995366911569,0.009324836485107735
0.5500704549630351,0.435540830543227,0.014388714493738726
0.5779855288758329,0.41741500648313645,0.00459946464103093
0.4091322365581814,0.5789787437706776,0.011889019671141907
0.7556005614483855,0.2412043480147508,0.003195090536862803
0.8906707219044888,0.10662111546691769,0.002708162628592969
0.3378689347645761,0.652071827621398,0.010059237614026781
0.6831463671238454,0.29864815465273,0.01820547822342368
0.6079479356667628,0.385251281832288,0.006800782500947551
0.9096500886259977,0.08701223812767557,0.0033376732463275163
0.3025360306591662,0.6667515324978458,0.030712436842989067
0.688758765405362,0.3067292952319335,0.0045119393627034415
0.18147417891543846,0.7616360476688167,0.056889773415747615
0.46630962903026857,0.5223286586027114,0.011361712367020046
0.8594035052861394,0.13541922815329038,0.005177266560569929
0.7434886465417677,0.25137604031714883,0.005135313141083462
0.2763341777356077,0.6654221938897732,0.05824362837461904
0.544403116342389,0.447811408944274,0.007785474713335089
0.5486953624370922,0.44555139235991176,0.005753245202995324
0.34626601908963095,0.6299274509124306,0.023806529997937816
0.5878927446836247,0.39642797829994186,0.015679277016435494
0.9005701757551902,0.09692196079079003,0.0025078634540201712
0.4667207842521301,0.5240380560099662,0.009241159737906804
0.3870230609793297,0.5938233088563863,0.01915363016428335
0.6222529463524751,0.37364988729009996,0.004097166357425519
0.8741248097462386,0.12077974913141339,0.005095441122350553
0.6221613575707755,0.37202999568482886,0.005808646744395995
0.37899080963268783,0.6079689966672897,0.013040193700022145
0.7053246385347346,0.28596141568725614,0.008713945778009376
0.4370678918078739,0.5475041198202172,0.015427988371908953
0.8896850445863363,0.10707158960425156,0.0032433658094150296
0.31294025647081836,0.6682278045378123,0.018831938991368608
0.7032498414143409,0.28205145419906996,0.014698704386585512
0.6597867740204255,0.32852615595933216,0.011687070020241075
0.9353140124755267,0.0612408961318755,0.00344509139259868
0.5476361223093272,0.44150273707490406,0.010861140615768225
0.6916215744622831,0.3019229216003156,0.006455503937401518
0.5297111417784724,0.4460232783349988,0.024265579886529495
0.5235658090261436,0.466167015106972,0.010267175866885
0.326201625561438,0.6484622928569619,0.025336081581599404
0.5337944149668757,0.46294510573453634,0.0032604792985903145
0.33072178441218536,0.6166260895213542,0.052652126066459796
0.3399056453381609,0.6291762473686257,0.030918107293212222
0.7748003609091014,0.22217534480226658,0.0030242942886319186
0.5550991712586261,0.43514954405610784,0.009751284685265139
0.5164153067028558,0.4540538033324273,0.02953088996471839
0.5294929811825009,0.45208148432283474,0.01842553449466479
0.504655105256384,0.4885079898160404,0.006836904927576143
0.8930947303480263,0.101514310407172,0.005390959244802494
0.8050157064580201,0.19124290520966694,0.0037413883323148323
0.6575340528858911,0.33246112615244944,0.010004820961660697
0.9025832610196802,0.0956884225589023,0.0017283164214180386
0.5018392435640358,0.49029095746897394,0.007869798966991663
0.3652672904717975,0.6199042981721026,0.014828411356102413
0.4688950832170873,0.515848726848427,0.015256189934484316
0.5324387873936725,0.45478009691447113,0.012781115691855725
0.3593047965320145,0.6163364226006816,0.024358780867301855
0.28640783729498986,0.6891780345549541,0.024414128150057102
0.5423972225406607,0.4485779420181221,0.009024835441217603
0.7106204326491838,0.2796961911774947,0.009683376173321614
0.5925420591452044,0.3979574128357388,0.009500528019058343
0.39943036829597456,0.5763400546193025,0.02422957708472313
0.449746558960216,0.5308663864344849,0.019387054605300845
0.5375731459534119,0.44276416648765976,0.019662687558929803
0.17807532675658816,0.8047014818710544,0.017223191372355364
0.30936822527698865,0.6719072090473369,0.01872456567567512
0.5295715181585797,0.46479292959824037,0.005635552243181634
0.7594496741460894,0.23486130486783285,0.0056890209860772445
0.36971571856439606,0.6155707829209733,0.014713498514633008
0.8190101619134261,0.17476899436096674,0.006220843725608545
0.6017746303386846,0.38745140857690197,0.010773961084411785
0.49374292774293527,0.4984988898561796,0.00775818240088585
0.34671381571122667,0.6349317926201132,0.018354391668659497
0.29035734116979306,0.7007138711834094,0.008928787646798114
0.46626428882986565,0.5265359630862749,0.007199748083858328
0.46964908738208616,0.5223563821995609,0.00799453041835202
0.4353832355768955,0.5486369873108364,0.01597977711226975
0.15044714374855403,0.8349124888697674,0.014640367381677245
0.4190614375759932,0.5684155225821602,0.01252303984184751
0.6234801645959023,0.34076484893616904,0.03575498646792999
0.2906747833958332,0.7025083927137162,0.006816823890449709
0.26446125656220437,0.7099432197055925,0.02559552373220276
0.7643509194197505,0.22906412699076953,0.0065849535894819365
0.6251338320723627,0.3652819804517908,0.009584187475842889
0.18298561812575465,0.7879488997706365,0.02906548210360901
0.43014664601772745,0.5601780726328955,0.00967528134937644
0.40458188165510606,0.5834386070458604,0.011979511299034958
0.6185525131280644,0.37580722967975916,0.00564025719217705
0.34738286856380446,0.6378605534037328,0.014756578032461488
0.647868161842111,0.3449485690415271,0.007183269116361439
0.28638433890157233,0.7014535056629728,0.012162155435455135
0.5951421895497265,0.3985340890578804,0.006323721392394541
0.6378836386682901,0.35404547986074564,0.008070881470964778
0.881388623896561,0.11517566420016152,0.003435711903275765
0.5757342740050206,0.416167703037236,0.00809802295774366
0.3089090664764406,0.6826285930940584,0.008462340429498753
0.6052988015143211,0.38177851672459223,0.01292268176108639
0.9359235725187519,0.05807157463326819,0.006004852847981543
0.5744147721061528,0.4160409558975189,0.009544271996327484
0.3406151685142343,0.6474837941294921,0.011901037356273049
0.20989751920768307,0.7699927646690395,0.020109716123274293
0.4567406259627796,0.5254243630379495,0.01783501099927216
0.6746890512489097,0.3115244323379066,0.01378651641318596
0.6844833871489088,0.3116440899323719,0.0038725229187187367
0.7618613297117778,0.2332817268680029,0.004856943420220916
0.7707095952272492,0.227030305666436,0.002260099106314209
0.8064399844105467,0.1895695569721065,0.003990458617347305
0.9108603816514926,0.08195190949255715,0.00718770885595192
0.33608876369690144,0.6593445133596492,0.004566722943448296
0.5012755339972059,0.481169165808421,0.01755530019437472
0.6508875977810028,0.34130976384880396,0.007802638370196208
0.7490989985010089,0.2402442825683465,0.010656718930647527
0.8315743459945012,0.1648735269052317,0.0035521271002687885
0.7786651789116009,0.21820773956306466,0.0031270815253339715
0.38427610784742794,0.5953976493729219,0.02032624277964991
0.7726101892073469,0.22163045216689178,0.005759358625760145
0.21610082417337254,0.7543897931315907,0.02950938269503726
0.4235251988663326,0.5397689392713735,0.036705861862292695
0.9047819528937785,0.09285035317852945,0.002367693927692028
0.7857623370779693,0.21254552610028543,0.0016921368217464694
0.4092177745937203,0.5601889026324112,0.030593322773868437
0.7095093125045517,0.289865524240591,0.0006251632548592785
0.6450682634178821,0.34433472428354256,0.01059701229857103
0.8814597716917631,0.11436179870737664,0.004178429600862507
0.5765805397685352,0.40232213439433556,0.02109732583712819
0.7993060411094405,0.19739953036350108,0.00329442852705766
0.38900114245015877,0.5762783053807417,0.034720552169100534
0.46295987053609244,0.5244836744145241,0.012556455049384446
0.730455226956136,0.18928999314065925,0.08025477990320595
0.9194982946244883,0.07870294086519043,0.0017987645103199274
0.2455918741653369,0.6830493196107509,0.07135880622391311
0.6982236996789888,0.2947691497149578,0.007007150606052671
0.6230503508630177,0.369179288788811,0.007770360348168183
0.5839764333292707,0.3996546111853593,0.01636895548537047
0.5444983093034542,0.44420905054859194,0.01129264014795175
0.45275574734288204,0.5321728165080374,0.015071436149081392
0.6445907093531111,0.34511122060817695,0.010298070038711981
0.639079419922098,0.35392940424095326,0.006991175836950296
0.5298379805490587,0.4457049601396724,0.024457059311269114
0.5902558915120132,0.4014904444993794,0.008253663988607081
0.5479359904349357,0.43802591006708214,0.014038099497980464
0.357706688315481,0.6290317590940177,0.013261552590501876
0.7665338467641882,0.22509001406034074,0.008376139175468278
0.5145435985998493,0.4693387982190676,0.016117603181081856
0.3949490595506354,0.591357877907952,0.013693062541415026
0.7773821462638278,0.22090904493932098,0.0017088087968497256
0.5045076900672845,0.4735423687865249,0.021949941146190907
0.4792880973600704,0.5153056089423934,0.005406293697536785
0.40563435831264427,0.5759643115144042,0.01840133017295134
0.6552701485644302,0.3302962677529652,0.01443358368260478
0.8269883934598313,0.16481799780845516,0.00819360873171098
0.601243177207324,0.3977159165210754,0.0010409062716009076
0.831067709977562,0.1640076112652377,0.004924678757200142
0.7756567394788635,0.21783107238439936,0.006512188136740536
0.35023725216787216,0.6362609503136681,0.013501797518458284
0.48134723760305587,0.5086227612978832,0.010030001099063168
0.5561164234874231,0.43990954868876564,0.0039740278238113705
0.5839561547063399,0.40362579433330825,0.012418050960352228
0.6409771509770678,0.35335144153727305,0.005671407485657697
0.27879844666160347,0.696123662114172,0.02507789122422342
0.7209110596371718,0.27131457147637794,0.007774368886449447
0.3206734471013776,0.6659127734996001,0.013413779399020394
0.7129435152830269,0.27228017375792585,0.01477631095904648
0.5814611013940758,0.39726019057920264,0.021278708026722132
0.6560975875718367,0.3304414242408916,0.013460988187271844
0.6036151228033899,0.3872321777432347,0.009152699453374512
0.5507621170487321,0.43669376962205225,0.012544113329216998
0.35598392576669863,0.6350437636953244,0.008972310537975607
0.7239856142427865,0.26537624078123373,0.010638144975981706
0.612880590361678,0.3732903798557635,0.013829029782558245
0.42480515887236026,0.5560595693509133,0.01913527177672761
0.6447277465378688,0.3416936400631776,0.013578613398953814
0.5826251098813754,0.39953090777452127,0.017843982344102824
0.7234723577519123,0.2738307314671288,0.002696910780959555
0.4801082287987276,0.5017838840976847,0.018107887103585893
0.3619865566864719,0.6085780089727205,0.029435434340806862
0.6399728120927535,0.345344812160646,0.014682375746601667
0.2852287963432905,0.6790523184212455,0.03571888523546334
0.5182508688241435,0.47230070973998917,0.00944842143586659
0.5338416259551167,0.4565902438402807,0.009568130204603334
0.5153386516764539,0.47812150193763714,0.006539846385908231
0.4013029457694797,0.5643168655099281,0.03438018872059278
0.536910677649888,0.4288689775351816,0.034220344814930186
0.7937617665608265,0.19710546346621038,0.009132769972963419
0.2912550723207099,0.6926389250857184,0.01610600259357101
0.3600204858681764,0.6327673365819795,0.0072121775498446925
0.6917285917960638,0.30267649342848474,0.0055949147754505504
0.7556829156332183,0.23642099530040286,0.00789608906637877
0.5089981543879711,0.465711794971718,0.025290050640308828
0.801278430726345,0.19618457396095657,0.0025369953126988106
0.8422431590800175,0.15195963892616812,0.0057972019938128715
0.6148320053352825,0.37643054386579855,0.008737450798919024
0.613487490998176,0.3780940901188106,0.008418418883012936
0.7601289117327501,0.23689580781534644,0.002975280451902578
0.5798046396922674,0.41840473593071376,0.0017906243770205272
0.7678399287774065,0.21980860841988598,0.012351462802708588
0.5093636358315731,0.478209863522975,0.012426500645452145
0.3120840228693814,0.6807021322944005,0.007213844836217368
0.5702227432111023,0.4154336853454472,0.014343571443451317
0.6370914854410737,0.3530560194292311,0.00985249512969507
0.6506566675486398,0.34618111989652395,0.003162212554833079
0.4546315832831937,0.5136465288351889,0.03172188788161659
0.407480043212924,0.5751030319098404,0.017416924877232884
0.3293944653479225,0.6648031179003503,0.00580241675172828
0.3967219988113515,0.5878203128844233,0.015457688304224103
0.48966189768237106,0.4952831406185352,0.015054961699093481
0.48819422067110024,0.5082376930018768,0.0035680863270250657
0.6052683743714382,0.3887253799921895,0.006006245636372391
0.37081101245168574,0.6178361034602352,0.01135288408807883
0.20259519209317822,0.7762543462073138,0.021150461699509657
0.5792340899636848,0.4089697518673287,0.011796158168988003
0.4797839269073305,0.5159198871363404,0.004296185956329496
0.8685748412218328,0.12968033551860456,0.0017448232595636266
0.8398221280399554,0.15486884445209506,0.005309027507948147
0.7343419520182275,0.26064445338400744,0.005013594597764832
0.8213697736049452,0.1740948531253339,0.004535373269720869
0.4046894846458452,0.5770028970773292,0.01830761827682556
0.8590809296810913,0.13705427478136328,0.0038647955375447638
0.20216096236537812,0.748783580203085,0.04905545743153588
0.31574004329052213,0.6809579034969011,0.0033020532125776977
0.33941479535637026,0.6414297150973854,0.01915548954624428
0.4046388401531807,0.5885983817081099,0.006762778138710712
0.4718277822520008,0.5241132240365601,0.004058993711439167
0.6577864855942533,0.33827186364983086,0.003941650755917016
0.39549913629260636,0.5993417497275446,0.005159113979850708
0.6554652302062872,0.3245655773293338,0.019969192464377963
0.7103171474270902,0.28178805614930186,0.007894796423609454
0.6723350768710082,0.32098167859199755,0.006683244536993739
0.5493438276183479,0.42812413805214083,0.02253203432951054
0.7826638833176042,0.21148338029581645,0.005852736386579043
0.38122404488769424,0.6163626611840303,0.0024132939282758207
0.39043388273148816,0.5970030737291361,0.012563043539378163
0.4778940885737834,0.5136408488967719,0.008465062529445422
0.44783060288200893,0.5419206558369085,0.01024874128108092
0.29737938314563106,0.6829320050501103,0.019688611804258464
0.44577040888198305,0.5189662061650203,0.03526338495299624
0.33719510475019293,0.6471078658359912,0.015697029413814564
0.2801015380285538,0.7102914734557989,0.009606988515646541
0.45692678091625677,0.5160099913657963,0.027063227717946052
0.6118588444340204,0.3773846390796579,0.010756516486322544
0.8213570278074908,0.16530071527881968,0.013342256913690217
0.8606380340319282,0.13763558053043612,0.0017263854376348838
0.4983865587989435,0.4883631466051211,0.013250294595937871
0.6559445420402379,0.3243558044438037,0.01969965351595542
0.5407039206050733,0.44401624245365856,0.015279836941266497
0.6417864889864845,0.3329537975484722,0.02525971346504636
0.720580935664727,0.26776907296336605,0.011649991371906795
0.49442789562737177,0.482709199343802,0.02286290502882607
0.25804700703867356,0.6905847027246468,0.05136829023667968
0.43926757252925247,0.557966817671213,0.0027656097995352306
0.37365452575871,0.6240160367087271,0.002329437532563134
0.2190984769874508,0.7183093630292186,0.06259215998333005
0.5140737233544537,0.44872366323627744,0.03720261340926725
0.4864478543463435,0.5077390538675014,0.005813091786153816
0.48590265182017117,0.4965484959571068,0.017548852222720197
0.4932574350073323,0.4951000489400388,0.011642516052630716
0.7115001782279771,0.28246539481659483,0.006034426955428057
0.5862816210452951,0.380856197727518,0.032862181227185955
0.2820136749853673,0.6954030317307079,0.022583293283924746
0.5787169107665385,0.4185479532228307,0.002735136010632468
0.45879523976674225,0.5208215237466834,0.020383236486573426
0.3709267629809957,0.6214185801423355,0.007654656876669129
0.8820380077167751,0.11484270250199989,0.003119289781224903
0.2338270503057688,0.7537057114756275,0.012467238218604064
0.47903828493864403,0.5029398143003032,0.018021900761051576
0.8794905376989983,0.11846667516468962,0.0020427871363105517
0.4916565334101144,0.4949020895159396,0.013441377073946815
0.44901060587962194,0.5441325924227247,0.0068568016976533865
0.6556889530237493,0.32944872602815933,0.014862320948092238
0.46640315592105547,0.5294908311345057,0.004106012944440024
0.6433127909326017,0.3474054545409338,0.009281754526461863
0.4349860826057587,0.5510109452251748,0.014002972169066964
0.5044992660154323,0.4444267486301525,0.05107398535441503
0.43708878220622943,0.5463122940471256,0.01659892374664505
0.5445404971130564,0.44763404056519657,0.007825462321747932
0.4902454710008133,0.5026962930115848,0.007058235987601894
0.29582974815289886,0.689423025346207,0.014747226500894864
0.30736967747733807,0.6744336645077093,0.01819665801495262
0.44390483637494377,0.511840028178169,0.044255135446888916
0.5843330375106383,0.39816351966724894,0.017503442822112886
0.7355099809706791,0.26094797240787543,0.0035420466214460683
0.3303770826289379,0.6491463830042711,0.020476534366789274
0.3787592758896195,0.6027385464436631,0.01850217766671941
0.4852552166359679,0.4997106855625901,0.015034097801441219
0.21163190923034747,0.7418345932301238,0.0465334975395276
0.38320178350315365,0.5977533753598641,0.019044841136981957
0.22167436177049415,0.7546616241835328,0.023664014045975786
0.5590370557974155,0.42077305457591857,0.020189889626668168
0.5379038584788376,0.439529722762777,0.022566418758382337
0.3904996611666867,0.5958697917637676,0.013630547069544889
0.31773752282921774,0.6626959791213657,0.019566498049414814
0.2652449257107042,0.7208940827517283,0.01386099153756877
0.44819836946481784,0.5459032478572885,0.005898382677892954
0.4304217360237345,0.5548405156400164,0.01473774833624986
0.23657751883497413,0.7526924404040947,0.01073004076092972
0.491370685553772,0.4944902466021159,0.014139067844113071
0.7593486256729336,0.22812720103967762,0.012524173287387029
0.7067955374565882,0.27897236314878204,0.01423209939462854
0.33779226404540286,0.6318642801560682,0.030343455798527694
0.2780781709223481,0.6920913029372048,0.029830526140446987
0.4190046547466872,0.5427595273942912,0.03823581785902271
0.8053325456801482,0.18799705050271168,0.006670403817143151
0.6951870831832019,0.29005738882181653,0.014755527994981279
0.885215352718845,0.11182988460849143,0.0029547626726617307
0.4042783580920187,0.5898348032315702,0.005886838676410132
0.3024455477649408,0.6915505813896429,0.006003870845415437
0.47680127284541846,0.5042829331006434,0.01891579405393891
0.7265438659109588,0.26724785747719076,0.006208276611850749
0.4616502730987526,0.5309581258498232,0.007391601051425988
0.5792414818218369,0.3949908985345394,0.025767619643625856
0.5073403052394828,0.4853058696680948,0.007353825092420403
0.46709554532068487,0.5301058867309336,0.0027985679483816805
0.28960132676618033,0.6940693174474467,0.016329355786372627
0.5119901720895257,0.465757542898748,0.02225228501172678
0.5156681603736916,0.46128462693688943,0.023047212689419047
0.8310668982771239,0.16782597336636967,0.001107128356506837
0.47811800070949817,0.5164621271936156,0.0054198720968873125
0.5759423952248994,0.41983399767744956,0.004223607097651158
0.44830697788581186,0.5394238661147148,0.01226915599947393
0.6531897677253172,0.33038913636114514,0.016421095913536472
0.6553634658594869,0.3206676307794813,0.02396890336103155
0.551350666274307,0.43100907016702183,0.017640263558671005
0.6646363062671397,0.3292825123646518,0.006081181368209908
0.24478726315679988,0.7152996035538707,0.03991313328933059
0.3370562866178564,0.6589025379776999,0.004041175404444439
0.4899636028243219,0.4976309334693762,0.01240546370630129
0.5782502599256857,0.4194852353833782,0.002264504690935657
0.5238122636149191,0.4697876892910244,0.006400047094058779
0.5163949629084631,0.4636522315443541,0.019952805547182935
0.8578464834150179,0.13596863976135173,0.006184876823632981
0.6446338077004344,0.33924377678619166,0.016122415513374237
0.710737724729604,0.2791662009004548,0.010096074369941524
0.8032448586421853,0.19352767579745425,0.0032274655603621296
0.22887006725146117,0.7461644428520503,0.02496548989649022
0.34416518013728764,0.6382417845623152,0.017593035300396385
0.4443851588504993,0.5442792806891635,0.011335560460337242
0.8888549125401708,0.10803103585397057,0.0031140516058605714
0.3234599360693291,0.6720970839205438,0.004442980010125635
0.42632601752264365,0.5621379049653857,0.011536077511970324
0.3045059757980657,0.6748367766204758,0.020657247581458902
0.29546563485500815,0.6626906979118765,0.04184366723311592
0.7204550765872872,0.27321606129147824,0.006328862121233151
0.5026417138128791,0.4672150649330674,0.030143221254053686
0.2821487549303583,0.70642773300793,0.011423512061709305
0.6254514122136198,0.3662508537068209,0.008297734079559839
0.825281675307586,0.16925877977920387,0.005459544913210734
0.5523740919340183,0.43178346710094234,0.015842440965039818
0.19940382435921924,0.7910816949300199,0.009514480710759226
0.5401335859188188,0.43729616443178915,0.02257024964939229
0.9308902931172982,0.06805751513379003,0.0010521917489109346
0.45263918372107803,0.5274890689779187,0.019871747301001136
0.4737722746987918,0.5122678315058627,0.013959893795344928
0.29497379817003266,0.6093370978165734,0.09568910401339392
0.4793559039829447,0.4958864375872998,0.02475765842975694
0.866185609990162,0.12805918922501452,0.005755200784823123
0.4116262945908741,0.5829897466350095,0.005383958774114714
0.6072333060197406,0.38110950475261063,0.011657189227646745
0.6577078481560722,0.32816697828635427,0.014125173557573015
0.48708868281693235,0.48682223141135206,0.026089085771716945
0.6650680392705436,0.31075358700089784,0.02417837372855851
0.5162456663823412,0.47826753726229354,0.005486796355363358
0.2297023791971723,0.6978562905792173,0.07244133022361045
0.37849101876974434,0.6067387542782999,0.014770226951954717
0.2623901916733666,0.6867366413240984,0.05087316700253289
0.4588703755920677,0.5002648087414343,0.040864815666497634
0.5260656161830427,0.45616339134737643,0.017770992469581137
0.6316066356391665,0.36160369234898476,0.006789672011851257
0.5143831313291823,0.4808120931495332,0.004804775521282376
0.26363415306399923,0.7265819226207554,0.009783924315244094
0.8636953419353984,0.1263528155231082,0.009951842541492216
0.4812050325128054,0.5102256603640717,0.008569307123121699
0.37450894995982126,0.6132600897135209,0.012230960326658973
0.38875256015301546,0.6032453737126922,0.008002066134292513
0.4339134983127711,0.5441534650732783,0.021933036613949543
0.424694354992,0.5657717363093654,0.009533908698635395
0.27795421785230295,0.692649262747565,0.029396519400131823
0.26577931006925193,0.7100725772234666,0.024148112707281462
0.8852827105514135,0.10937700987293934,0.0053402795756486154
0.23121669127910652,0.724253903407155,0.04452940531373823
0.6156938279823547,0.3728360321867274,0.011470139830917256
0.2864864310335953,0.7018471395518953,0.011666429414509735
0.6809083895165029,0.3078306565015889,0.011260953981908866
0.7683948103169027,0.22611072222630432,0.005494467456791507
0.6542256069850637,0.3419351514607667,0.0038392415541681903
0.6156852809399957,0.3794317368671579,0.004882982192844686
0.8534503439867618,0.14323063973805,0.003319016275188601
0.4065325960467419,0.573447155482206,0.020020248471049336
0.4224377743939123,0.5713870474325403,0.006175178173549376
0.563336706675303,0.42981055632961174,0.006852736995085832
0.3619225338787495,0.6314692091069515,0.006608257014298637
0.6929859851328644,0.2980084067062135,0.00900560816092319
0.3554951855030182,0.5887331305941187,0.055771683902864
0.6182763371466168,0.37389311072926945,0.007830552124114229
0.8067807375899768,0.1900808728164709,0.0031383895935501657
0.6750268966104691,0.3089048301392857,0.016068273250244312
0.5548690648658317,0.4362536468318735,0.008877288302293007
0.8527619915142443,0.1415245251636691,0.0057134833220884905
0.2622600347477009,0.6957093911541283,0.042030574098170376
0.6704784129136045,0.31717493186309753,0.012346655223297358
0.6496260696087475,0.33807469978850285,0.012299230602750235
0.20284839974811303,0.7762284183556549,0.020923181896234353
0.38235253375935746,0.6089816981342726,0.008665768106369254
0.5015742574667732,0.48585605292862727,0.012569689604600351
0.6287227484266242,0.3660950816610452,0.005182169912331213
0.6907472719900719,0.30474838716681824,0.004504340843109219
0.761446017553355,0.23125764924571474,0.00729633320093142
0.7158737639841719,0.273827688040361,0.010298547975466178
0.6357906551786309,0.3463186499485374,0.01789069487283098
0.8370070942225397,0.1525487588432839,0.010444146934176638
0.7863320549413614,0.20390070467578603,0.009767240382853957
0.358283973015714,0.6212916181817607,0.020424408802525364
0.35148342181738335,0.642214329628114,0.0063022485545023745
0.34901956630434444,0.5850955695283324,0.06588486416732413
0.2665792262931689,0.7205384459891864,0.012882327717645211
0.6548326670566662,0.3415037570952068,0.003663575848127288
0.4307327064710181,0.5579808867500409,0.011286406778943556
0.6314243603613652,0.36418328755554374,0.00439235208309303
0.6690253735294397,0.28801549436324675,0.042959132107313405
0.2593621002909356,0.7233398937805997,0.017298005928463065
0.8035998614482766,0.194194096920819,0.0022060416309061643
0.29938826700819426,0.6789952370613666,0.021616495930439728
0.37968852571467937,0.6125167264954344,0.0077947477898845175
0.5283449244529121,0.4623120580486262,0.009343017498461214
0.6138620860763448,0.37646552599517347,0.009672387928476411
0.6694369521777711,0.3102117967683235,0.02035125105390444
0.6386394797472558,0.3487810936500177,0.012579426602727517
0.8035223948172564,0.18886316044403134,0.00761444473871039
0.3917255249709375,0.5988506836148477,0.009423791414214148
0.47842752770490465,0.49998271930113597,0.0215897529939598
0.6172739521366435,0.37754133172689947,0.005184716136456963
0.40278254715756356,0.5776460282339002,0.01957142460853706
0.826145406361775,0.16187889603700725,0.011975697601215484
0.4208588018447554,0.5510269466162463,0.02811425153899711
0.3575732099251912,0.6102714487059399,0.03215534136886807
0.44584852486325577,0.542065045715494,0.012086429421250235
0.5113049103959811,0.47790792989584063,0.010787159708179598
0.2617521038734016,0.7189720984363017,0.019275797690297324
0.4637296307295507,0.503530966210408,0.032739403060041083
0.30360523444658793,0.6757318392447773,0.020662926308636014
0.8577632522528295,0.13935649707687106,0.002880250670299112
0.18327041267778493,0.7701648518167763,0.04656473550543839
0.5278557956763505,0.4590623877199376,0.01308181660371163
0.4887844388752515,0.49664743268289,0.014568128441858867
0.6909226841036311,0.2967462330370737,0.012331082859295715
0.8837672702064092,0.11315225420414239,0.0030804755894469236
0.43731726508734264,0.5498260817928597,0.012856653119798485
0.295938632099113,0.6838222096780615,0.020239158222824613
0.5942761908176462,0.37390076653246807,0.03182304264988666
0.2856303214908751,0.6849133604964167,0.029456318012708652
0.9707539733364978,0.027428082817965032,0.0018179438455359466
0.2233656398557712,0.7685147753177984,0.008119584826430524
0.24361426146081755,0.7499575108644061,0.006428227674775686
0.5025083626659995,0.47583258558034014,0.021659051753659554
0.33809575911505924,0.6597037323474332,0.0022005085375080237
0.7177334128355608,0.2669222574336425,0.015344329730796788
0.7002522003258541,0.29565793881458075,0.004089860859566153
0.2769549961073957,0.6951382818443523,0.02790672204825278
0.3352986203429672,0.6369378443575001,0.027763535299532665
0.7147468534828988,0.2695070771695349,0.015746069347565166
0.8221469867270843,0.1696085625344691,0.008244450738445869
0.7317660741188295,0.2573805100177151,0.01085341586345671
0.7019995173493025,0.28573021880951077,0.01227026384118526
0.7428798259510222,0.2482040175625601,0.008916156486418305
0.6056704418471005,0.3764648248540728,0.0178647332988281
0.7376604253521201,0.2497715198440318,0.012568054803848854
0.18995523744272627,0.7962363472784344,0.013808415278839277
0.49886420516643465,0.4990749605974435,0.0020608342361235032
0.30164805617244217,0.6824883066584634,0.015863637169096643
0.3350108268237059,0.65083366619633,0.014155506979962897
0.37484113650360285,0.5713422816844803,0.05381658181191756
0.6271201627757941,0.36215038600965405,0.010729451214552349
0.7605711786549552,0.22817375563933312,0.011255065705711751
0.6242150651477022,0.3600750172552092,0.015709917597089975
0.5571118785839091,0.4367441143651575,0.006144007050934253
0.6441136385495201,0.34640039912736414,0.009485962323115195
0.8221764282181073,0.17460661209209424,0.003216959689797166
0.7233698885143923,0.27067913795246884,0.005950973533138382
0.7611917796686728,0.22815861888484587,0.010649601446481752
0.8856072432351465,0.11325070294852412,0.0011420538163302066
0.3096392730835052,0.663000115197547,0.027360611718945774
0.8790426374191695,0.11635387776009384,0.0046034848207373484
0.6897497493305863,0.30351874480973456,0.0067315058596785545
0.4572770215754771,0.5229756761343016,0.019747302290219804
0.22665049404300927,0.7627971643185145,0.010552341638475852
0.3040293946549761,0.6869139330170624,0.009056672327961528
0.6544632376491444,0.33859619527770873,0.00694056707314842
0.8280194324398544,0.16390601378303477,0.008074553777110562
0.39506934205728655,0.594517453702604,0.010413204240109776
0.6697897983657123,0.32402225509052335,0.006187946543765881
0.6821690572802493,0.31063190667181945,0.007199036047929345
0.4066686325212535,0.5562763171419461,0.03705505033680062
0.5585618523987457,0.43989529365224006,0.001542853949015117
0.7817175491575556,0.21197601305776834,0.006306437784675498
0.5036631453539587,0.49280115841532457,0.0035356962307170345
0.39800836443358684,0.5923432355899402,0.009648399976471449
0.43660809604105344,0.5266366188773781,0.03675528508156831
0.5619151212517077,0.4231673000619182,0.014917578686373048
0.277891447232121,0.7161860714984095,0.005922481269470239
0.5045076900672845,0.4735423687865249,0.021949941146190907
0.5750852469750536,0.40385109982630957,0.02106365319863793
0.178138350049259,0.799614922026785,0.02224672792395671
0.3448583103599825,0.5895590736349361,0.06558261600508204
0.2764228454747173,0.6925164897946008,0.03106066473068241
0.7223995577506866,0.2708309096033782,0.006769532645932418
0.740984584875859,0.23942550374962773,0.019589911374511205
0.6555567435577827,0.33416507883770386,0.010278177604513264
0.6631038560478706,0.32843394868605824,0.008462195266073362
0.5113211095476833,0.47980481200354086,0.008874078448776593
0.40736987638344035,0.590550701983051,0.00207942163350845
0.5181355987825756,0.4762948369529047,0.0055695642645189995
0.5997634646539504,0.38043462553905366,0.01980190980699511
0.4406621810758953,0.5517303030632245,0.0076075158608817405
0.6719190756154927,0.32333954397739334,0.004741380407114218
0.4759011522225026,0.5045953889410211,0.019503458836479096
0.17783477826969518,0.8048100294531868,0.017355192277118372
0.5909729610770011,0.3921551454396127,0.016871893483385473
0.4119940404804447,0.562976876512313,0.025029083007242523
0.7546534284595412,0.227725851380644,0.017620720159816593
0.4138006530909215,0.5819927901848216,0.004206556724257098
0.3106074013156775,0.6821767625343428,0.007215836149981162
0.3787501402322347,0.6084461995358164,0.01280366023195054
0.464218829201693,0.5210847481239773,0.014696422674329574
0.5042695014412139,0.48851698987030384,0.007213508688483777
0.38671274641871206,0.5964277148836925,0.016859538697596065
0.6603988801173923,0.33570575758008403,0.0038953623025250413
0.7938485627013533,0.20274760166733896,0.003403835631306572
0.2897360632623794,0.6771420743172597,0.0331218624203606
0.5382182834067191,0.4452639017547844,0.016517814838496073
0.22831928503895035,0.7619100281959472,0.009770686765101391
0.5843158112963415,0.40537208746967085,0.010312101233987382
0.532919539816521,0.4542265708908492,0.01285388929262957
0.7571159392339349,0.23730538467300918,0.005578676093053993
0.6972825446649866,0.29869397484895444,0.004023480486059537
0.8310522912682599,0.16564493523957044,0.0033027734921695587
0.5675461821647868,0.4291761135352758,0.0032777042999359973
0.5292717309854449,0.46518388113501374,0.005544387879542023
0.459660500335217,0.5265075134535587,0.01383198621122251
0.38099281441124255,0.5939537195942668,0.025053465994491982
0.7172135186210874,0.27409953551541133,0.008686945863499567
0.7879661044183262,0.20774786867977899,0.004286026901895518
0.32775194841863226,0.6611724337820604,0.01107561779930778
0.6846493420835242,0.3063943208834323,0.008956337033040815
0.2433525347575027,0.7238700113964517,0.03277745384604605
0.18562249236032138,0.7911723125680904,0.02320519507158835
0.3922072426750304,0.5979042267971555,0.009888530527815695
0.6519453455720282,0.3413473810740775,0.006707273353894925
0.5259845619295989,0.46333145045308505,0.010683987617316199
0.7280652952632264,0.2668733136069803,0.005061391129793353
0.6109910762896696,0.3767436741895027,0.01226524952082852
0.20804905977612104,0.7753794422925353,0.016571497931345682
0.901463721192533,0.09549081646438583,0.0030454623430836215
0.6984315952961316,0.29469925767935284,0.00686914702451402
0.4628498543519992,0.5338609650105229,0.003289180637478439
0.40510078490867024,0.5846156109517159,0.01028360413961409
0.32166192475085115,0.6708927190156437,0.007445356233504848
0.21662847416321487,0.7587748398703734,0.024596685966411
0.36736204977045617,0.6088823879568583,0.023755562272684678
0.36195558581738185,0.6180925207661503,0.019951893416469232
0.30377655918807406,0.6722247633102756,0.023998677501649544
0.387641704009568,0.5998614168184144,0.01249687917201957
0.5106173293964813,0.4801967287553197,0.009185941848199078
0.5174297961279386,0.4594830339760989,0.023087169895962163
0.4398785605324857,0.5425537372520498,0.01756770221546357
0.48864084341307834,0.4928920295176521,0.01846712706926924
0.35458919731650046,0.6335761308751394,0.011834671808360162
0.7245255730556256,0.26988888602359784,0.005585540920777502
0.9680910758793669,0.030739722801377486,0.0011692013192563264
0.7030725847132434,0.28893963453167315,0.007987780755084136
0.6305502411033466,0.3664296416826199,0.003020117214034086
0.4706019436300462,0.5160590566940232,0.01333899967593082
0.36499115743836946,0.6236420195372085,0.011366823024423833
0.5553023553252622,0.4270300698645776,0.01766757481015929
0.5242747952885213,0.4674850912324192,0.0082401134790599
0.4787307095553036,0.5130954647820399,0.008173825662654262
0.666038005671188,0.3273521423150074,0.006609852013805411
0.4166395957257761,0.5735624924063984,0.009797911867826352
0.30485871290859157,0.688712081727016,0.0064292053643939615
0.859415513993663,0.1367554581432973,0.0038290278630365962
0.5816594214441363,0.41096654386231984,0.00737403469354466
0.897750952925346,0.09679523405818315,0.005453813016470641
0.6851277736482076,0.3077794157031037,0.0070928106486896104
0.5757673204091903,0.41999597606196276,0.004236703528846715
0.5678934537950066,0.4223441118271216,0.009762434377872043
0.6833633294465907,0.30788054460634756,0.008756125947061745
0.6358560971217153,0.3535089569203879,0.010634945957894543
0.6393177174713055,0.33683321829212237,0.02384906423657103
0.4010670121512319,0.5917026807490452,0.00723030709972217
0.4648484242284856,0.5255677078258236,0.009583867945691249
0.5534199632008365,0.4246407532826928,0.021939283516469725
0.43357574429094353,0.5597678184485682,0.006656437260487671
0.4719646988883218,0.514459182551938,0.013576118559743177
0.7477408398482993,0.2487281900173216,0.0035309701343796745
0.3583512638750451,0.6317543473054958,0.009894388819459005
0.661786293363008,0.33196092147688827,0.006252785160105122
0.5900576986737296,0.40234349759594656,0.007598803730325196
0.5440582592789842,0.4443558049783561,0.011585935742658116
0.26838418369138806,0.7117294587036939,0.019886357604917287
0.5691766683730795,0.42818956511929107,0.0026337665076282117
0.46383156984266166,0.5200557277499895,0.01611270240735061
0.4817256972590433,0.49985749693504444,0.018416805805912168
0.6238968861505596,0.37039396645514905,0.005709147394292586
0.6533256456548733,0.3268904002167885,0.019783954128337097
0.5968892908744655,0.38486334822047696,0.018247360905059143
0.5414141339247927,0.4428337773916612,0.015752088683545745
0.5820113616655384,0.4122215000084788,0.005767138325982139
0.8475870041084385,0.14455346401939298,0.007859531872170093
0.4264109635711952,0.5686330444671646,0.004955991961639249
0.31433609202387364,0.6498592155939706,0.03580469238215674
0.29659900689046675,0.6862572376367672,0.017143755472767547
0.6879067108797604,0.3055861967712118,0.006507092349030407
0.33553868965925693,0.6415255547334018,0.022935755607341034
0.4732799417741768,0.5236406265086376,0.003079431717187564
0.7316125673220545,0.25197331703399994,0.016414115643945293
0.4813750911765605,0.514421192324331,0.004203716499108069
0.47704030853646556,0.49770527344541166,0.02525441801811982
0.3198549723939418,0.6224619807291311,0.05768304687692771
0.5189721155081458,0.47371021002175334,0.007317674470100656
0.1365120303069398,0.8450512869679073,0.018436682725153298
0.6161541518606679,0.3658762014240121,0.017969646715318557
0.9098448828276585,0.08506900958144621,0.005086107590895244
0.6798234697817566,0.30814827554392193,0.012028254674321285
0.6141886043671322,0.3804009154247185,0.005410480208149507
0.527136805508562,0.44631548387582376,0.026547710615613087
0.4926260367776189,0.4925897213142094,0.014784241908170724
0.6603763921112356,0.33411981292583764,0.0055037949629263
0.21765820644251488,0.7787163199528353,0.0036254736046500645
0.680815721118795,0.30796053066745094,0.011223748213752249
0.578694405489038,0.4022184911018762,0.019087103409087067
0.7515537401373236,0.24454364051754576,0.003902619345130905
0.6564961833762534,0.33401042000284725,0.009493396620898303
0.5796012448039087,0.404392567376036,0.016006187820056753
0.6241675345788196,0.3636359769488508,0.012196488472328872
0.35461522988618877,0.5934311013081598,0.051953668805652095
0.4341413387533848,0.5497567355882939,0.016101925658322837
0.601461418003375,0.3864380798685509,0.012100502128073835
0.6076314457849269,0.38188722159430705,0.010481332620767787
0.6736445618823279,0.321446792235256,0.004908645882416815
0.7525474617375495,0.23525630502005782,0.012196233242393394
0.6852986943050904,0.30780003125340644,0.006901274441503369
0.43693248507909893,0.5446757322012049,0.018391782719697124
0.41269310713894164,0.583681221628535,0.0036256712325215567
0.21892756665166388,0.7746781448172216,0.0063942885311144195
0.4914335258493991,0.5054287148446829,0.0031377593059159063
0.6062772702162736,0.3850240388350494,0.008698690948677189
0.4857828171073988,0.500567214282912,0.013649968609688846
0.5752184459422552,0.3963700772731927,0.028411476784551255
0.3367019616212293,0.6522944613555797,0.011003577023188436
0.4094989350212361,0.5736038349913758,0.01689722998738961
0.695191855254632,0.2919343658536407,0.012873778891724433
0.6043381083730838,0.3575077328566913,0.038154158770227334
0.5437247531377389,0.4401931078285294,0.016082139033731624
0.840720764332186,0.1521210738446373,0.007158161823174071
0.30542174656342813,0.6931355433680754,0.0014427100684972962
0.37175522168990804,0.6092186567742863,0.0190261215358046
0.45496759622066585,0.5380552560281822,0.0069771477511519275
0.40332268769754037,0.5771700542301331,0.019507258072326797
0.5240351825890207,0.46494331293880065,0.011021504472177729
0.14801786168988842,0.827943770995994,0.02403836731412118
0.5051714835656185,0.4842793504419502,0.010549165992431104
0.6034964900866542,0.38790040918725777,0.008603100726088596
0.563477932599035,0.42860632019300393,0.007915747207961201
0.3841431399920016,0.6014445973970094,0.01441226261098648
0.8066701618620034,0.19015065678114998,0.003179181356847123
0.7543188447708061,0.24382896033425286,0.0018521948949423686
0.34259163249162594,0.6238353466179803,0.03357302089039461
0.6150312297680873,0.3810194356865888,0.003949334545324974
0.681686667822595,0.3088748993687948,0.00943843280860892
0.6922871853840148,0.30401326470674106,0.003699549909244865
0.2915719268552964,0.6919833444836461,0.01644472866105713
0.4941476227726196,0.48303289340727407,0.022819483820106713
0.36138203192029705,0.6273540956402693,0.011263872439433897
0.23654983028839494,0.7222746542224865,0.041175515489117645
0.4550877053493131,0.5407790466984345,0.0041332479522507674
0.27040988267371585,0.7105417844863317,0.019048332839954742
0.34237571773565734,0.6340185780680848,0.02360570419625834
0.7813705724339839,0.2033872993996599,0.015242128166356525
0.4184036185172685,0.5748413773285624,0.00675500415417115
0.47672845212603354,0.5195213902457713,0.0037501576281958834
0.5656639077421407,0.4265502398646546,0.007785852393204475
0.31534646931617233,0.6577780633730861,0.026875467310742918
0.5320926091153049,0.4529784449495968,0.014928945935100574
0.2931651838156494,0.6912845407732531,0.015550275411098328
0.705982694772526,0.28336472367655074,0.010652581550923145
0.6745266296641074,0.3158122533698272,0.009661116966065255
0.45617769224165655,0.5163829443266054,0.027439363431738965
0.4143153110333202,0.5320559076622,0.053628781304479636
0.5336902730936727,0.43772656978738644,0.028583157118943093
0.6034568584084674,0.38620106980564756,0.010342071785884133
0.9349217738089548,0.062134451972360165,0.0029437742186857892
0.9009900111639603,0.09557433696923248,0.003435651866807035
0.7554794786673257,0.23785344027484556,0.006667081057829398
0.39183084884580177,0.576971085398968,0.031198065755231617
0.8796592517986344,0.11828398119389497,0.002056767007468999
0.6434099449078579,0.33458396046415817,0.022006094627984564
0.2992828984933752,0.6714804029239905,0.02923669858263588
0.902968848849869,0.0947748981603549,0.002256252989776301
0.8580833750687822,0.13883650187017507,0.0030801230610431156
0.6811297895107159,0.3114028860514367,0.00746732443784579
0.6880271755434121,0.29840906410284856,0.01356376035374053
0.5157904716816343,0.4722734287911404,0.011936099527225337
0.43220340858426065,0.5462542351000604,0.021542356315679023
0.5503620506337679,0.43873414601558963,0.010903803350642725
0.5087242483766756,0.46248543995956504,0.028790311663757676
0.8406034409020627,0.1505261339826185,0.008870425115317274
0.7818897878629091,0.21445144884102788,0.003658763296062502
0.4215095262319395,0.5592103598744844,0.01928011389357612
0.8448001207402595,0.15339153834706626,0.001808340912672391
0.5687803425723843,0.42211283234976293,0.009106825077852211
0.4627798776796291,0.5128714719982151,0.024348650322157356
0.6445522102764402,0.3476817506263696,0.007766039097189022
0.7880922833583686,0.17707074582394067,0.03483697081768997
0.47660036368854325,0.48229563613403775,0.04110400017741943
0.2231683955285942,0.7442954378333315,0.03253616663807576
0.26353623671094334,0.7153384039439757,0.021125359345080322
0.5316631739465889,0.45748092461232753,0.010855901441082644
0.6729196012884031,0.31073182074738326,0.01634857796421589
0.39939590186210955,0.5753258780602543,0.02527822007763679
0.5561164234874231,0.43990954868876564,0.0039740278238113705
0.7338345065504439,0.2556010068130092,0.010564486636547637
0.8769363863308468,0.11936612898998822,0.0036974846791655775
0.41566233696828025,0.5783140953383564,0.006023567693363319
0.30094631174557496,0.6605247622653746,0.03852892598905086
0.7774907081257972,0.216651992993058,0.005857298881143434
0.48119436945840355,0.5124158585883263,0.006389771953269969
0.6701146973700974,0.3265685766482078,0.0033167259816946327
0.2918116350947212,0.6803986373289969,0.027789727576280714
0.4543178230648672,0.5374045949614453,0.00827758197368805
0.7281062039787509,0.26899256107521163,0.002901234946036334
0.415353904211392,0.5795513204420141,0.005094775346594057
0.5797171955956701,0.4097040136545574,0.010578790749774558
0.4573619284158933,0.5155140490465748,0.027124022537533116
0.36688734132777384,0.6252899839680591,0.00782267470416749
0.6533155862036228,0.33994476687229264,0.006739646924085541
0.2951386606455537,0.6909175129818063,0.013943826372640253
0.27595751673001234,0.7133203994807374,0.010722083789249166
0.5544998058462305,0.43678256466534954,0.008717629488419363
0.7671860464546779,0.22704013657334865,0.005773816971975738
0.5428202885804693,0.430366700124823,0.026813011294708162
0.6248117311558192,0.36760788950187123,0.007580379342308048
0.7335334077046731,0.2644346164231065,0.0020319758722227104
0.22279704544325304,0.7309030325988662,0.04629992195788301
0.42149089013708435,0.5744714258199747,0.004037684042938056
0.49798599268690835,0.47084805703988625,0.03116595027320399
0.8098880558861608,0.17933763142109194,0.010774312692746223
0.5102221620671609,0.47510831250230906,0.014669525430530603
0.7802559638526577,0.21165028929573057,0.008093746851611294
0.5068310034953432,0.4858226447119885,0.0073463517926695854
0.6849089627582247,0.310552865921272,0.004538171320504856
0.8570139019408841,0.13802882350606702,0.004957274553049994
0.44866669920104524,0.5161637264273448,0.03516957437161113
0.24313984439447295,0.7083328293690062,0.048527326236521694
0.8821965927570946,0.11296983813142566,0.004833569111482202
0.2516872740108759,0.7375834564323644,0.010729269556757806
0.8667688088451297,0.130265334021678,0.002965857133192976
0.4242546407666064,0.5659970505552343,0.009748308678159083
0.27358612471737814,0.7082326959234047,0.018181179359216378
0.6655620045633556,0.3253382090501311,0.009099786386512715
0.39542451235073933,0.5885947124273412,0.015980775221917865
0.6126615166800694,0.3540949408523064,0.03324354246762333
0.36191425584059317,0.6161332610510223,0.021952483108385157
0.45320208688713814,0.5328596874391915,0.013938225673668946
0.6013498996190967,0.37613323272028143,0.022516867660621716
0.5883530125376052,0.40210992455984274,0.009537062902551135
0.575626721824092,0.41879531750859544,0.005577960667312672
0.5973629004046109,0.38491154106466025,0.017725558530730403
0.45912936360511464,0.5336957393345623,0.007174897060322512
0.5269185414999803,0.4533336694872579,0.019747789012762227
0.5138069566750392,0.47000580106926,0.01618724225570066
0.45160821398024353,0.5413788984418714,0.007012887577884875
0.836691158668939,0.15502376820943764,0.008285073121624617
0.7224155150397215,0.2715064628496978,0.0060780221105788445
0.46851777024832675,0.5233890441259712,0.00809318562570384
0.4467524379525306,0.5396667412864915,0.013580820760979578
0.5109754786145156,0.4613650254032867,0.027659495982198013
0.8555321383081038,0.14131226220959411,0.00315559948230274
0.5252105171422992,0.4436985574874783,0.031090925370223222
0.2591378248698253,0.7350779881039873,0.005784187026187512
0.5041579508323891,0.4783681000548928,0.017473949112718733
0.4523411681907634,0.5128697932847088,0.03478903852452989
0.32705799130925006,0.6565759392028626,0.016366069487888307
0.5523454030120593,0.44008808392589627,0.007566513062042853
0.529436483335581,0.46837984780603087,0.002183668858388157
0.6747233404412847,0.3191858070354016,0.006090852523314905
0.3045946713170838,0.6675885608831077,0.027816767799808573
0.564831502696926,0.42513618868094954,0.01003230862212368
0.4940745480940795,0.497924403883499,0.008001048022423102
0.6378409599689462,0.3489306551148076,0.013228384916244446
0.4081048919695012,0.5819093200423078,0.009985787988189611
0.4522113476735268,0.5344752133783958,0.013313438948078477
0.3867165774736512,0.5960407817998882,0.017242640726460808
0.3880954873767573,0.6090746853159241,0.0028298273073181514
0.5871126527597477,0.3924963772741436,0.020390969966108927
0.6683732710032643,0.3172284723532798,0.014398256643456432
0.5840330226294269,0.3934166055424298,0.02255037182814265
0.6856281848784779,0.307650591187588,0.0067212239339324315
0.5317858297218832,0.44087535397538463,0.02733881630273209
0.48720428063821863,0.502375871846741,0.0104198475150409
0.5599361080274803,0.420593165910975,0.019470726061544208
0.3901315694573765,0.5968487542705618,0.013019676272060327
0.4549031615115345,0.5344713888544026,0.010625449634063927
0.7809216034662844,0.21323881513092802,0.005839581402790264
0.2960806711438988,0.6567615840421233,0.047157744813979975
0.5090733720297261,0.45673028776561664,0.0341963402046562
0.6928877721536981,0.3043318721349111,0.0027803557113907436
0.2432294579766782,0.7322634605214979,0.02450708150182363
0.6617463929716008,0.3259623376823475,0.012291269346053683
0.5052714458935612,0.47813688487578204,0.01659166923065853
0.29373191990911846,0.6737102419829503,0.032557838107929914
0.7121723580614095,0.2728262805553894,0.015001361383199343
0.8095470413357035,0.1845589406042726,0.005894018060024217
0.29118423884516226,0.7046369970632806,0.0041787640915571505
0.5442676784676923,0.4409144687688629,0.014817852763444824
0.4104621238698205,0.5611889262721962,0.0283489498579828
0.32726008441443616,0.6292669419164801,0.04347297366908133
0.26188830642649136,0.7132318800096882,0.02487981356382005
0.8704317074614306,0.12425318193592542,0.005315110602644223
0.3408975012821438,0.6386988331722941,0.02040366554556291
0.4738546492225106,0.48016177974398444,0.04598357103350433
0.6618038573952296,0.33572569355342025,0.0024704490513492226
0.6300955626030069,0.3669689049135222,0.002935532483472033
0.38836328887431604,0.6020949623201542,0.009541748805528386
0.7348425724858059,0.255641574271472,0.00951585324272212
0.5466917615073678,0.44469392424915627,0.008614314243475744
0.4566491722613399,0.5316993093695234,0.01165151836913857
0.47183989240285634,0.4980999842500248,0.03006012334711818
0.5628442841785067,0.4178604737493225,0.019295242072169674
0.657803865705934,0.3338929673504078,0.00830316694365907
0.25873374893560036,0.7046275621207855,0.03663868894361354
0.19727278463734052,0.7711304121762057,0.03159680318645536
0.6173041166885703,0.3632118299122936,0.01948405339913583
0.6035593874815193,0.36921342550985414,0.027227187008626412
0.39048456065707743,0.5894352493839017,0.02008018995902204
0.6942077433643571,0.29241565889111854,0.013376597744523192
0.6069351207409618,0.3669280261717301,0.02613685308730639
0.12129832128376085,0.8590460415157293,0.01965563720050847
0.6093273432568664,0.3736126241354291,0.01706003260770502
0.5485803804478097,0.43130476568999243,0.020114853862198058
0.39888609500490213,0.5900435852350341,0.011070319760065585
0.5344888812320833,0.44298503422191776,0.02252608454600059
0.49589476418579315,0.49691115191879026,0.007194083895416183
0.50043582555283,0.4887121422969581,0.010852032150209473
0.5233050370065138,0.4715653851748963,0.0051295778185898346
0.47950946545921264,0.5106023035473024,0.009888230993486536
0.36590440826599485,0.592216091054898,0.04187950067910765
0.5013275385818564,0.4773067179627473,0.021365743455397036
0.7893299246446198,0.20222883941052874,0.008441235944852698
0.8225306358365768,0.17443783688530928,0.0030315272781131246
0.22106599630377088,0.7716621201788139,0.007271883517416592
0.7410168039261773,0.2526635775451099,0.006319618528711721
0.14518752653860997,0.8373457709126084,0.01746670254878398
0.6426372237963124,0.3510338408341503,0.006328935369540456
0.9182922863808958,0.07823863706973179,0.0034690765493743665
0.620845568838815,0.37341070393763126,0.0057437272235529805
0.8032545601303427,0.19255155312783104,0.004193886741827709
0.7253221707655522,0.2650780550671341,0.00959977416731252
0.8238126375079208,0.17040720407864823,0.005780158413427509
0.7965470365769085,0.19754877432210902,0.005904189100982227
0.7017451964334102,0.2895044366367621,0.008750366929826814
0.43311642772894665,0.5582078069664621,0.00867576530459301
0.6857314691203323,0.3101121052544668,0.004156425625200775
0.4471848385342739,0.5140624402862106,0.0387527211795137
0.4165685905307755,0.5727192111059759,0.01071219836324823
0.2640862314071545,0.7098109648483474,0.026102803744497784
0.6147163879697255,0.3830692618372521,0.002214350193022966
0.5742537180046479,0.42137696361677357,0.004369318378576718
0.8257000104837823,0.1696032585856217,0.004696730930592537
0.318904157949024,0.6661348703674824,0.014960971683494263
0.23319318144466297,0.7557033345330093,0.01110348402232637
0.3383745974885836,0.6480842524680249,0.01354115004338992
0.6814625243136756,0.31060355767969444,0.00793391800663164
0.4355967786199548,0.5605143929544516,0.003888828425594774
0.4636293737137413,0.5326978410432122,0.0036727852430453404
0.6652589844861357,0.2751867461833253,0.05955426933053715
0.5291530707674132,0.4622964217453111,0.008550507487274367
0.41587582927536654,0.5484740582808502,0.03565011244378204
0.8072596821461624,0.1839804925771658,0.00875982527667144
0.7172364439369306,0.27721846313591963,0.005545092927149344
0.3446997987617783,0.6476739191917396,0.00762628204648202
0.5240689139634871,0.46454997825520783,0.011381107781305258
0.3794251912343094,0.5771809462466422,0.04339386251904774
0.43585783821475926,0.5196377098890748,0.04450445189616636
0.6578235373704657,0.323588435743516,0.018588026886018787
0.7840191275553469,0.21347274999290886,0.0025081224517450166
0.7647517958768769,0.22252835498565002,0.012719849137471867
0.5803360361220259,0.4050864380000506,0.01457752587792024
0.7299860169515415,0.25752603765824683,0.012487945390208206
0.4526337219199767,0.5446283962953161,0.002737881784708324
0.21569113285892522,0.7182263138892547,0.06608255325182125
0.3634484898047877,0.6217159799977966,0.014835530197417204
0.3590721286486839,0.6078892748502114,0.03303859650110565
0.45057051663397824,0.5285691410108135,0.02086034235520855
0.25125220350161004,0.738405237536501,0.010342558961888753
0.5521017346428312,0.4359655270030171,0.011932738354152789
0.6247307845927937,0.37188245148727794,0.0033867639199270014
0.460531778485768,0.5067503797662878,0.03271784174794361
0.4939211838819042,0.4967302053258665,0.009348610792230629
0.6557642202618642,0.3358766109321717,0.008359168805965746
0.633140755152535,0.3592676506231265,0.007591594224338247
0.43159543929447064,0.5547621831924873,0.01364237751304302
0.30484570804777467,0.6682593111174778,0.026894980834749064
0.21069662601624825,0.7625331852515334,0.02677018873221992
0.3728028076664163,0.6214052407561711,0.005791951577411222
0.46249795751138173,0.5179576487630312,0.01954439372558671
0.5853111112195062,0.4123070350276617,0.002381853752833113
0.5453981033547041,0.4442998130717215,0.01030208357357385
0.21707887546986165,0.760628126999578,0.022292997530559088
0.7507540387494908,0.2318944664041255,0.017351494846385235
0.3813500740416211,0.5996681802832821,0.01898174567509661
0.35802997764829625,0.5376506436240709,0.10431937872763229
0.6969258911573742,0.2774705575064528,0.025603551336172748
0.3706593259617401,0.6212749130433896,0.00806576099487024
0.42790207554396414,0.5478597452168338,0.024238179239202965
0.5700818938514023,0.4191561765579099,0.010761929590686984
0.4046091855798555,0.573158621865111,0.0222321925550333
0.3948160206727055,0.5924760472424027,0.012707932084892185
0.5625020142057284,0.4326541837761089,0.004843802018162401
0.5944482408554358,0.4025803894537286,0.002971369690837237
0.32018685811946807,0.5938783932595989,0.0859347486209344
0.5124539962388674,0.47363519181542507,0.013910811945708187
0.7819859344094664,0.21638041299304042,0.0016336525974929958
0.205847724660857,0.791025445847302,0.0031268294918420916
0.4678428397845943,0.5139918995055137,0.018165260709892703
0.6017244209953971,0.3820727954998791,0.0162027835047239
0.708698616373759,0.2835970949650846,0.007704288661156992
0.4393856836304538,0.5211916984873745,0.03942261788217246
0.4740011692534287,0.5145037929220315,0.01149503782453869
0.48090019630956427,0.4910726524821068,0.028027151208329434
0.26546535825645245,0.6779686880607569,0.05656595368279122
0.5329411036794115,0.44343933402938246,0.023619562291207333
0.5266637048349472,0.4584388545219777,0.014897440643073639
0.7852046027975633,0.21123334913876157,0.0035620480636763194
0.5550584930544392,0.42100405633408544,0.023937450611473086
0.5167039647553503,0.4551519472756028,0.02814408796904718
0.504112604543561,0.48274909931312043,0.013138296143318228
0.5863203432715438,0.40980685793031996,0.003872798798136651
0.590445828264991,0.3973739341083169,0.012180237626692673
0.5355291136607527,0.443768741656031,0.02070214468321678
0.5183280153936385,0.4326518878228069,0.04902009678355692
0.8639474597083823,0.13441438874043563,0.0016381515511815362
0.4316180509294711,0.5592393200126157,0.009142629057910625
0.5011828179463297,0.4583260900974453,0.040491091956225016
0.7827302840552494,0.2089976692135838,0.00827204673116665
0.8721462936838733,0.12139912136113613,0.006454584954990992
0.3663238581874127,0.6231784264358625,0.010497715376725641
0.31505449089184595,0.6414909456223086,0.043454563485845095
0.4589760645344249,0.5356502156474926,0.0053737198180829945
0.8879932490880836,0.10942139137899305,0.002585359532922141
0.5491266893145178,0.41800472456026466,0.032868586125217876
0.3940105780946563,0.5759371133347303,0.030052308570615773
0.1796025634964301,0.7912144210253864,0.0291830154781827
0.6526250798703233,0.3380544951761492,0.00932042495352679
0.6416596939482633,0.35253918425612246,0.00580112179561617
0.6562991388123771,0.3265863886448342,0.01711447254278942
0.27563537503111446,0.705996638263366,0.018367986705516936
0.755415532108539,0.23010675981782652,0.014477708073634778
0.863895621974639,0.13353692893951152,0.00256744908585058
0.4999465520738942,0.49557774188229026,0.004475706043816883
0.5930888224285341,0.4041213041568675,0.0027898734146007908
0.6965042912112807,0.2994456843839573,0.004050024404762074
0.5874269863096037,0.40556838476073953,0.0070046289296583205
0.8932613946603591,0.10262096093323637,0.004117644406406902
0.0755554056916435,0.8919326011485604,0.032511993159798226
0.25510494961554114,0.7378237926398449,0.0070712577446145446
0.5877816474667658,0.4004729318404264,0.01174542069280809
0.4460165388582627,0.537628929925191,0.016354531216544576
0.30766591572733004,0.684061057634392,0.008273026638278138
0.43134441957427555,0.5609819867778271,0.0076735936478980376
0.5847099588379732,0.411516285330658,0.0037737558313690306
0.4856940877885708,0.5043188494047883,0.009987062806641401
0.5156874572572635,0.4513905824378627,0.03292196030487382
0.8769542793028966,0.11796154505092452,0.005084175646181479
0.19755170569485644,0.7941357590535036,0.008312535251640663
0.7058762802955846,0.2896253264770368,0.004498393227379094
0.24923697321573723,0.7421023565297604,0.008660670254501719
0.6725988508735672,0.2953836146264501,0.03201753449998257
0.6391676485228003,0.3378991263909676,0.02293322508623429
0.6725216230171341,0.3248343625995556,0.0026440143833090916
0.6198880582002627,0.35077331795361966,0.02933862384611735
0.35491125606514634,0.6361563390896765,0.008932404845178666
0.721318607045643,0.22953001633601158,0.04915137661834408
0.19316559736190445,0.7860243229016325,0.020810079736463327
0.40667106680100845,0.5854026815745366,0.007926251624454301
0.6581234720592591,0.33163298398919194,0.010243543951550742
0.6337508639720537,0.36008604164783287,0.006163094380114032
0.4581138957736172,0.5317477592688812,0.01013834495750119
0.4890371809591476,0.5011924430533462,0.009770375987506456
0.47375065315539555,0.5156239071911893,0.010625439653415832
0.8775583164391814,0.12023191649000521,0.0022097670708146164
0.8281904018808142,0.16594894609451252,0.005860652024670086
0.3865215701615431,0.5918572021909728,0.02162122764748441
0.24715714927817256,0.7448922523819196,0.00795059833990906
0.6611228246185609,0.33207018507351427,0.006806990307924532
0.7605551755277448,0.2287619961495428,0.010682828322709934
0.5309585770046265,0.44851019431893346,0.020531228676440378
0.32096593968858306,0.6553950770921719,0.023638983219246363
0.704816336193237,0.2835784427264439,0.011605221080318705
0.619570678181037,0.3754732696216456,0.004956052197315183
0.8022111887850559,0.1877651827157278,0.01002362849921887
0.46078109284101004,0.5310619267354296,0.008156980423559362
0.3926610508871526,0.5955309824909936,0.011807966621853263
0.33212073923749136,0.6472409087983921,0.020638351964115613
0.3581018054326789,0.6295161793117198,0.012382015255602195
0.15720882485689347,0.7740552180591674,0.06873595708393822
0.2465349735652869,0.7328561438568811,0.020608882577831618
0.5151302293364632,0.4706682210985392,0.01420154956499743
0.6078309146099115,0.38119470969657454,0.01097437569351279
0.5156107389778266,0.45443105377336224,0.029958207248809925
0.6509454357168807,0.3342969089195978,0.014757655363524021
0.5496858639500011,0.4424969911172486,0.007817144932750212
0.808179433895167,0.18526030429691195,0.0065602618079223345
0.40174529987643004,0.5897098584836586,0.008544841639911415
0.5215881558340771,0.46486933965915794,0.013542504506763224
0.4980040088413126,0.48629438092966115,0.01570161022902627
0.4231701122292706,0.572303115274754,0.0045267724959777746
0.4609393154382588,0.525961716772004,0.013098967789737672
0.5221359251170181,0.46281303991734923,0.015051034965633163
0.2060539963656262,0.7842757343770168,0.009670269257357741
0.603250373221945,0.3863317093362154,0.010417917441836486
0.7151117523129131,0.2716526483009736,0.01323559938611433
0.7275164457904927,0.2662739142184938,0.006209639991012951
0.9103589477293541,0.08865990834245875,0.0009811439281877696
0.7744850855488061,0.22064826136349044,0.0048666530877021896
0.7493824955750434,0.24681923123573002,0.0037982731892306004
0.2873609436673395,0.6822223122416106,0.03041674409105221
0.27633934269190363,0.6923485166738165,0.03131214063428007
0.3200059392502992,0.6558831486532188,0.02411091209648279
0.7009933026284246,0.2890719098467794,0.00993478752479618
0.3793852948754828,0.6059121264628463,0.014702578661671836
0.5417464711652535,0.44941010846543067,0.008843420369316407
0.7175264168561032,0.2771524187977966,0.005321164346100591
0.171511982652281,0.817940610570682,0.010547406777036193
0.4513844723028325,0.530774071160871,0.017841456536298143
0.3291208499581504,0.6622622923164889,0.00861685772536129
0.5385256384561601,0.44970479346018993,0.011769568083648839
0.37883392047842096,0.6019186416484464,0.01924743787313053
0.3990261777330544,0.5657600625227227,0.03521375974422162
0.5996340522438693,0.3970779985831016,0.0032879491730294233
0.30301285306320913,0.639554200066248,0.05743294687054132
0.5247234532512213,0.45577218361425703,0.01950436313452267
0.6869937620877954,0.30838249977809506,0.004623738134109169
0.4570430887834175,0.5294133140997336,0.013543597116850782
0.6141682138363614,0.3749409142712479,0.010890871892389848
0.6186802202643009,0.36781077152909536,0.013509008206601655
0.33693211936237055,0.6005691964837669,0.062498684153862935
0.42750035267558634,0.5600632807210955,0.012436366603318682
0.5880041856789228,0.3949283952144659,0.017067419106611786
0.814811290726662,0.17488824887116977,0.010300460402167136
0.5055822372199436,0.47014862446117417,0.024269138318883537
0.9149518011877935,0.08272154433489186,0.002326654477315077
0.3491692116151336,0.6349711436114336,0.015859644773431894
0.5958007011481479,0.3952182544102626,0.00898104444158935
0.6608987714791662,0.3293496492494135,0.009751579271418485
0.616861191454967,0.37043054817560317,0.01270826036942978
0.4987770004948357,0.48421752811253194,0.017005471392631814
0.9011245913455095,0.09286771497254459,0.00600769368194408
0.6236200695802023,0.3661235973240817,0.010256333095715107
0.41715031753603143,0.5715378876987146,0.011311794765251236
0.595103461429748,0.3978700111551764,0.00702652741507414
0.7913049921117956,0.2049658854068017,0.003729122481401598
0.846267025680998,0.15017103373421248,0.003561940584787956
0.5602159027323876,0.41856671137307966,0.021217385894533567
0.3610567901115762,0.6220996267282706,0.016843583160151165
0.4114861737368118,0.5711202552030128,0.017393571060174078
0.2101954102167556,0.7421296103228645,0.047674979460380074
0.6660452836854255,0.3054656172158699,0.028489099098705083
0.8529391504538739,0.14368606256615346,0.003374786979974006
0.6503127020432099,0.3291377396392627,0.02054955831753105
0.3474545362161912,0.5750701479989083,0.0774753157849006
0.5856158631280277,0.39939926886470684,0.014984868007263265
0.27245660256692683,0.718434204243411,0.009109193189661574
0.5314001830801672,0.4581677301643054,0.01043208675552937
0.4297679707608751,0.5675125495031469,0.0027194797359776034
0.6057671613698351,0.3924745944666027,0.0017582441635646642
0.39666108187143384,0.5836636175863048,0.019675300542261628
0.5071389074409446,0.4594469867495876,0.03341410580946763
0.3989291725969652,0.577321966981186,0.023748860421848032
0.44675140638655186,0.542315205068966,0.01093338854448094
0.45809371094166257,0.5189652507822049,0.02294103827613195
0.7186116217715431,0.2738537048874497,0.007534673341009291
0.6311175971914956,0.36739287834570183,0.0014895244628019824
0.44777097966709334,0.5450976851949814,0.007131335137926472
0.21118609190657556,0.785602028282608,0.0032118798108167167
0.42659092494655065,0.5621767562614127,0.011232318792034875
0.5559807067907532,0.4341566129584981,0.009862680250747371
0.30090553987817625,0.6790448816108834,0.020049578510941402
0.7833162069882958,0.2086171075046603,0.008066685507043007
0.45091134712154707,0.5357610693076822,0.013327583570771486
0.46365416820347366,0.5134862791613283,0.02285955263519593
0.24415066042108166,0.706061812619687,0.049787526959232595
0.3836869164706807,0.5865628566128248,0.029750226916494465
0.7855326183842734,0.20996131003221674,0.004506071583512086
0.1915065687964235,0.7955056289142076,0.012987802289371186
0.6239582275570701,0.3515009002401078,0.02454087220282163
0.4769421179583915,0.513152719174775,0.009905162866832738
0.6133947896341103,0.38053027032281594,0.006074940043075318
0.9314725464980576,0.06682809186009227,0.001699361641850136
0.5906625662718549,0.39436907031913343,0.014968363409010484
0.5371405193043886,0.45689998698195433,0.005959493713657083
0.15180630829424033,0.8402662625900563,0.0079274291157015
0.8663378310395269,0.13050485118167152,0.003157317778804271
0.5371268509396703,0.430700911713858,0.0321722373464708
0.7428629114705735,0.2543149429796819,0.0028221455497441056
0.7210767663344481,0.27278910064922707,0.006134133016325179
0.6923837590023323,0.30002629907382933,0.007589941923838764
0.4573813056679755,0.5219847232550976,0.02063397107692787
0.35502062391000455,0.6241155241746739,0.020863851915321224
0.45925959399899574,0.5273599999870482,0.013380406013955279
0.43045195055930247,0.5662821093247343,0.0032659401159638992
0.5130623935988218,0.4747159526044517,0.01222165379672744
0.4212706275243307,0.5603525106642967,0.018376861811374073
0.22095484149745673,0.7549098696378913,0.024135288864650484
0.7641241685290885,0.2303648763834729,0.005510955087438582
0.5079652730382952,0.4678330963713332,0.024201630590372256
0.44432762429347966,0.5436933914544613,0.01197898425205962
0.765292077875921,0.22580325167377413,0.008904670450308709
0.5610900681473974,0.43501057973781115,0.003899352114792273
0.8138993873146512,0.17557888861911372,0.010521724066235921
0.7499040169029285,0.2380712464298724,0.012024736667200067
0.18031607372929176,0.7936675917732415,0.026016334497468187
0.3630524144731418,0.6178243234532705,0.019123262073586698
0.5773119889488272,0.40328693215055894,0.019401078900613565
0.3319712235602577,0.6126104748773412,0.055418301562401975
0.5712419613354318,0.4229422833688524,0.005815755295713616
0.5017448691077394,0.4766397125036505,0.021615418388610485
0.5892384343691095,0.40448109958114276,0.006280466049747456
0.6797497688861401,0.3060733019119422,0.014176929201914896
0.3431091899467849,0.6412826831035113,0.015608126949706343
0.4737127511127141,0.5049692614240268,0.021317987463260336
0.47873793113631974,0.5035354636166303,0.017726605247049762
0.6651813219652197,0.32141708759226834,0.01340159044251062
0.8368640502960654,0.15694093311726567,0.006195016586668788
0.6818271434756379,0.31277008945598717,0.005402767068375409
0.3905834491243157,0.5940578324235685,0.015358718452112839
0.6110848323984754,0.37741717631552996,0.011497991285993964
0.4881167093129799,0.5073101166464925,0.004573174040527709
0.4980733839352239,0.4972443823668624,0.004682233697914041
0.7157986104422634,0.26646651861466014,0.017734870943077106
0.3362194865681069,0.658602097830134,0.005178415601758694
0.7257087807993552,0.2709142404844049,0.003376978716238253
0.5885559798507891,0.4094794273638138,0.0019645927853948883
0.7295792521353345,0.2665806856921341,0.0038400621725318525
0.2990314436877712,0.6795830543449471,0.021385501967281447
0.6737639154132792,0.3217734984584426,0.004462586128276988
0.4424565459728878,0.5340832751934057,0.023460178833707875
0.6584173128051456,0.33900677634730575,0.0025759108475469426
0.3816655483773048,0.6080623113546215,0.01027214026807304
0.5089052267761581,0.4788428623157039,0.012251910908139258
0.9560843894865999,0.04144156101170519,0.002474049501692412
0.46913221424752327,0.5146998255866686,0.016167960165807575
0.5993736149083992,0.3814169560265427,0.019209429065057734
0.5347388191390845,0.4412968341670826,0.02396434669383235
0.30931131018794567,0.6755183379845345,0.015170351827520401
0.30332047710918486,0.6669921974951931,0.02968732539562239
0.726325891316781,0.25744050481208347,0.016233603871134383
0.189709710795509,0.7571218355788188,0.0531684536256734
0.7719467751061495,0.2260152712888021,0.0020379536050471056
0.486081120426945,0.4989967955584712,0.014922084014583446
0.4129642244415016,0.5764681447896883,0.010567630768809995
0.4089916454942591,0.5506268859338581,0.04038146857188228
0.3016962506050926,0.6760476103211315,0.02225613907377578
0.7052469925421548,0.2901613730707993,0.0045916343870422765
0.7973963329800781,0.20050232712647933,0.002101339893442351
0.572380094675882,0.41254346061872144,0.015076444705394711
0.31450158423084124,0.6689036223131166,0.01659479345604259
0.4491510839170459,0.5363958957808845,0.01445302030206892
0.5778109834255261,0.41713931336815335,0.005049703206321895
0.7978936335832713,0.20094093648750497,0.0011654299292247407
0.924551233936961,0.0706698478996348,0.004778918163402242
0.787740761078917,0.20853046174882084,0.0037287771722624686
0.6049518540720608,0.3868759989900606,0.008172146937876306
0.6963634112580129,0.2962258084002157,0.00741078034177176
0.42739653239098635,0.5634971288193424,0.009106338789673653
0.7392246433737394,0.24719995071427625,0.01357540591198191
0.31366544234932986,0.6310754168835169,0.05525914076715223
0.30567713487148984,0.65401146819986,0.04031139692865111
0.5980421255786821,0.391943439561752,0.010014434859565814
0.8318033379581734,0.16669070075684433,0.0015059612849813787
0.9036204655545254,0.09361883065991478,0.0027607037855614364
0.40116140361829333,0.5751290155975254,0.023709580784181755
0.5431519103016723,0.4356756132618266,0.021172476436502646
0.8020893504143481,0.19448371258535976,0.0034269370002928024
0.44599943072112863,0.5464151261051975,0.007585443173675014
0.4072185149535897,0.5679354161386837,0.02484606890772823
0.5646067795362582,0.40698718944568846,0.02840603101805176
0.6207665599767436,0.3695709354064305,0.009662504616824864
0.49935736120301594,0.4724168284858001,0.028225810311183572
0.42236518401935824,0.5619683215000545,0.015666494480587326
0.7937179744647344,0.1926692024689863,0.01361282306627978
0.4935857394925521,0.4986187012769428,0.007795559230506853
0.31098130714830796,0.6718667555340858,0.017151937317608897
0.6215448946706975,0.36895946167323823,0.0094956436560658
0.803695892848548,0.19483533769800454,0.0014687694534473831
0.35476569594235086,0.6404093202910262,0.004824983766621546
0.5221713546357558,0.4553597970797176,0.022468848284526412
0.45360899062072396,0.5189089703115939,0.02748203906768245
0.2864367248725541,0.6974439684338991,0.01611930669354806
0.3606197580011344,0.621652254335912,0.017727987662954112
0.40709613163009467,0.551602534550463,0.041301333819441545
0.3404888130445107,0.6322257760666958,0.027285410888793757
0.6880741309390472,0.3053780411619769,0.0065478278989768695
0.5159643238309528,0.4659014107576451,0.018134265411399925
0.5720191074036899,0.4034288117735771,0.024552080822734603
0.49260807390336986,0.48931921774089304,0.018072708355737592
0.8086510789875406,0.1854455686879639,0.005903352324498032
0.597138705899419,0.39341845450316676,0.009442839597414184
0.4285184756563936,0.5605160920722912,0.01096543227131505
0.42298894854899854,0.5723279128040077,0.00468313864699253
0.32680031376588725,0.6703007097897715,0.0028989764443410554
0.5630976003283505,0.43012177135491014,0.006780628316739613
0.45130310449489425,0.5255131640140487,0.02318373149105658
0.6851811153443514,0.29484271236909554,0.019976172286552275
0.6660452836854255,0.3054656172158699,0.028489099098705083
0.638821095041483,0.3582938244856678,0.0028850804728515985
0.24445046209882182,0.7275336855017653,0.028015852399413024
0.7081432888431543,0.2789182652402951,0.012938445916550283
0.30408222096292087,0.6396509343115948,0.056266844725484016
0.7702140412599506,0.22390345403851158,0.005882504701539097
0.7294785663901132,0.2551153626993332,0.015406070910551196
0.6802307537200413,0.3163950584719812,0.0033741878079796886
0.3063409391423175,0.6786246179084044,0.015034442949278118
0.6112412550534232,0.37949234250122527,0.009266402445351023
0.5689829873627483,0.42434568920557925,0.006671323431670234
0.22615825962927236,0.7598390533284164,0.014002687042308858
0.5177135677720279,0.4719352779223077,0.010351154305666006
0.4571827156170819,0.524389763874068,0.01842752050884921
0.6474435330325815,0.32446088063193723,0.028095586335481
0.6451609604344296,0.35044430527236436,0.004394734293206628
0.2474398844114216,0.7380768882691251,0.014483227319454867
0.8845018279529069,0.11338473432250432,0.002113437724589221
0.17400768857222787,0.7913372981875056,0.034655013240267124
0.5806972337079666,0.407157092641351,0.012145673650682478
0.47908728383278365,0.5167209276669136,0.004191788500304282
0.4981509082455862,0.4916310294120285,0.01021806234238251
0.5295230893540829,0.4601461495521969,0.010330761093720702
0.8655895681739592,0.13124420748642884,0.0031662243396129676
0.2457704141819123,0.7229524186513988,0.03127716716668894
0.2795811294101497,0.6801233425121294,0.04029552807772202
0.6436535472660363,0.3304473290143538,0.025899123719608817
0.43717716152220776,0.5511334907716652,0.011689347706125808
0.29845380629522533,0.6926248094964395,0.008921384208336944
0.5529630054944701,0.43493568017907375,0.012101314326457873
0.8097620114001408,0.17592796298069094,0.014310025619168904
0.5097821121812224,0.4803284173074776,0.009889470511301124
0.5025650565601083,0.48226184689744794,0.015173096542444168
0.6859902583618533,0.3079078100967828,0.006101931541364957
0.644744007813076,0.3445777531954338,0.010678238991488164
0.8199904216181524,0.16344427153923086,0.016565306842618168
0.7672946173866992,0.22525459764959538,0.007450784963704502
0.3004165942493633,0.687327397987619,0.012256007763017733
0.32668953368075265,0.667999262738079,0.005311203581167261
0.43347957472571325,0.5531978210388815,0.013322604235406259
0.4988982869920768,0.4775202027735277,0.023581510234394348
0.4606092702544747,0.5217956380604959,0.017595091685030498
0.6884443012229152,0.30701171917375036,0.004543979603333646
0.7898251800772916,0.20651425069918158,0.0036605692235280956
0.5302933421741559,0.4682044125503067,0.0015022452755387827
0.48858972789235977,0.5045543864359632,0.006855885671676037
0.408961820280452,0.571578995364244,0.019459184355304297
0.3223739357751785,0.6520484965628577,0.02557756766196256
0.3579736967558044,0.6174564554646933,0.024569847779502822
0.4600794121395579,0.5335097417886641,0.00641084607177841
0.5410683586013993,0.4501304315981378,0.008801209800463367
0.3140370260932038,0.6574487651392543,0.02851420876754093
0.3496505359418144,0.6440218367262787,0.006327627331907905
0.43907258157229867,0.5523671078400427,0.008560310587659293
0.182665926213633,0.7868656231053687,0.030468450680999654
0.8596676084452719,0.13608099299494122,0.004251398559785505
0.645920460284772,0.34980403618077144,0.004275503534454346
0.5781814099569531,0.4133014372992172,0.00851715274382911
0.7773949676981771,0.2153140052986243,0.007291027003198374
0.4579810791734511,0.5319670222103403,0.010051898616208758
0.4193542281366039,0.5542968464246022,0.026348925438792296
0.7126483109825953,0.2701810685758559,0.017170620441547955
0.7304890248380904,0.25929979819242843,0.01021117696948314
0.4531717034825513,0.5240323631795343,0.022795933337914423
0.5319046108035067,0.4610580826319258,0.007037306564567571
0.5703499161372669,0.42742538313136685,0.0022247007313652705
0.37872115399847067,0.6168371872710908,0.004441658730437908
0.6139886158357849,0.3778697482611656,0.008141635903049548
0.6724806224142746,0.2837569757827356,0.0437624018029881
0.5419924718300205,0.4476691080893041,0.010338420080675965
0.6352656709765482,0.35838312035582215,0.00635120866762962
0.5207378958686604,0.46626703274063325,0.012995071390706107
0.723649130838107,0.2688428506577801,0.007508018504113836
0.7860493718119715,0.20610836332480542,0.007842264863226048
0.6941947597261813,0.2969893184973993,0.008815921776420585
0.34719383432077944,0.648693585640425,0.0041125800387979815
0.8594928874443577,0.13501637357316743,0.00549073898247793
0.4535330126192086,0.534315829183274,0.012151158197516804
0.585134934862393,0.40735718263562726,0.007507882501979787
0.8979300107727354,0.0982152871895417,0.0038547020377247498
0.5333781691253484,0.44802223867267843,0.018599592201972458
0.8536894289847824,0.13692066074154347,0.009389910273674723
0.5700898047685586,0.4201987362076851,0.009711459023755873
0.21531775349395424,0.7491551922787106,0.035527054227333335
0.768292707727914,0.22155114113476612,0.01015615113731767
0.7778698131208429,0.22009855947182705,0.0020316274073299673
0.6460975344093467,0.3472563856841607,0.006646079906492328
0.46625240569385584,0.5238587958575143,0.009888798448630559
0.40019403176243173,0.5882145999825086,0.011591368255060379
0.3181603982206715,0.6557030916008532,0.026136510178474914
0.48975930898902975,0.5063854244795627,0.0038552665314065303
0.2702169818723309,0.7102186705636595,0.019564347564007843
0.7713120043892973,0.22586184620722963,0.002826149403472471
0.6290558794092144,0.3523627497428793,0.018581370847904802
0.4545678597862564,0.5202227131718407,0.025209427041903383
0.5063583245840428,0.487338131551832,0.006303543864124952
0.8117462109293834,0.18476833489233752,0.003485454178279375
0.17586568649291834,0.8144806656035988,0.00965364790348252
0.7419899133611731,0.25481256662096535,0.0031975200178626876
0.8479113555066357,0.150346264395774,0.0017423800975910095
0.39689524289704153,0.5764564262159396,0.026648330887019192
0.27914621522411726,0.7097518236140254,0.01110196116185899
0.39825486515559005,0.5907695741063362,0.01097556073807371
0.7367217235277514,0.2462300760363623,0.017048200435887235
0.37880639045730685,0.5836572548154687,0.03753635472722269
0.23124840191336302,0.7369954453865262,0.03175615270010837
0.5371131932355919,0.45489033108425453,0.007996475680153279
0.5865791605802283,0.40116673697389765,0.012254102445874075
0.3928660319682989,0.588141274944723,0.018992693086977847
0.5101654367587193,0.4856789591346984,0.0041556041065824965
0.7531702045104385,0.2347147160813542,0.012115079408206634
0.8127204197065997,0.15950194952840163,0.027777630764996952
0.23865726833525272,0.7429381139692117,0.018404617695535672
0.9051261171181696,0.08705027908426134,0.007823603797568277
0.16588833073487314,0.7595452501914244,0.07456641907370007
0.6065887253381503,0.38892989183636645,0.0044813828254834315
0.9199990102337049,0.07850295734742924,0.0014980324188650573
0.3178614858151303,0.6485323841534257,0.03360613003144684
0.5470041892024619,0.4480426096022733,0.004953201195265546
0.28165633295281994,0.7091464772696069,0.009197189777572709
0.508981745169081,0.4742974701717348,0.016720784659184865
0.294622373113971,0.6315660451907802,0.07381158169524735
0.6068528598317883,0.3836014107609962,0.009545729407215866
0.8273793219748283,0.1561662660028741,0.016454412022297724
0.8093051638815969,0.18392262066078266,0.0067722154576205194
0.49022603546705384,0.4954969180076988,0.014277046525245474
0.38481884127620597,0.6097584455536097,0.005422713170183606
0.38309531914364475,0.6047080818335993,0.01219659902275621
0.5081299301672777,0.47481682374644885,0.017053246086272986
0.35429661767963333,0.6267143099297495,0.018989072390616875
0.2707665729033226,0.7213800857004293,0.007853341396250288
0.2813743260265128,0.6970945813991365,0.021531092574352474
0.5448388155310807,0.428805890420997,0.026355294047922983
0.4121252017006265,0.5640036729185284,0.023871125380843815
0.39856291622280704,0.5764245355252171,0.025012548251976623
0.7023512679607333,0.2869601196180754,0.010688612421190355
0.6069168586214475,0.3756158026804167,0.01746733869813581
0.18268944225226877,0.7953904590962558,0.021920098651476823
0.46679356501704794,0.5124132834755812,0.02079315150737124
0.3176438646816525,0.652878760316696,0.029477375001651887
0.22814389419922093,0.7578439456908512,0.014012160109926683
0.8687721769199249,0.1293498975147047,0.0018779255653730337
0.7886556510680254,0.20083858500994292,0.01050576392203087
0.5088150889596839,0.476377387380531,0.014807523659786093
0.6319053789045254,0.3607154112508608,0.007379209844612805
0.6431712827761816,0.352853213749313,0.003975503474506726
0.4010987470977866,0.5817965713706887,0.017104681531525057
0.4608653837124203,0.5273359381138024,0.011798678173779085
0.5011137449265644,0.47913637873717224,0.019749876336263742
0.34867980220143613,0.6376855121378336,0.013634685660729402
0.47063452277743817,0.5211961496942848,0.008169327528279174
0.7825191633902207,0.1965017862223287,0.02097905038745169
0.299071097323562,0.6790183799998156,0.02191052267662193
0.40784362870713814,0.5462591152390011,0.045897256053861545
0.6831495527907221,0.3032671614875265,0.01358328572175111
0.689524134423818,0.30601740549005907,0.004458460086122462
0.6883785512450966,0.3032251793168905,0.008396269438010704
0.5914362163870323,0.40702259731470447,0.0015411862982624737
0.4215703752308475,0.5299508048730242,0.04847881989612868
0.8472935521665497,0.14579450133527772,0.006911946498171568
0.3025600826735001,0.6505327201720063,0.04690719715449404
0.3684454925819324,0.6113982717411202,0.020156235676950313
0.463315191395296,0.5255886385544123,0.01109617005029129
0.8067276714881918,0.1857550644095816,0.007517264102226292
0.2922369456958491,0.6916381732290684,0.016124881075082934
0.42577112479919915,0.5607918306356481,0.013437044565153468
0.5173942899769209,0.4693044592350798,0.013301250788001016
0.5179119920463973,0.4260033274408529,0.05608468051274904
0.22344133493681653,0.7292604195145546,0.04729824554862767
0.4580829007812096,0.5149669153981611,0.026950183820629404
0.06936318725876081,0.8989422262234995,0.03169458651774265
0.7412639315602273,0.24261708912149152,0.016118979318284137
0.30214076390085043,0.6775240340901688,0.020335202008979255
0.4769333150788481,0.4903609627130061,0.03270572220814535
0.5144984481338535,0.47658798055226104,0.00891357131388426
0.5340985350287563,0.45672084532807933,0.009180619643165263
0.632491912663535,0.35904239305684543,0.008465694279621034
0.36679601480243335,0.6179667112095938,0.015237273987971634
0.6215466805983944,0.3724605753887806,0.005992744012824815
0.694839454487504,0.294052101118458,0.011108444394038937
0.6851897951497496,0.3047374695902298,0.01007273526001989
0.6989548305943709,0.2940046355946839,0.0070405338109452405
0.5278116598968622,0.4674647653530082,0.004723574750130169
0.6660452836854255,0.3054656172158699,0.028489099098705083
0.23685923472322726,0.7315281034516056,0.031612661825166255
0.5971237605775214,0.3987258463215258,0.004150393100952604
0.7519008774197025,0.2403313298239819,0.007767792756315683
0.9264585299707886,0.07053263476113361,0.003008835268079283
0.6497157419141188,0.33293460715049134,0.017349650935390086
0.5979209402970376,0.396427576584912,0.005651483118050039
0.9046241839976573,0.0932825745325014,0.0020932414698427732
0.718375891850148,0.2775447272096749,0.0040793809401798095
0.3753690600782751,0.6150864069804475,0.009544532941279039
0.2667209602921911,0.7116146536469309,0.021664386060881308
0.2455109355308879,0.7052958370192054,0.04919322744990637
0.628605199350566,0.35643745448483666,0.014957346164598092
0.4658113673348173,0.5125228911431836,0.02166574152199942
0.5595832629765818,0.41461765169366566,0.025799085329752003
0.4179735823286275,0.5779138358204222,0.004112581850950108
0.34488537598546454,0.6375888125115791,0.017525811502955867
0.7761788986050292,0.22129114590625332,0.0025299554887154197
0.3633249441978226,0.6228857365947257,0.013789319207452437
0.5045196143561109,0.4899407661446782,0.005539619499210259
0.6023445512422365,0.38730926131932797,0.010346187438435678
0.23765745444463898,0.7467747324084213,0.015567813146939818
0.6776894790565601,0.3148646106370282,0.007445910306413726
0.2809413811032754,0.6902725898673249,0.02878602902939733
0.1866368653649417,0.7878692456500127,0.02549388898504535
0.6947606079669242,0.2914053489187212,0.013834043114354664
0.47284243613343924,0.5168511360007567,0.010306427865802398
0.40125620378743293,0.5852366246591258,0.013507171553439988
0.8001838752917912,0.19629381309738594,0.0035223116108221973
0.7621887789403762,0.23498203659757452,0.002829184462049001
0.43019162449672393,0.5508932291031502,0.01891514640012481
0.5629494255686391,0.41985191111266124,0.017198663318698657
0.7927204692813147,0.20409060472576912,0.003188925992918367
0.3788837914909433,0.6006204619109459,0.020495746598109463
0.5013755148500398,0.46586772276943983,0.0327567623805219
0.6937607324797369,0.30401076713778796,0.002228500382474361
0.8306221785197262,0.16406779595241722,0.005310025527857325
0.6281669659924034,0.36622280037199595,0.005610233635601696
0.39235012376011785,0.5899051376262483,0.017744738613637227
0.8442353995678397,0.15039657881955687,0.005368021612603315
0.7217873525178645,0.27119057661101076,0.007022070871125326
0.5084393822316702,0.4845868068725688,0.0069738108957618445
0.6221152856510694,0.3743049627721979,0.0035797515767321984
0.8890049449125195,0.10962499756110314,0.0013700575263765184
0.6221988881731628,0.3687807872696893,0.009020324557146367
0.48692064594734624,0.4918746317092105,0.0212047223434425
0.5502306676418948,0.4397189446622601,0.010050387695844659
0.8017548557394292,0.18955938216480603,0.008685762095765225
0.677610991386013,0.3157888022436767,0.006600206370308613
0.8420232536580771,0.15223176426085933,0.005744982081065383
0.6718457418427086,0.3161833562886206,0.011970901868667599
0.27629527028876355,0.6899913231301993,0.03371340658103832
0.5336059015682034,0.45471288231250456,0.011681216119293028
0.33253818472012964,0.6417168522985308,0.025744962981340994
0.24379898756245433,0.708809831416898,0.047391181020649556
0.8213801771681705,0.17217632560149732,0.006443497230332154
0.43387234789136986,0.5567569580384115,0.009370694070219303
0.7470303260169535,0.25039895715585464,0.0025707168271918513
0.8044092794065376,0.19292051624661624,0.002670204346846276
0.8850822099346873,0.11224739320608992,0.0026703968592241972
0.5868050154855463,0.4054313955797505,0.007763588934704064
0.7009638176749847,0.293219848404399,0.00581633392061768
0.6955193012934987,0.29141795178503127,0.013062746921472402
0.28041143738756164,0.6929394079863022,0.02664915462613743
0.35320569500163984,0.6368341955459123,0.009960109452447923
0.5707952162381541,0.3969316044212695,0.032273179340576844
0.22987723905094953,0.7521667214218296,0.01795603952722071
0.8185288722727532,0.17898987086522966,0.0024812568620170474
0.2710772326623177,0.7020827069482656,0.026840060389419287
0.8999583956184425,0.09730778842691558,0.002733815954639272
0.4389718948638585,0.5425785516865539,0.0184495534495876
0.4166011812841623,0.5636944584652223,0.01970436025061703
0.5344400232911329,0.44944375290790683,0.01611622380095941
0.4838923330534131,0.4915501070817802,0.024557559864806865
0.5485835727296722,0.4341946125440014,0.017221814726326196
0.4427670464673114,0.5452520134316962,0.011980940100993365
0.366752408251606,0.6217209848229898,0.011526606925402567
0.7327578887286198,0.26145897357354375,0.005783137697837784
0.607978317315417,0.3805001163166686,0.01152156636791351
0.40391273179523285,0.5727292493677185,0.02335801883704738
0.8555868571207998,0.14270614561444703,0.0017069972647543584
0.6316790680259879,0.3517142098911212,0.01660672208289071
0.33324441968899027,0.6223510037345527,0.0444045765764586
0.6917989551541824,0.306572455000673,0.0016285898451438752
0.4847625355132982,0.5072592877510179,0.00797817673568267
0.5726842919596973,0.42055062920032926,0.006765078839971507
0.5096283142264981,0.47308486203491207,0.01728682373859102
0.6952902044803853,0.2939211649216291,0.010788630597986173
0.7865091137531861,0.20685437517944957,0.0066365110673656125
0.7113064048949125,0.28412127798861175,0.004572317116475002
0.5673279463471842,0.4137029185299913,0.018969135122824873
0.6528115877853048,0.33995801647583923,0.0072303957388538675
0.5872093787738936,0.4011346696532911,0.011655951572812996
0.28555148879139036,0.7082437938256995,0.00620471738290855
0.6417338941570311,0.33663558752147266,0.021630518321496435
0.7468495980867407,0.2511877014890829,0.001962700424176988
0.6109848440626631,0.3795637362567311,0.009451419680603595
0.39258292475266976,0.5723225348100767,0.03509454043725311
0.5574513930117426,0.4374339100356085,0.005114696952648571
0.7852958145662927,0.208414441348018,0.006289744085691045
0.4017485662907607,0.5695818592310143,0.028669574478226458
0.6149919535800699,0.37971754657054446,0.005290499849383757
0.909186209125741,0.0884687451186852,0.0023450457555723734
0.5710943412734917,0.41514411911848037,0.013761539608028218
0.5321927189645645,0.4473077678610196,0.020499513174414303
0.3708914092645156,0.6051575102868565,0.023951080448628686
0.7042179987615417,0.2917932775181994,0.003988723720258265
0.21318641104315528,0.7544239960973593,0.032389592859487185
0.3111129547987951,0.6777926275980221,0.011094417603183453
0.27768339322527347,0.7087840436659762,0.013532563108749713
0.7794335578088233,0.21042431564299444,0.010142126548183038
0.35837831442842993,0.5583738654860326,0.08324782008553812
0.28754330354904833,0.7051473838879656,0.007309312562985604
0.3683610713107101,0.6185917495531499,0.01304717913613967
0.7550474613965319,0.23608406328712186,0.008868475316343641
0.2879284449361105,0.6645849050576339,0.047486650006256285
0.27618654714702046,0.7070724784148246,0.016740974438153537
0.8926964564860174,0.1063801074023927,0.0009234361115921712
0.2758396884879137,0.7053263373427635,0.018833974169323944
0.6092854101905232,0.3884463819594312,0.0022682078500453704
0.8994328389999807,0.09774965710198465,0.0028175038980352667
0.44836622844230867,0.5447644859561801,0.006869285601510806
0.6072809684007497,0.3848014364523965,0.007917595146853338
0.6515547527555509,0.3396354979314136,0.008809749313035745
0.42678260502456056,0.5705711024217014,0.0026462925537365936
0.6478329321531988,0.3444195054668744,0.007747562379926271
0.592688452875731,0.38877520091854734,0.018536346205722438
0.5568876488348603,0.43033610311422676,0.012776248050913222
0.22683987738651604,0.7528446714468163,0.020315451166666807
0.49148176311736386,0.49808241119793006,0.010435825684706823
0.5970781585442383,0.398483357109516,0.004438484346247197
0.5301542525432393,0.4619791566575855,0.007866590799173139
0.19732892336726418,0.7838178776161417,0.01885319901659415
0.5583001558144688,0.43876199407917305,0.0029378501063588073
0.5183160703670797,0.46601094486039807,0.015672984772522314
0.5240182066097925,0.463879870005861,0.012101923384345079
0.48223938433973307,0.5120141269254965,0.005746488734770253
0.47143526487877685,0.5105342646917784,0.018030470429444775
0.41398138432046666,0.5681547160842682,0.017863899595266606
0.4869105440577337,0.5027471419199846,0.010342314022279926
0.362121647257261,0.6124104267541548,0.025467925988585462
0.9103444662711161,0.08686798421529585,0.002787549513588776
0.3333460228876945,0.6561442921869924,0.010509684925311387
0.7020188869966489,0.28989457569145777,0.008086537311893632
0.621165513163421,0.3722284428973889,0.0066060439391896035
0.6240757467367091,0.3616498525587888,0.01427440070450127
0.7705846000872844,0.22280931397864492,0.006606085934069209
0.22749190537995415,0.7609297009991752,0.011578393620870176
0.2706218054060832,0.7138016425064382,0.015576552087478726
0.5257568172865527,0.4662546718180674,0.00798851089538059
0.2469895652864073,0.7264066387587356,0.026603795954856655
0.5963982442859765,0.3949182259483422,0.008683529765679843
0.7558720520971052,0.2389621064043925,0.00516584149850262
0.6755769560308513,0.3129028843100297,0.011520159659121038
0.4659138868037016,0.507190308910449,0.026895804285850658
0.8935898445793437,0.10246095014262141,0.003949205278034738
0.6542626837073074,0.3257958939695561,0.019941422323137465
0.5295074766442558,0.4625789277275037,0.007913595628240736
0.928931228351967,0.06989751662550876,0.0011712550225244827
0.6202707797857621,0.3698545861631834,0.009874634051055263
0.19467253364299225,0.770765622280133,0.03456184407687474
0.6679014064427078,0.3240658451312972,0.008032748425993982
0.22394948459613462,0.7466684817000339,0.029382033703828466
0.3926286187395826,0.5939320115014524,0.013439369758965673
0.2998106633756685,0.6952007823377463,0.00498855428658631
0.45206303344073673,0.5378412583221915,0.010095708237072308
0.6973688799593896,0.29884350243195146,0.0037876176086593977
0.7279992372837603,0.2547329352317083,0.017267827484532417
0.22541271116176137,0.7544925422568357,0.020094746581403797
0.5272179130267269,0.45717994277975516,0.015602144193516541
0.15349351941852443,0.8296530611472714,0.016853419434205118
0.2298984669848577,0.7565193406341653,0.013582192380976778
0.475654278987946,0.5139962527693221,0.010349468242732666
0.9528410927235752,0.044572597355983436,0.0025863099204425557
0.6246835378438785,0.36872272398767425,0.006593738168447234
0.6092931652034279,0.3707396077892984,0.019967227007275472
0.8485651386922574,0.14361156964588556,0.007823291661854838
0.5371452085571,0.44985477485757547,0.013000016585324854
0.6991008206923613,0.2946774375824069,0.006221741725232071
0.6017291141412324,0.3806318614544282,0.017639024404341726
0.28399216248636666,0.6997902876411375,0.01621754987249516
0.6045129534046089,0.38661485351628416,0.008872193079109277
0.5013567183655252,0.49003737969198946,0.008605901942485448
0.4491190903784564,0.5088382958434736,0.04204261377806894
0.7044273654641631,0.28740143454352535,0.008171199992307919
0.7497896801145845,0.24756030564574646,0.0026500142396676126
0.46398834431823943,0.5245961553959098,0.011415500285851867
0.2533159906160656,0.7256492446651034,0.021034764718830052
0.4338558914994021,0.5432023408633555,0.022941767637242875
0.8771454884519014,0.12013338730426316,0.002721124243832758
0.6450934311577521,0.34908328767238234,0.005823281169866405
0.36188553785605354,0.6253490708792212,0.012765391264726558
0.3153041964811641,0.6690725533729797,0.015623250145855626
0.6222097781782958,0.37101822002999923,0.006772001791705217
0.6208391147808515,0.3685605009591062,0.010600384260043868
0.7691412433754014,0.2282420151015575,0.002616741523040583
0.5257935724045992,0.4695911894270686,0.004615238168334
0.49354424219238613,0.47450000911995205,0.0319557486876611
0.6759454485027684,0.3118119372627981,0.012242614234435243
0.5816145805955972,0.40853372100992885,0.009851698394473894
0.8048962621499053,0.19324933822510085,0.001854399624993628
0.8390948309159213,0.1589364985110175,0.001968670573060808
0.4698003262606745,0.5183715589128656,0.01182811482645962
0.36209181260816586,0.6292331952663185,0.008674992125513092
0.5574093848330368,0.42958742738015576,0.013003187786807644
0.6188404885891614,0.37729665348026886,0.0038628579305672018
0.6073312719579689,0.37912121067884036,0.013547517363189134
0.5826088997414484,0.3984510366020369,0.01894006365651407
0.7835152527941711,0.21545130613709443,0.0010334410687357224
0.3365807909283928,0.6389833433501029,0.02443586572150366
0.3296292808244233,0.6490831392471216,0.02128757992845544
0.6924226977977145,0.30169435018101765,0.00588295202126835
0.7000894803018323,0.2957608608532197,0.0041496588449478925
0.5230468133924365,0.47273482546477014,0.004218361142793104
0.3811375014844179,0.6111082352840329,0.007754263231549885
0.5443592971986874,0.4388252629029153,0.01681543989839679
0.4909205669749449,0.4992603805700279,0.009819052455028017
0.7690037892977407,0.22117938469504214,0.009816826007215975
0.5531085820006627,0.4246471866002844,0.022244231399053727
0.6286175943009535,0.34665822757717246,0.024724178121872418
0.6577182507017447,0.3383900436356168,0.0038917056626375504
0.5506537456563333,0.42314012692786196,0.02620612741580507
0.6535800083989642,0.3362218340369085,0.010198157564128077
0.3291769757523507,0.6451344327853624,0.02568859146228852
0.2693494390967095,0.6829372396303449,0.0477133212729442
0.3826481529136235,0.5923434874842609,0.025008359602113867
0.6924871286613493,0.2982348873112095,0.009277984027440237
0.707564160392321,0.28881646280221884,0.0036193768054601613
0.6609988329353995,0.33625623152937645,0.002744935535224681
0.5047488929980218,0.4840676844160926,0.011183422585886883
0.7697988730134504,0.20736899464562605,0.02283213234092324
0.6362990682562774,0.35494739651725227,0.00875353522646909
0.6082298510820608,0.38280314426190326,0.008967004656036243
0.6474113021954521,0.33735066092415134,0.015238036880397793
0.517699490565221,0.4552520002019255,0.02704850923285287
0.767426355733122,0.2218828706619475,0.0106907736049308
0.6707300668040216,0.3245790273095048,0.004690905886475397
0.5433768358601708,0.44272756113172,0.013895603008107636
0.3829348134520467,0.5966716756472475,0.020393510900707353
0.5518517804786869,0.4332831977405721,0.014865021780741866
0.8172847579316145,0.1749787504940151,0.007736491574372433
0.779091177546306,0.21329969537981386,0.007609127073881357
0.43930378367067124,0.5364700917370284,0.02422612459230162
0.5414974207505084,0.4487418594074431,0.009760719842048115
0.8017024521176179,0.19039539545703374,0.007902152425348237
0.20809061301441847,0.7453152453747175,0.04659414161086511
0.49767414476093247,0.4822243876608717,0.02010146757819389
0.9213158658084553,0.07789113540128231,0.0007929987902624358
0.7707103706120804,0.2136413657617265,0.01564826362619338
0.6762650346227563,0.3184688562455546,0.0052661091316907925
0.511554399302966,0.46127138195565864,0.027174218741373574
0.7885430475001355,0.20659951233266213,0.004857440167203245
0.23562518430516036,0.7549738198655586,0.009400995829278851
0.45098839005271446,0.5435236523495295,0.005487957597755885
0.4477543975571268,0.5354478166566361,0.016797785786237664
0.6304882738245615,0.31437560102206347,0.0551361251533761
0.43037115167608897,0.5649755646554279,0.004653283668483032
0.6753676873671344,0.31969708594599583,0.004935226686869657
0.6968854908980091,0.29833971825674965,0.004774790845240583
0.45694865124959255,0.5189510676139574,0.024100281136449866
0.6141776915197691,0.3836435059079551,0.0021788025722767365
0.5128773687244316,0.47181375873493814,0.015308872540631105
0.37216673305128484,0.6138330073712646,0.014000259577449775
0.8348019686691935,0.1574269785011372,0.0077710528296699955
0.35452927441501425,0.639775325198005,0.005695400386981648
0.18471813054685227,0.7890902394960763,0.02619162995707142
0.8043111493681468,0.1888430050968905,0.00684584553496394
0.8055048930847102,0.18920592559798313,0.00528918131730615
0.5725719357907291,0.4094992739527052,0.017928790256565533
0.3481633691286349,0.6448933985221681,0.006943232349197494
0.4036065502333414,0.5882019646397623,0.008191485126896686
0.5515144902247638,0.44326284876249233,0.005222661012744039
0.6008086783098667,0.393835300692582,0.005356020997552891
0.3227889636625583,0.6672739185819345,0.00993711775550571
0.4418218591289397,0.53180779105322,0.02637034981784003
0.22546708216574615,0.7587899760656284,0.015742941768625326
0.5576481744998546,0.42605424739327075,0.016297578106873562
0.23347215069415844,0.7369487208816862,0.029579128424152973
0.4353779036165175,0.5424687781806061,0.022153318202875777
0.3985201289657498,0.5841684437977869,0.017311427236463846
0.5076043676893813,0.4845586039024096,0.007837028408210272
0.19889014189636578,0.7557129306276049,0.0453969274760298
0.8548019513463404,0.14234951612504912,0.0028485325286137426
0.759700325945367,0.23671038485124876,0.003589289203385649
0.4515609416163605,0.5163807628854836,0.032058295498155025
0.6469633335668468,0.346537380812985,0.006499285620168358
0.5511780312363355,0.44496104029727335,0.003860928466391882
0.27363070464596406,0.6903175321553856,0.03605176319864775
0.3421059078382794,0.6459160943991636,0.011977997762556382
0.8701160596947201,0.12798686428261064,0.0018970760226695695
0.4405810718012387,0.5458688069912746,0.013550121207486542
0.4746006905991168,0.5188824367066827,0.006516872694202722
0.7815862226538774,0.21463776019780503,0.0037760171483186724
0.4563181968065811,0.533999265385667,0.00968253780775212
0.2665034359402803,0.705508575063214,0.02798798899650512
0.3610435723271811,0.5976103975589995,0.041346030113820154
0.7094609914293152,0.285108648636137,0.005430359934548202
0.4057480060519026,0.5826040208507122,0.011647973097385602
0.5882707434056089,0.40458982563594703,0.0071394309584453
0.4039113205658974,0.5485389559482045,0.04754972348589729
0.6614391656757261,0.33399082636223715,0.00457000796203785
0.4310964556467729,0.5607381434156056,0.00816540093762101
0.3345675483976733,0.6521735649766116,0.01325888662571836
0.498448136444636,0.4884570849673118,0.013094778588052839
0.28506953676380703,0.7087741499883373,0.006156313247855707
0.7805910301027917,0.20654147186525135,0.012867498031957785
0.2986675046926212,0.6770634513595423,0.02426904394783586
0.7545547794290502,0.23823651230720874,0.007208708263740897
0.6329753963781622,0.3461159692998393,0.02090863432199671
0.6888476840064104,0.3073964643228098,0.003755851670778394
0.5590747013237805,0.4199586066983033,0.020966691977913864
0.540635845459172,0.427717163521232,0.03164699101959774
0.462548501561063,0.522904761780365,0.014546736658570343
0.4013130201882187,0.5862562957487837,0.012430684062996815
0.7633997023113224,0.22261082328116177,0.013989474407515936
0.7351354873505678,0.2559209152909789,0.00894359735845392
0.5811678114538724,0.4057264446021172,0.01310574394401061
0.8334290493029317,0.15884109931061877,0.00772985138644845
0.44245034777782544,0.5356849183455924,0.02186473387658244
0.25623141526359167,0.7357303933108941,0.008038191425514955
0.6109698728642996,0.37373352163958473,0.015296605496117282
0.3060697131734056,0.6898728831453077,0.0040574036812873904
0.7275503088684218,0.2648135414139461,0.007636149717630347
0.5117397931785598,0.4748104221079387,0.013449784713502163
0.8030792915374845,0.1885595012128823,0.0083612072496333
0.6606199411076297,0.33271761014512885,0.006662448747241714
0.6657053483061942,0.33087187709369653,0.00342277460010769
0.6397649181797311,0.35249564215236323,0.007739439667906653
0.8095895755659375,0.18578386672720457,0.004626557706856661
0.8975147152907758,0.0947505632399834,0.0077347214692419656
0.3438557255208674,0.6359016166141974,0.020242657864937078
0.820356346316758,0.17545506343407502,0.004188590249166207
0.8176270592542474,0.17494776539539583,0.007425175350356632
0.51946727507165,0.4587565985185796,0.02177612640977083
0.5548413080190889,0.44118531607488354,0.0039733759060265215
0.5550842218754846,0.437969231296098,0.0069465468284176345
0.39689938526990376,0.579458282120539,0.02364233260955665
0.33949163683381134,0.6483968848522019,0.01211147831398578
0.6980948674769304,0.2966502976571809,0.005254834865887444
0.4928172256479479,0.48647266466082995,0.020710109691220908
0.498552024366083,0.46585083761000906,0.03559713802390894
0.3888221026366423,0.5916464370489891,0.019531460314368927
0.47886432314203814,0.5102828892553263,0.010852787602635125
0.40395138703785344,0.5749770132764505,0.021071599685697183
0.4007926425798053,0.593276534626957,0.0059308227932365004
0.24974990689138532,0.7328425542078095,0.017407538900806745
0.5939182235509963,0.39851927490044414,0.007562501548558015
0.46234849964764163,0.5345708765523647,0.0030806237999922723
0.6127404638645431,0.36742540175927435,0.019834134376184913
0.4219316167171452,0.5595133822635916,0.01855500101926448
0.8570968786741059,0.13993262088035233,0.0029705004455420764
0.42837814988274003,0.5508808961202105,0.020740953997048613
0.4773021078311515,0.5145984601440552,0.008099432024794417
0.4568382819663422,0.5345714513782396,0.008590266655420507
0.4227446224260575,0.5455599237098014,0.031695453864142194
0.21436607388347045,0.7609267011017389,0.024707225014789676
0.3234996826146344,0.653340026432642,0.023160290952725416
0.3163959279167813,0.6718184162768889,0.011785655806332012
0.2473303438869653,0.7195847047335812,0.03308495137945266
0.36399023423457316,0.6310520004341709,0.004957765331257101
0.4927803542698132,0.5037513999166423,0.0034682458135419474
0.37784388106002464,0.6099675842026684,0.012188534737306985
0.25970575501610127,0.7295574173212748,0.01073682766262184
0.7301120934336001,0.26308822399998544,0.006799682566415506
0.5113695152682434,0.4671961176816536,0.021434367050101405
0.8157641274021189,0.18252216679502983,0.0017137058028488927
0.7388981644918927,0.25728387902932404,0.0038179564787830995
0.6210890190522937,0.37267898716366915,0.006231993784034447
0.6181408984498216,0.3506260352400034,0.03123306631017462
0.46009584652107405,0.5296815929841914,0.010222560494736362
0.4511970569264837,0.5399495409659596,0.008853402107557695
0.6359595575603036,0.3606497566282539,0.003390685811442479
0.6811979990670214,0.31693932804183306,0.0018626728911427396
0.6550905017456619,0.3365891623205713,0.008320335933765438
0.7158828787178172,0.27834182157501597,0.0057752997071668305
0.5782014248343195,0.3997112594665012,0.022087315699180092
0.6589675924253849,0.310681618914044,0.03035078866057122
0.8904516402227163,0.10653346920232054,0.0030148905749636068
0.387901543006706,0.6045812985506405,0.007517158442656281
0.5783012847191056,0.3849945005405436,0.036704214740350925
0.355756664982697,0.6165436125779864,0.02769972243931485
0.6741156109551971,0.3161363231749858,0.009748065869816918
0.46192096910533514,0.5145979262367105,0.023481104657954267
0.34169901598685815,0.6361030563488239,0.02219792766431881
0.651820460220531,0.3439025731566712,0.004276966622798339
0.22426130391739718,0.755467404573964,0.020271291508639665
0.5914049507007888,0.3876371864525827,0.020957862846627675
0.6824657838591822,0.3114034424484942,0.006130773692323941
0.6815147331587952,0.3051667850309165,0.013318481810290043
0.8789869430782659,0.11819446411888801,0.002818592802846302
0.6344066419029136,0.36032285627245003,0.005270501824635647
0.6680411585565278,0.3250853787611917,0.006873462682282485
0.3480971196854277,0.640364385840952,0.011538494473621305
0.6944892315214432,0.28072914714554087,0.02478162133301554
0.5086897563393897,0.48595315132202505,0.0053570923385861955
0.7487975253986956,0.24919474300872535,0.0020077315925786186
0.5313282042620424,0.4511826903634518,0.017489105374505275
0.6449919938403771,0.3393508134550829,0.015657192704540752
0.7814528087371817,0.2161186156548892,0.0024285756079290397
0.5125643615935791,0.4835606937073779,0.0038749446990433965
0.8517919396487528,0.14280331101229599,0.005404749338950281
0.4935726700543856,0.49483748611984635,0.011589843825768338
0.6523957063042913,0.3449266844214528,0.0026776092742560324
0.3765781427094948,0.6160574542239792,0.007364403066525997
0.6625576880791395,0.32575653288909734,0.01168577903176407
0.7043728013270946,0.2927868666716494,0.0028403320012558866
0.877782549553851,0.1207508810336316,0.0014665694125157106
0.35746757710261295,0.6341790877976752,0.008353335099711954
0.44935177749325284,0.5412909061140703,0.009357316392676712
0.4321599665316783,0.555630772294484,0.012209261173835808
0.4526717572569508,0.5089145791909756,0.03841366355207394
0.3563953138186,0.6228680309885448,0.020736655192854673
0.4059753605251401,0.583013758983605,0.01101088049125453
0.45352931089877746,0.5274116368073349,0.01905905229389002
0.46787250093327054,0.5172987942219456,0.014828704844785085
0.7670261655424948,0.22810795201182882,0.004865882445676543
0.24921055499163391,0.7252507556057805,0.02553868940258541
0.8872763502398716,0.1097107339479194,0.0030129158122092076
0.37310867087482946,0.5850385379588279,0.0418527911663411
0.4450621995328487,0.545861508557797,0.009076291909354169
0.8617470356176522,0.13703353201192578,0.0012194323704226911
0.6866866513283589,0.3037179195440851,0.009595429127555464
0.790184804302484,0.20176612191934834,0.008049073778166198
0.661126843416038,0.32934130405667017,0.009531852527291352
0.5113418217218121,0.48118115242316184,0.007477025855025049
0.32419222435694567,0.6724707044736602,0.003337071169393803
0.47353563209640637,0.5182381941079521,0.008226173795640637
0.6372862058089914,0.3600557270495462,0.0026580671414617625
0.7023126029232568,0.292901358584669,0.004786038492072841
0.713915109842398,0.280600981333486,0.005483908824118548
0.18531633814986861,0.7988390714536909,0.0158445903964399
0.7097084188009182,0.2838800783315426,0.006411502867541793
0.5045200185159906,0.4904834374619651,0.00499654402204461
0.37326546194457316,0.604148674566213,0.0225858634892146
0.7004796353547289,0.29733842653465886,0.0021819381106112467
0.4896936392086775,0.48278977221006236,0.027516588581259008
0.6758145178726889,0.31122592965654133,0.01295955247077004
0.32052407226258156,0.6676595218383439,0.01181640589907626
0.4925040640341507,0.5032623794157394,0.0042335565501091
0.7436200051861714,0.2504109548423514,0.005969039971476693
0.23953802679897013,0.7475342000676908,0.012927773133337548
0.5331974791102946,0.45287313858368006,0.013929382306025017
0.7126950127011884,0.28070584450000224,0.0065991427988127335
0.46600362394469536,0.5277448860775201,0.006251489977783536
0.21880044539369578,0.7430543526960831,0.03814520191022107
0.44981277265871955,0.5381395924497827,0.012047634891497894
0.40567404386308953,0.5517884514765399,0.042537504660371435
0.6510258737607333,0.3323848452122577,0.016589281027007914
0.4409111443769232,0.5481772916220539,0.010911564001022141
0.6293702146358618,0.36666453322871745,0.003965252135420031
0.6333758158462955,0.3554960171294943,0.011128167024210274
0.4100316324815884,0.5850677646564081,0.0049006028620038455
0.4935762890143298,0.49290208144209513,0.013521629543577239
0.35701361118826525,0.5732414459975561,0.06974494281418056
0.5752932431995679,0.417827441616218,0.0068793151842139405
0.5531935454212116,0.43699040186545257,0.009816052713336049
0.38048615236744643,0.6057876103378979,0.013726237294654175
0.9089402679748851,0.08443739942211854,0.0066223326029962466
0.5037177557763756,0.4839690518461648,0.012313192377457883
0.6513464843475597,0.34382783147224516,0.004825684180193707
0.40312873053185827,0.5554679495563264,0.041403319911815804
0.8107777729945146,0.187530221880333,0.001692005125150719
0.48693471081106654,0.49919621083706733,0.013869078351865351
0.3671522952084023,0.6100597585873325,0.022787946204266964
0.5201675853408327,0.45996360775355566,0.01986880690561126
0.22813500926666452,0.7268736564257234,0.044991334307610625
0.7306619666789244,0.2583173940050554,0.011020639316020929
0.868867343590853,0.12867045122629236,0.0024622051828548435
0.4199109555616384,0.5505341228179353,0.029554921620424567
0.6078685264513985,0.38195004852379316,0.010181425024807645
0.6496713140926935,0.34842884275312064,0.0018998431541882381
0.23243067324019204,0.7523937294408468,0.015175597318961525
0.6134357853172063,0.3743147912326879,0.012249423450108267
0.6311624878758176,0.35399956868634536,0.014837943437838877
0.6576228869182512,0.33947110754177,0.002906005539978662
0.7712790945617178,0.22359310172322416,0.005127803715059878
0.6775297868815792,0.3178170769354347,0.004653136182984108
0.47112021319793135,0.5170815824748269,0.011798204327241366
0.5090636800183441,0.47553795322566467,0.015398366755991617
0.7119694372495534,0.2842957830219984,0.0037347797284496536
0.6215713665683464,0.37101559737647616,0.00741303605517396
0.44901060587962194,0.5441325924227247,0.0068568016976533865
0.5926229310313299,0.391017390717881,0.016359678250786415
0.5396333052092267,0.44007262929590596,0.02029406549487001
0.600551737259397,0.37860907053349063,0.020839192207111935
0.7807492428575906,0.21235304896392632,0.006897708178482521
0.39115477341078597,0.6013371805665918,0.007508046022621758
0.6149760331669877,0.3733417257564424,0.011682241076568773
0.2716577488461801,0.7182236836109849,0.010118567542835265
0.6437447043165334,0.3507784579809413,0.0054768377025255464
0.6851805115167587,0.3089458743962914,0.005873614086949096
0.7589279031188567,0.23247374605856597,0.008598350822577646
0.614693936386676,0.37321539919292684,0.012090664420397591
0.4808270093052294,0.5057315062317252,0.013441484463044955
0.44471380982325226,0.5486317429120706,0.006654447264678026
0.7893625177212583,0.20292014408756184,0.007717338191178405
0.4308898829376235,0.5521290208099725,0.0169810962524046
0.45063778502389523,0.5314554886188063,0.017906726357299015
0.36749736392085347,0.6107758735722585,0.02172676250688962
0.8605661938630875,0.1383071335832681,0.0011266725536459203
0.8072877727810979,0.18227942801965946,0.010432799199243947
0.540669024287928,0.4542496682915825,0.005081307420489542
0.5761240284275986,0.4162102666043411,0.007665704968057728
0.6044429833282485,0.38982650632364807,0.005730510348105776
0.4950831234690065,0.5002466297345534,0.004670246796439767
0.4838830766437542,0.49894261382505745,0.017174309531187256
0.4092097443247508,0.5678923260566432,0.0228979296186067
0.49299253156269895,0.4780776410214488,0.028929827415852444
0.6157952305588175,0.37971849231272914,0.004486277128455431
0.22816415297597692,0.7503602885234278,0.021475558500594964
0.3305865045762381,0.6602997266712709,0.00911376875248859
0.27086386179646227,0.7059745807766284,0.023161557426909053
0.5252617938144988,0.4634344786494512,0.0113037275360514
0.3986591285258813,0.5416456869691203,0.059695184505000255
0.8038178334357637,0.1867624807293965,0.009419685834840192
0.705575810307447,0.2755636587026636,0.01886053098988863
0.35232114514129004,0.634238575519248,0.01344027933946124
0.5523871763257258,0.4431441893021175,0.004468634372155956
0.242443925226286,0.7492145551475214,0.008341519626192
0.5793542515634346,0.40955765497002633,0.011088093466538619
0.8489375093450833,0.14646077383910197,0.004601716815814591
0.2852039929925546,0.7066902026977677,0.008105804309677942
0.6132632238637403,0.3835351389399143,0.003201637196345609
0.6131638314111969,0.3837112417697572,0.0031249268190444656
0.48623645256412606,0.4919841971821101,0.0217793502537656
0.9037653886395072,0.09126072159364734,0.0049738897668446785
0.39586154805324736,0.562846121083752,0.041292330863001644
0.3183780317315384,0.6715750750639271,0.010046893204532956
0.44176606893793713,0.5253569084004587,0.03287702266160175
0.7905122677734977,0.20558317085821443,0.0039045613682883304
0.546058694307181,0.42834496811824746,0.025596337574572952
0.7926826343863465,0.20218543174164383,0.005131933872010237
0.5028878240971668,0.47209673419423553,0.02501544170859612
0.49618014186135395,0.49600594318647584,0.007813914952170114
0.2624904173646856,0.7164438718473899,0.02106571078792325
0.6612424813395124,0.3329141472944211,0.005843371366068594
0.8376757906998963,0.15908601524978358,0.0032381940503213346
0.5093185080632062,0.48359006340178795,0.007091428535004973
0.8169004018201378,0.177806035684743,0.005293562495119305
0.7648329719627994,0.22838276040991304,0.006784267627288269
0.28775548937118905,0.6893996178281562,0.022844892800654756
0.4348444562226433,0.5449692859432674,0.020186257834089293
0.6766358467552909,0.31763097186178924,0.00573318138292134
0.5801840077482014,0.4022370895307335,0.017578902721064618
0.6432213711482175,0.3385476131670235,0.018231015684758125
0.4597460438772088,0.5044014553553746,0.03585250076741672
0.2608437392420201,0.7196006128180767,0.019555647939904792
0.2950916238354442,0.6183619154138938,0.08654646075065929
0.4256534438464824,0.5664372824480687,0.007909273705448343
0.6080780419005483,0.3833040403762396,0.00861791772321251
0.6138387458024226,0.3801625788219824,0.005998675375594349
0.6940434463605757,0.29639641325464,0.009560140384785643
0.2427144947202452,0.6895329179137736,0.0677525873659805
0.3577890868083019,0.604798170001141,0.03741274319055678
0.26971473751846226,0.7234010783483036,0.006884184133235705
0.8059771549575306,0.19139073320551378,0.0026321118369559437
0.7892170100799842,0.20623077175244497,0.004552218167572641
0.5037239601789444,0.4891341787627983,0.0071418610582566315
0.5753837719033946,0.4165081123119727,0.008108115784634783
0.34826734257846015,0.6474901929756683,0.004242464445872271
0.31036565063320964,0.6762932494710499,0.013341099895740817
0.7617253239961569,0.23006346015966475,0.008211215844177455
0.5414589721724177,0.43275177411499477,0.025789253712587317
0.4969974011292757,0.4850853071600271,0.017917291710697877
0.31203231104164325,0.6683321672796193,0.019635521678738443
0.33478330350943203,0.6328544228900252,0.032362273600544375
0.5227884819154583,0.4649454326638585,0.012266085420682141
0.7078946405496459,0.2829146226271225,0.009190736823229526
0.49910955778172034,0.49507927189220635,0.005811170326073551
0.764495291796423,0.23241253416904403,0.0030921740345315907
0.8181243058610861,0.179404718640546,0.002470975498367036
0.6825337454021264,0.3070934905516685,0.0103727640462052
0.40680482509428606,0.5831183115621235,0.010076863343591416
0.5371057889469573,0.4501102090799926,0.012784001973049302
0.6984715458506021,0.2966388943928826,0.004889559756512152
0.18609833620963245,0.7570839402879235,0.05681772350244467
0.3646338446067585,0.6260422929989166,0.009323862394326478
0.7880922833583686,0.17707074582394067,0.03483697081768997
0.5048342602162514,0.4845845698255245,0.010581169958224099
0.29805663061591114,0.6705469553857042,0.031396413998383915
0.8008820828419254,0.1931625707447442,0.005955346413332473
0.3997823116804419,0.5934800093838093,0.0067376789357485945
0.753667475105023,0.24090140816942832,0.0054311167255462435
0.6943680410036552,0.3007949250417983,0.004837033954545066
0.7801227496615192,0.21279085440309398,0.007086395935385957
0.7151701798399159,0.27366863428542904,0.011161185874655477
0.4306724413228299,0.5356872564477521,0.033640302229418564
0.20002294133706575,0.769168493093795,0.03080856556913836
0.28359132630078926,0.7083462591630485,0.008062414536163161
0.770299431819397,0.21683635273317564,0.012864215447430345
0.44417217295894035,0.5487281151934202,0.007099711847638518
0.7763308311066531,0.2003256871350915,0.02334348175825499
0.667679056830712,0.32655099014366684,0.005769953025619531
0.7340776826218539,0.25024263676610375,0.01567968061204596
0.21940718852293079,0.7190053795118814,0.06158743196518717
0.3135442014795638,0.6702796113948564,0.016176187125580437
0.405571770271616,0.5503093400290467,0.04411888969933793
0.42142692789706643,0.5698028177138427,0.008770254389089738
0.8307293446061504,0.1657932719913087,0.0034773834025414742
0.41100053458284047,0.5739150361380229,0.01508442927913773
0.5710686664151973,0.4222358205862717,0.006695512998531132
0.839235755339908,0.15589168987736587,0.004872554782725965
0.6697205354639176,0.31140122838145556,0.01887823615462579
0.7625768577774139,0.2325111078021869,0.004912034420399385
0.5935100611869306,0.38224066293757936,0.024249275875489657
0.5338168917439423,0.46042757977910825,0.005755528476948045
0.3122284896277113,0.6730654582633346,0.014706052108952624
0.8801349100758019,0.11595846879913363,0.0039066211250633545
0.5579545740921855,0.4304442964354964,0.01160112947232095
0.6881742942351144,0.30354758286864053,0.00827812289624455
0.7533591157764692,0.24324109655758808,0.0033997876659442967
0.36967585163756944,0.6129296783740059,0.017394469988421885
0.39141386071171264,0.5941964234258311,0.014389715862457785
0.3470384682370789,0.6103070836983233,0.042654448064597054
0.3439180620103765,0.6401845429608601,0.015897395028763327
0.5191862895861736,0.4496031393751728,0.031210571038652005
0.3176200284919654,0.6513950145136839,0.030984956994350846
0.5036914099338089,0.48799292373514763,0.008315666331043005
0.6242699650894917,0.3533272873107403,0.02240274759977003
0.6867722392008755,0.30892229315777536,0.004305467641348138
0.35889522666772317,0.623235697362374,0.01786907596990386
0.2835837612791768,0.6815051983554256,0.03491104036539886
0.602003593163187,0.387636427621294,0.010359979215517512
0.7874216852021844,0.20314118880446802,0.009437125993347055
0.5252608146761829,0.46652134643344784,0.008217838890371915
0.48529078989091634,0.5025576290892376,0.012151581019847616
0.4511337227218703,0.5417469847598797,0.0071192925182494236
0.574059192165729,0.4127857642388125,0.013155043595459723
0.6816016224667844,0.3145481749207649,0.0038502026124490256
0.5274976587747602,0.46628119658043815,0.006221144644801131
0.5179635604835356,0.46559484723292305,0.016441592283540956
0.7476015237249796,0.24739315532270098,0.005005320952320361
0.6001265952619264,0.39817150870618767,0.0017018960318867953
0.2402332910568272,0.7281282908593163,0.031638418083856784
0.16501917275745248,0.8203167691704742,0.014664058072071834
0.35557996408718895,0.6262491593112031,0.0181708766016072
0.22330292807796098,0.74886682349241,0.02783024842962892
0.22386516367348427,0.7692054668357489,0.006929369490768104
0.5277542406631662,0.45424617559588165,0.01799958374095152
0.30430479390972237,0.6850983963813919,0.010596809708886525
0.583652828672718,0.3770270977670457,0.039320073560237846
0.8038793505577696,0.1905878398490652,0.005532809593164105
0.43176946047414855,0.5470719488414991,0.021158590684352576
0.5748125877495484,0.41466711393016964,0.010520298320280907
0.43311888874902943,0.5432619930080793,0.023619118242893304
0.2189857717042344,0.7568924200392035,0.024121808256562443
0.34268903170564863,0.6183158225788772,0.03899514571547149
0.8961801504946402,0.10219230783483432,0.0016275416705271134
0.7574115974433436,0.24103023684118213,0.0015581657154736602
0.8290527638134724,0.16782375778697042,0.003123478399556327
0.6324655877347298,0.3539329983144956,0.013601413950775475
0.5990916377615589,0.3889828318928723,0.011925530345570083
0.31254175994588623,0.6775505520907832,0.009907687963330688
0.7463422965562239,0.2506574853336366,0.003000218110138408
0.5655038103585347,0.42138867903497634,0.013107510606491046
0.5856570077786069,0.400593490344764,0.013749501876627792
0.4756847499539994,0.5132060791532802,0.011109170892720033
0.39146389544955157,0.598972185046958,0.009563919503490635
0.4310124201635072,0.5665294179505383,0.0024581618859538254
0.5962969842193471,0.3844663151916884,0.01923670058896443
0.6302205290502005,0.36454417454217114,0.005235296407628066
0.39662311339450296,0.566673434082944,0.036703452522552686
0.5530764112680226,0.4421571108361249,0.0047664778958553845
0.6382077904057641,0.34454213556160623,0.0172500740326307
0.6467132041272688,0.3456782407313474,0.007608555141383045
0.4365783284583083,0.5420250804276928,0.021396591113999126
0.5724818504844112,0.4102240518702987,0.017294097645288563
0.30099199643236396,0.6952124355235196,0.0037955680441166305
0.6606266589249173,0.3293064238344926,0.010066917240588086
0.21744840486155043,0.7521356556908927,0.030415939447558476
0.6362853077803446,0.3562402397606791,0.0074744524589763755
0.5287025280840819,0.4178085246065217,0.05348894730939785
0.3476550457354769,0.6433579058874797,0.008987048377044327
0.20921332480197521,0.7162798834709699,0.07450679172705373
0.7341268653785534,0.26234659297582946,0.003526541645616446
0.5836233158721917,0.39823586659726534,0.018140817530542624
0.6782482366108877,0.3150271111636156,0.006724652225496304
0.40059423841318276,0.5866635881673996,0.01274217341942126
0.2041752524429189,0.7715926184485659,0.024232129108513877
0.366523791209666,0.614762040885103,0.018714167905227525
0.2721989600026113,0.7132280951777106,0.01457294481967914
0.5043551885972339,0.4783242786725534,0.01732053273021304
0.5831419571151115,0.4032968043090089,0.013561238575880152
0.5177829429705041,0.4732092460347024,0.009007810994793428
0.504150400565047,0.4920385724569643,0.003811026977988441
0.510601918242574,0.4739606485114493,0.01543743324597538
0.40281499229899637,0.5837650244588591,0.01341998324214633
0.4001733221795218,0.5873444330797215,0.012482244740754312
0.5691164565614738,0.41778393053220647,0.01309961290631988
0.4526883732594749,0.5385809286466475,0.008730698093876449
0.7953355477914933,0.19097677612287922,0.013687676085628916
0.2787950493333917,0.6778750625128633,0.0433298881537463
0.4467621755871056,0.5366593199590005,0.016578504453893757
0.7484980341969114,0.21838184310353248,0.03312012269955685
0.7626561230113557,0.2284676906691691,0.008876186319475734
0.21274436806574737,0.7525555756566056,0.03470005627764688
0.4652893268615157,0.5273662035873679,0.007344469551118789
0.5696384287718645,0.4225693260360576,0.007792245192079652
0.6695764832287817,0.32471264336922423,0.005710873401993886
0.5017006911006899,0.4797532023705994,0.018546106528711814
0.8065910210492296,0.18826420826867465,0.005144770682095672
0.7963898629018177,0.18912027344945231,0.014489863648731295
0.6603320669561291,0.3307804349195704,0.008887498124300893
0.6236719775733904,0.37278905274238844,0.003538969684221106
0.3511769936654344,0.6417713591954592,0.007051647139105996
0.7806107780744774,0.21374940433808878,0.005639817587432913
0.7646062963357476,0.22727589343546872,0.00811781022878358
0.5970954868408952,0.38970322074737646,0.013201292411726837
0.7480324937711259,0.2469348276050794,0.005032678623795692
0.5632390634897068,0.4175825467331012,0.019178389777191114
0.8726599291547759,0.12426333202482688,0.0030767388203969182
0.5180406127511638,0.4717239517505485,0.010235435498288661
0.903587113581789,0.0951183966405463,0.001294489777663159
0.4638947297526508,0.5218557135255041,0.014249556721846548
0.5576662640780916,0.43162967402891256,0.010704061892994336
0.9254425445922837,0.07071822015990051,0.0038392352478136505
0.6572104659358804,0.3367207467740985,0.0060687872900214105
0.7289837028052747,0.26541743226411607,0.005598864930606455
0.5455671138782755,0.4316185206808237,0.02281436544090133
0.4877290197553118,0.47835973567285384,0.03391124457183314
0.3552741010386551,0.6264363614129321,0.01828953754841446
0.39836614389552183,0.5821048390071721,0.019529017097305746
0.41098342372464375,0.5554542113103348,0.03356236496502247
0.7858651220649407,0.2094983004892319,0.004636577445826496
0.43928104844006277,0.5435048219396935,0.017214129620242515
0.30340372975733093,0.688145572596339,0.008450697646329323
0.6843524997975967,0.31186261272048216,0.0037848874819215797
0.5357355802349357,0.4543641366633368,0.009900283101726717
0.7326025135392246,0.2581194611268137,0.009278025333960483
0.6530390481810883,0.33955017559170514,0.0074107762272074985
0.49879859837893453,0.4465994490749025,0.05460195254616258
0.5562787053405591,0.41529292355599884,0.0284283711034432
0.5855383006969895,0.3956652012799439,0.018796498023067112
0.5936449259356149,0.39220509911643864,0.014149974947944127
0.5154781802742563,0.4749608208921209,0.00956099883362338
0.45816670596425585,0.52790296634505,0.013930327690693665
0.487347544241105,0.4926540066107212,0.01999844914817481
0.4836992326776513,0.5100092702485745,0.006291497073772972
0.5529513622439646,0.42390422111165094,0.023144416644384463
0.6546412946405283,0.329962525375224,0.015396179984248522
0.8736849438411376,0.12371189137952406,0.0026031647793391477
0.5029634322906531,0.48251839823364695,0.014518169475699337
0.5284433032668239,0.4640208850663296,0.007535811666846919
0.6619413075932001,0.3349364694744732,0.0031222229323252604
0.3629133517194048,0.6183019222999262,0.018784725980668635
0.6824030799471665,0.3127723575746554,0.004824562478177872
0.21886975341980913,0.740660399491579,0.040469847088611545
0.7897998155367146,0.2037446002535494,0.006455584209738875
0.5880041856789228,0.3949283952144659,0.017067419106611786
0.8564354991283559,0.13789810252463128,0.005666398347011316
0.825813807829041,0.1679736831277021,0.006212509043257567
0.6444837054677797,0.34956214784280265,0.005954146689418496
0.7124471432097289,0.2780808143633916,0.009472042426880324
0.7260895567793652,0.26250369908029403,0.011406744140340071
0.49730720260545747,0.4941542421326874,0.0085385552618566
0.20143519215375183,0.7891244421931075,0.009440365653141256
0.5065430853653274,0.4870816709943182,0.0063752436403549965
0.7632431486518542,0.22855476173765535,0.008202089610489887
0.295004385840169,0.6817562732633414,0.023239340896487704
0.5434579064184268,0.4489527393571865,0.007589354224387668
0.6737161586131949,0.32131045666734126,0.004973384719460462
0.6822066500073383,0.3103863244527855,0.007407025539877597
0.48238858114061917,0.5066819605641651,0.010929458295218495
0.37510911981263284,0.5925555899382381,0.032335290249128276
0.6313009808259811,0.36372972110446555,0.00496929806955357
0.5546170203031607,0.4373284926153163,0.008054487081522826
0.3471598664146427,0.5652595791224599,0.08758055446289839
0.3408275946931593,0.6522491245563372,0.006923280750502675
0.7422431742284699,0.2524920139270797,0.005264811844451596
0.3174602270600961,0.6248334808262621,0.0577062921136413
0.48621021171714296,0.4856661287556847,0.028123659527173474
0.4411730111794558,0.5427404347453454,0.01608655407519688
0.5295463706102378,0.44126640406931494,0.029187225320445587
0.2722499996715693,0.6966785485417434,0.031071451786688783
0.667605342683925,0.32694298641801056,0.005451670898065701
0.5081705494984788,0.47886797602101666,0.012961474480504713
0.5811147186614586,0.4152475256025374,0.003637755736003853
0.635052992185166,0.35683903988515203,0.008107967929682108
0.569406940744299,0.40968815447528395,0.02090490478041749
0.46913635518836166,0.5149202429807718,0.015943401830865525
0.8313928451776972,0.16515155632142514,0.003455598500876371
0.7469795407594882,0.24757234684515533,0.005448112395354412
0.22825117706939563,0.7489204152891377,0.022828407641463797
0.7333206840296328,0.25470657846490885,0.011972737505460797
0.23637837103379866,0.6872882316345877,0.07633339733161412
0.7650496322421734,0.23065363261264024,0.004296735145186788
0.4713613675429227,0.5081819257851921,0.020456706671884036
0.4575647285188863,0.5377206908785047,0.004714580602610659
0.6143158915314806,0.3765450387318018,0.009139069736719104
0.45511276344746626,0.5249430761764954,0.01994416037603901
0.3890679455486545,0.6030775442791871,0.007854510172159608
0.8145195219639829,0.17686775369960953,0.008612724336407187
0.5371791575472853,0.4527907528747791,0.010030089577937397
0.9100758961974366,0.08591518898678474,0.00400891481577796
0.4248121457742963,0.5400134981762266,0.03517435604947812
0.26462083297213973,0.6954402834948427,0.03993888353301804
0.6256041104531366,0.36942712334870026,0.004968766198163848
0.7530671416627253,0.2442360727901491,0.0026967855471231456
0.39084431586495566,0.5909486866299974,0.01820699750504675
0.681763084300728,0.31520733984374655,0.0030295758555251738
0.563280162270764,0.42907876433432995,0.007641073394904755
0.23689483765790245,0.7319953863852302,0.031109775956869135
0.6615429633002432,0.3313899391839288,0.007067097515829426
0.5205321924048073,0.4734909884632493,0.005976819131941919
0.5179144738899457,0.473122015879997,0.008963510230058477
0.5307583872206604,0.46350913289896384,0.005732479880378084
0.8733658500904885,0.1251317020037235,0.0015024479057875713
0.6895751729186713,0.3067434985422537,0.0036813285390767244
0.3212313417435364,0.658976956662057,0.019791701594406814
0.8744046641519534,0.12026354706619233,0.005331788781857396
0.6861449214641214,0.3042885524237211,0.009566526112156658
0.3836035883832639,0.5738243248681273,0.04257208674860866
0.6601955361207529,0.3311799286679826,0.008624535211266581
0.7455356663847467,0.24986021690085397,0.004604116714398178
0.32377840654376827,0.6288553199099295,0.047366273546301414
0.39351370856488044,0.5632451117759507,0.04324117965916755
0.6071719586874225,0.38598892610785746,0.0068391152047194296
0.8067558188042607,0.18973650858850244,0.0035076726072371302
0.23326647637909617,0.730625753287505,0.03610777033339986
0.8979684969842869,0.10006047860791777,0.0019710244077983984
0.8230385445380339,0.17141073418216807,0.005550721279797768
0.8136950938843367,0.17854212455275484,0.0077627815629074896
0.5104112495680884,0.4683701967890358,0.021218553642875497
0.7138037986933942,0.2823374880452026,0.0038587132614026883
0.6659790971613114,0.31771641141178286,0.01630449142690432
0.866811325310265,0.12794903428055945,0.00523964040917581
0.34263691587480977,0.6214084712515671,0.03595461287362356
0.31961644882311746,0.6692135344191101,0.011170016757776046
0.6519576287637399,0.33891454055412856,0.009127830682132429
0.5633844155701263,0.42143104845204504,0.015184535977828855
0.6373189159053962,0.3534729020637993,0.00920818203080346
0.4441096606435833,0.5214556289524409,0.03443471040397576
0.7199122138080405,0.27444153072506705,0.005646255466890238
0.6087140753955737,0.37896143473677624,0.012324489867651783
0.6504442413446896,0.34242252378728677,0.007133234868024422
0.41158205042837764,0.5804643632548514,0.00795358631676942
0.3566049575238542,0.6378590886295785,0.005535953846567382
0.7044313780115462,0.28778296055866104,0.007785661429792213
0.8679525309245079,0.13094377694530474,0.0011036921301866205
0.4807414367762563,0.5018298223298543,0.01742874089388929
0.8453201815905091,0.15246831088777266,0.0022115075217176245
0.7059915212205563,0.27827507916802413,0.0157333996114214
0.40707220742413,0.5695490066216405,0.023378785954230128
0.5009204714260133,0.482050343223363,0.01702918535062385
0.48140378786499477,0.5130489378182018,0.005547274316802493
0.48955318673678566,0.5048170052253435,0.00562980803787004
0.7669506682401744,0.2276433776748313,0.005405954084995366
0.5136342846285838,0.46779597661684047,0.01856973875457595
0.6647930447156133,0.3278823645126149,0.007324590771769591
0.5463298339149635,0.42680744621613437,0.02686271986890326
0.9422714282491915,0.055482410304058205,0.0022461614467500658
0.5261598715913717,0.4484194926196012,0.025420635789027483
0.41858155605062636,0.5665157625831373,0.014902681366237697
0.313193136330622,0.6630968409073963,0.02371002276198185
0.36833444742328586,0.6257239537429633,0.0059415988337515185
0.3514279469709563,0.6220575208991401,0.02651453212990479
0.38063405312466464,0.5680729013708659,0.05129304550446799
0.29772902504106713,0.6620196458828957,0.04025132907603437
0.6292519719705587,0.34819411354858165,0.022553914480858077
0.7543968714152215,0.23608698327291813,0.009516145311861146
0.6307973999095863,0.3527972050496946,0.016405395040719514
0.25518938132203256,0.7219229322220616,0.022887686455905592
0.681762152741865,0.31411992265223426,0.004117924605900792
0.575056062787897,0.4156775602511169,0.00926637696098682
0.2807404418630738,0.69987659636588,0.01938296177104455
0.6839679726054945,0.2954021541716937,0.02062987322281032
0.7090891566249102,0.282406782366951,0.008504061008139269
0.4234902606895522,0.5679012042800758,0.00860853503037194
0.8164475213189794,0.17447225237281808,0.009080226308203305
0.7833593009456503,0.21166957520989851,0.004971123844450893
0.787835227646116,0.20969216162681956,0.0024726107270656296
0.8235722890096493,0.17238644424448285,0.004041266745866163
0.5972626675459485,0.3966220606225774,0.006115271831471963
0.5734261014110096,0.42278088608408043,0.0037930125049082325
0.4079239967969418,0.5463048700013385,0.04577113320171723
0.20930603248158203,0.7755243871133064,0.01516958040511243
0.3628291533887799,0.622986345917838,0.014184500693382337
0.8525467826236127,0.14268645212535014,0.00476676525103545
0.8201125270032796,0.17117064170923577,0.00871683128748393
0.5471418759526702,0.4285025598591948,0.02435556418813513
0.8598175251131889,0.13777365134821307,0.0024088235385989237
0.6044460612589956,0.3797952068170686,0.01575873192393593
0.27684238567381125,0.6948458682144657,0.028311746111721627
0.34359021555627733,0.6487176571414626,0.007692127302259359
0.4685391984505593,0.5271614370517733,0.0042993644976682625
0.569358839295496,0.4186322206422336,0.012008940062272976
0.6688792251838733,0.32472181297013053,0.006398961845994001
0.5099371564633965,0.4728624158470656,0.01720042768953906
0.6765600465407825,0.3162904188960819,0.00714953456313591
0.8619132806329487,0.13180560958318438,0.006281109783869591
0.6874881175452925,0.31006927845639337,0.002442603998313027
0.6887237797630231,0.30627681756644426,0.004999402670532814
0.6925031434499638,0.30309426733210926,0.004402589217927234
0.68883014693316,0.3046796124058583,0.006490240660981183
0.8913430324744276,0.10572530428490756,0.0029316632406681422
0.3667003518853354,0.6223247572523327,0.010974890862331305
0.39315757982238686,0.5943980502367284,0.012444369940885795
0.5311575010941555,0.466767288578062,0.0020752103277847595
0.7246104794337881,0.27354061285259973,0.0018489077136087603
0.2744252012041213,0.7189555998943595,0.006619198901520969
0.29415599876418785,0.6870968468946743,0.018747154341136066
0.4276233477116142,0.5633523638734504,0.009024288414935877
0.7507610289326927,0.24579944962487757,0.003439521442429789
0.1595556412232548,0.8148517193914018,0.0255926393853427
0.24322223927581316,0.717900624616015,0.03887713610817092
0.6417908598690732,0.35239496023067374,0.005814179900252151
0.467517393739084,0.5279619218364068,0.004520684424510827
0.531310781402861,0.4610646880513013,0.0076245305458389374
0.468441366003581,0.522770898131274,0.008787735865144265
0.36687495773924894,0.6258671755427503,0.007257866717999655
0.3185055727872389,0.6714655816011522,0.010028845611609199
0.19633298220642573,0.7856292080336195,0.01803780975995433
0.31429950614979424,0.6627829950031784,0.02291749884702876
0.7579370438266863,0.23755628942075943,0.004506666752556925
0.26914521276949044,0.713592591088863,0.017262196141646407
0.8179903678753866,0.17956308362697057,0.0024465484976438213
0.665420029855843,0.3196269157521611,0.014953054391996297
0.8827133229550129,0.1146492741470206,0.0026374028979655865
0.515118758507537,0.47674267418980154,0.008138567302661345
0.467050514435276,0.525802088906537,0.007147396658189795
0.676215416042838,0.3157145810100966,0.008070002947064324
0.3905792831520664,0.6056272559538016,0.0037934608941297375
0.5490560721296593,0.44841711453931926,0.0025268133310240725
0.4353775939105101,0.5545741448883723,0.010048261201119131
0.3546733346928301,0.6378360966594601,0.007490568647711918
0.44504451179596305,0.5265909673646221,0.028364520839415083
0.2019416068714427,0.7819516230233575,0.016106770105197878
0.5773120223514973,0.4138009873355285,0.008886990312975646
0.5798709088610059,0.4050253818372605,0.015103709301736188
0.34254474565419246,0.645451128437531,0.01200412590827654
0.6182620166896869,0.37178541963459383,0.00995256367571913
0.09022023418636327,0.9013942067274315,0.008385559086205472
0.7069118460373325,0.28902456358799766,0.004063590374668495
0.29716437285196395,0.6492549093547808,0.05358071779325496
0.24680096929547657,0.7476892772936491,0.005509753410874573
0.5949896092115698,0.39726237225515265,0.007748018533276298
0.5937176629918224,0.400237866434133,0.006044470574043911
0.4341811609836757,0.5643237414505576,0.0014950975657662077
0.7800473142027156,0.21108844096490575,0.008864244832378866
0.748008710544043,0.2443053116485354,0.007685977807420839
0.8692948566519481,0.1269315673436945,0.0037735760043558432
0.6220860433202052,0.36429447472627874,0.01361948195351517
0.4547697817026083,0.5374833159230553,0.007746902374336799
0.3886161431943292,0.5974808080321099,0.01390304877356125
0.42379681172061034,0.5720181506375384,0.0041850376418490634
0.7155217776882915,0.2828343178852482,0.0016439044264591955
0.7354781290054493,0.25956846240659265,0.004953408587959962
0.8075271942770873,0.18957759187783663,0.002895213845077086
0.23726712728075328,0.7340941495618537,0.028638723157393034
0.4547082690680585,0.5307976913700894,0.014494039561853493
0.38387044487170857,0.5940394857160244,0.0220900694122655
0.894895526630079,0.10044986387334598,0.0046546094965744895
0.42204601537264713,0.5710061688676318,0.006947815759721999
0.553397866982011,0.43017818729833546,0.01642394571965354
0.6485348763978824,0.3444497246170499,0.007015398985068104
0.37344168060478566,0.6099784322684025,0.016579887126811365
0.2626029326313014,0.7079554534423902,0.029441613926306454
0.5795194541457235,0.40910794367700865,0.01137260217726902
0.4766046792538355,0.4984890809052587,0.024906239840906803
0.6989860907423772,0.2924887559715098,0.008525153286114565
0.26309446493300886,0.7250231662025286,0.011882368864463045
0.505104297531561,0.4890557181842955,0.0058399842841438555
0.6089619318530355,0.388629159153273,0.0024089089936932644
0.7583095143309688,0.23537042640525432,0.006320059263776634
0.8660730485305207,0.1253342325349876,0.008592718934493343
0.5265563140208043,0.46965631464474605,0.0037873713344493657
0.30474667781732095,0.676533595126691,0.018719727055990194
0.5326038681210121,0.454333670139158,0.013062461739829676
0.6113801881350246,0.37781050607088823,0.010809305794085849
0.561584309553823,0.417928335668928,0.020487354777246787
0.2740676495751202,0.7099620507718915,0.01597029965298865
0.7674358671795772,0.2284128951039694,0.004151237716454336
0.5659847835458817,0.4220754215831073,0.011939794871012453
0.25896445258294376,0.7165686413027036,0.02446690611435396
0.5140574368103561,0.47445210184135994,0.011490461348285776
0.7894960493260331,0.20390031822709978,0.006603632446869471
0.34673744581904675,0.6303078164113146,0.022954737769639213
0.6501209707293785,0.3402960051386624,0.009583024131958426
0.3694805867334257,0.6128238109616426,0.017695602304929343
0.6208885403432784,0.37476101399206857,0.004350445664652337
0.7418253589354609,0.25382375746798846,0.004350883596549754
0.6179243712193702,0.3675296553735319,0.014545973407099351
0.6138213833941762,0.359927230593015,0.02625138601280916
0.82587585799149,0.1706177027691135,0.0035064392393975756
0.3614147999831871,0.6126063992927104,0.025978800724100398
0.2682030885407335,0.7124719118346854,0.01932499962458092
0.6165017789471698,0.38106452564826204,0.002433695404567942
0.5206529078219827,0.4737967571051272,0.00555033507289029
0.576773148844861,0.4200856639181785,0.003141187236962058
0.31594521693510214,0.675187280852959,0.00886750221193995
0.8030441110332789,0.19412602778647048,0.0028298611802525767
0.6153603849472814,0.3760571722760562,0.008582442776663765
0.7671103855124242,0.22874848542424492,0.004141129063329976
0.8307718992430556,0.1642023836085957,0.005025717148346552
0.3492508498082654,0.6412172046422739,0.009531945549459414
0.8058798092105799,0.18238893604925527,0.011731254740164792
0.7517296840741424,0.24290181223863158,0.005368503687225278
0.25892054040303497,0.7133712633195542,0.027708196277409863
0.5450446457321391,0.45123077502900455,0.0037245792388567217
0.7106901151697692,0.28535729386693126,0.003952590963299616
0.7657752896521894,0.23035212319383436,0.0038725871539740256
0.8395954740261931,0.15360704782176743,0.006797478152038727
0.5847703970765357,0.3449444118298926,0.0702851910935727
0.286013748483665,0.7087781698298433,0.00520808168649176
0.8897527094385073,0.10910490893468282,0.0011423816268099074
0.7430605157242287,0.253020883413089,0.003918600862683482
0.8599430501217706,0.1368680059548575,0.0031889439233716947
0.7448848350597707,0.24968300609921001,0.005432158841016816
0.5990186910240078,0.39766583617242796,0.00331547280356682
0.612012309431048,0.3784447486970126,0.009542941871940767
0.823195315573337,0.17137741486658006,0.005427269560082749
0.38131833080983607,0.5925519583151108,0.026129710875053717
0.393036034591175,0.5923434845722585,0.014620480836565669
0.7016971391434214,0.2923985639614491,0.005904296895131862
0.40051925949368017,0.5690814515321354,0.030399288974181888
0.4033301386104952,0.588850949173533,0.007818912215970707
0.8005054833961429,0.19565750258254067,0.003837014021316831
0.24975295376101253,0.7360862640452213,0.014160782193763717
0.7515613699295122,0.23743764903885514,0.011000981031635618
0.6344062250193676,0.35640436015025073,0.009189414830384785
0.20025306742814847,0.7837899869492119,0.01595694562263989
0.16932332547193701,0.7964814326630673,0.034195241864995465
0.4872750759825392,0.5032865778420528,0.009438346175408596
0.44440505156263405,0.5322090195442863,0.023385928893080977
0.27054590490149455,0.7047482940815424,0.024705801016964554
0.5163480055749172,0.467152966903891,0.016499027521192224
0.37913042533275976,0.6164738419589374,0.0043957327083022244
0.5069636894578313,0.47861087418736487,0.014425436354803766
0.34686034720947,0.6044773651677672,0.04866228762276237
0.311595036033091,0.6755193597053243,0.01288560426158346
0.29862442498936626,0.6947783710840416,0.006597203926592186
0.783531544333945,0.2126813722407932,0.0037870834252585663
0.4333601027631112,0.5562880334589773,0.010351863777910707
0.3825582900000691,0.6083836106781578,0.00905809932177291
0.6685762249989334,0.321986815296626,0.009436959704439588
0.3848804919026184,0.597182854650643,0.017936653446738737
0.6734301077793173,0.3155587172174961,0.011011175003185752
0.7726235500897299,0.22397740262868254,0.0033990472815880633
0.462637231534272,0.5290410241558252,0.008321744309901534
0.37509710875226576,0.6191321269284922,0.005770764319242346
0.2817343959607254,0.7024870494427615,0.015778554596513866
0.4743322599835169,0.505086642917669,0.020581097098814224
0.15092304061499318,0.8398811286260003,0.009195830759004184
0.22424214697369815,0.7630168576632872,0.01274099536301535
0.9283496448271834,0.06927334993894985,0.0023770052338652494
0.6398573746190848,0.3475639239304873,0.012578701450427787
0.6334474036921557,0.3609803157363159,0.005572280571529196
0.7230792675592415,0.2667178196439031,0.010202912796854527
0.8367141197674356,0.1610718631857228,0.0022140170468412873
0.6648243565139614,0.3253803791687282,0.009795264317308115
0.565413776713768,0.42678970310709174,0.007796520179140975
0.4171065674179018,0.5764949420658715,0.006398490516226759
0.6314366866857619,0.35481408217514915,0.013749231139088625
0.46757671694928654,0.5117413684390025,0.020681914611712635
0.45762474642236783,0.5110173689390233,0.03135788463860983
0.6318190784555556,0.3643344944847907,0.003846427059651903
0.6654656101387613,0.31859207340318185,0.015942316458057378
0.19266742271832138,0.7869039299765387,0.02042864730513962
0.5136213858358304,0.4770738318989669,0.009304782265202455
0.3959977019192914,0.5945390257600973,0.009463272320610342
0.21976521650928035,0.7636673394243929,0.01656744406632741
0.4840695597728422,0.503707970631327,0.012222469595831743
0.8534472206958842,0.14458854913911487,0.0019642301650020545
0.8526463128666546,0.1422055331569207,0.0051481539764246294
0.4177695255390724,0.573012359045797,0.009218115415130313
0.7036437120214822,0.28786054192127036,0.008495746057248761
0.6868549620523408,0.31052688024876923,0.002618157698889067
0.7022227472799067,0.27947216311833745,0.018305089601755458
0.22321266412526244,0.7159162289847105,0.060871106890026734
0.6207186810521825,0.3624223736317108,0.01685894531610601
0.41501055203325005,0.5598723476733259,0.02511710029342605
0.6750558950443517,0.31568622819843484,0.009257876757214858
0.5819273650325074,0.39764544196695445,0.020427193000535186
0.25785578853251745,0.7062192043221945,0.0359250071452862
0.40254204937991916,0.586127706614518,0.011330244005563149
0.5876338285936094,0.39374268809330426,0.0186234833130877
0.5648545171625181,0.4324018373760149,0.002743645461467724
0.7207114844973984,0.2702833716409571,0.009005143861645984
0.6871541872495296,0.30410945588859006,0.00873635686188365
0.10916174977743787,0.7892367728190662,0.10160147740349755
0.5300745951498309,0.455496666261891,0.014428738588278483
0.8681581540142304,0.12984227420752778,0.0019995717782396233
0.5860367511969711,0.40633481773680813,0.007628431066222639
0.5074824011300203,0.48685720195917087,0.00566039691080685
0.7131989099106015,0.27214634443757846,0.014654745651820695
0.5814413258302883,0.40891151207294957,0.009647162096761652
0.6501478226321395,0.3339284529583433,0.0159237244095179
0.2631348284695944,0.7181117301750916,0.018753441355313653
0.15760010012828746,0.8371820394552798,0.005217860416431472
0.8360605586411491,0.1562974060961152,0.007642035262735967
0.632009799513791,0.35205191805351777,0.01593828243269134
0.6197792347767811,0.376047666281674,0.004173098941543012
0.3395409359653514,0.6250573640658644,0.03540169996878325
0.4640416148133432,0.5115782777246082,0.02438010746204863
0.7061767481727882,0.2885975689812793,0.005225682845931363
0.4095147447979194,0.5701957676409843,0.02028948756109505
0.3685893686095625,0.5926331694279339,0.038777461962503715
0.19325262378319571,0.7942296104882391,0.012517765728563576
0.43822403565876883,0.5149641071703204,0.04681185717091007
0.4035829486022539,0.5886292346859305,0.007787816711815712
0.5721767442606274,0.4214300321463519,0.006393223593018577
0.21784391874352502,0.7429219167937643,0.03923416446271103
0.6550146829540986,0.3354279125003625,0.009557404545539694
0.6028609662760406,0.38589893617923693,0.011240097544721512
0.5512012183739551,0.4387581825875246,0.0100405990385196
0.5014746619591732,0.4928197846192149,0.005705553421611912
0.53457598357062,0.4605120799647354,0.004911936464645926
0.8045332043301373,0.1913596675882133,0.004107128081649429
0.42232335604586574,0.5626374763401367,0.015039167613999191
0.512135442499306,0.47489921277696173,0.012965344723731549
0.6346130666019366,0.35572558388358894,0.009661349514475963
0.934087718180288,0.06419984997195294,0.0017124318477570925
0.7981733484320396,0.20052480002379613,0.0013018515441626825
0.35552891030996653,0.5963077931858722,0.048163296504159556
0.6290045062961614,0.35907235762888556,0.011923136074952805
0.5006166858270658,0.48110543918022664,0.01827787499270942
0.400747498115828,0.5875749786744245,0.01167752320974738
0.431362369135555,0.5443494801781565,0.024288150686287827
0.6604165232400148,0.3358788581519804,0.003704618608005633
0.8725008250006401,0.12471380083299434,0.0027853741663665726
0.2972960827223452,0.6855266988175059,0.017177218460149538
0.469266845774725,0.5038252199839169,0.02690793424135852
0.20875209061376543,0.7237003943314958,0.06754751505473665
0.33052900963767046,0.6518237333233748,0.017647257038954162
0.34072062325014624,0.6163896696516111,0.042889707098241414
0.7653277195611565,0.22018035402674715,0.01449192641209687
0.3177312042313581,0.6784780490184606,0.003790746750180933
0.563606859526016,0.4148510622423331,0.021542078231650004
0.32544745124872226,0.6485564918064248,0.02599605694485297
0.4486849969485202,0.5353125912965205,0.016002411754960845
0.6520407553372418,0.34476422312011124,0.003195021542646276
0.5984354085207781,0.395513242873237,0.006051348605985119
0.6179618893295806,0.3711192952994559,0.010918815370962325
0.3824782601917615,0.5954807359984531,0.022041003809786748
0.6635976397217256,0.32567306099285476,0.010729299285422733
0.7865723786535133,0.20855726063485835,0.004870360711627304
0.40982614582316595,0.5692897006081653,0.020884153568670367
0.541418524708737,0.4412104117681583,0.017371063523105613
0.36812751793088017,0.6228997636292705,0.00897271843984823
0.81133847430506,0.17850587243997967,0.010155653254960643
0.9024315083796443,0.09414457368697071,0.0034239179333852027
0.7124872686296937,0.2785542339801034,0.008958497390200163
0.47244233987250706,0.45102502799326116,0.07653263213423064
0.5799892439851253,0.41393210946210257,0.00607864655276953
0.7647890373863869,0.22695475855488742,0.008256204058725703
0.5650759652730508,0.42129539309406905,0.013628641632880058
0.3621091528963679,0.6182683835924678,0.019622463511165294
0.6650680392705436,0.31075358700089784,0.02417837372855851
0.474176331063281,0.5056522396416081,0.020171429295108696
0.42826480425333413,0.5621296923254562,0.00960550342120856
0.7128906087353822,0.2721668052228699,0.014942586041748128
0.536797643652375,0.43356298207881167,0.02963937426881567
0.694558545792544,0.29729557789079936,0.008145876316657719
0.5599498693020125,0.41866484195499437,0.021385288742993905
0.4182259148913844,0.5534150354666866,0.0283590496419289
0.2410790922598826,0.739110264377456,0.019810643362661633
0.48201012504694596,0.5054683846911807,0.012521490261871932
0.8644232097262461,0.1319972026852074,0.0035795875885484803
0.5328652745548953,0.45585780388188935,0.011276921563215015
0.3757929753231008,0.6111040153311206,0.013103009345778231
0.6242359599058629,0.35933009808948185,0.016433942004654128
0.3662758421400502,0.6242419993281284,0.009482158531821142
0.3025198192439615,0.6794757232699096,0.01800445748612972
0.7554975915068302,0.2401058765699334,0.004396531923235337
0.5939253153401991,0.39528828652558246,0.010786398134218243
0.887854553085833,0.10630229488960342,0.005843152024565789
0.23329728163127866,0.7623099585489047,0.0043927598198139385
0.644761550761772,0.3435511475514209,0.011687301686807212
0.821370181042079,0.16666424263569102,0.011965576322228765
0.426205825358763,0.558831240368222,0.01496293427301358
0.5464652898650485,0.448881367404412,0.004653342730538869
0.41271729117902684,0.5682283068553455,0.019054401965627864
0.5202401983512396,0.4672441560552302,0.012515645593529526
0.315755726457027,0.6706102687822857,0.013634004760686222
0.3487224692409485,0.6242528993492379,0.027024631409814443
0.3040417888419674,0.6219681194624357,0.07399009169559528
0.7488931470657111,0.2399066773797039,0.011200175554583863
0.3866696792878015,0.6018426925559649,0.011487628156231108
0.6533651367250147,0.32761497764803144,0.01901988562695122
0.5227533374534945,0.4540208913000871,0.023225771246418878
0.4588704478307634,0.5332520505407632,0.007877501628474289
0.20866183796044496,0.7799461167832829,0.011392045256272201
0.472060528576916,0.5108208936522574,0.017118577770826933
0.7488606155159072,0.2461884521420157,0.004950932342076595
0.38193106223653833,0.5789503154164917,0.0391186223469715
0.6563345734820365,0.3351863974004817,0.008479029117482025
0.6564644801970384,0.29588945437075514,0.04764606543220696
0.6736312911789646,0.3208769260105148,0.00549178281052142
0.4759280303223592,0.38299603645933644,0.14107593321830286
0.7209018642737962,0.26925676110106406,0.009841374625140056
0.6205166621422523,0.3662090077672482,0.013274330090499439
0.7198676123452539,0.2717644232735597,0.008367964381186267
0.513336746189376,0.4752006978509507,0.01146255595967393
0.5995629891064024,0.3868850045857859,0.013552006307809675
0.4670665476419842,0.5202955240716615,0.012637928286354546
0.7963786626054704,0.20075395563088583,0.0028673817636459525
0.4642189640432512,0.5204308066810668,0.015350229275683091
0.45998256143315636,0.5231227321115464,0.01689470645529806
0.2326050926652713,0.7434742823501671,0.02392062498456035
0.7078232331673345,0.28900843755798156,0.0031683292746842967
0.5927569585824396,0.39542362463524394,0.011819416782315099
0.7786203944719381,0.21811039948847039,0.0032692060395907623
0.5591214984196204,0.42856198634006853,0.012316515240312947
0.5102518379768364,0.4707368260538079,0.01901133596935582
0.8362427649899195,0.16017704835374533,0.003580186656335509
0.6825390299979036,0.31004465997722425,0.007416310024872995
0.365123221156828,0.6318910216268644,0.002985757216306437
0.7081939320474516,0.2851736088844224,0.006632459068123287
0.3697195309056322,0.5971458729220663,0.033134596172300274
0.459761987390573,0.523984191025635,0.016253821583793272
0.6660452836854255,0.3054656172158699,0.028489099098705083
0.8258184910550251,0.17146323641132086,0.002718272533653817
0.2664456042850207,0.7254987224734749,0.008055673241500982
0.468620517027797,0.5017266550562329,0.029652827915970167
0.5190267058935165,0.4709165432948062,0.01005675081167774
0.33694188751465265,0.6541225314246882,0.008935581060658487
0.7685558020900174,0.22109213524414714,0.010352062665835342
0.27799278492554164,0.7131868645075305,0.008820350566927595
0.6713512422768041,0.320414801153808,0.008233956569391236
0.9236335480359154,0.07442487018011115,0.0019415817839751293
0.5859597649225718,0.39787252036772447,0.016167714709704586
0.528173762461771,0.4580750475632256,0.01375118997500442
0.6541771056470482,0.33875687449495145,0.007066019857998929
0.6623467359429078,0.32801800608703163,0.009635257970061059
0.5925454565948308,0.40286085915046915,0.00459368425470071
0.5187588856250713,0.47151304182140574,0.009728072553523858
0.5230059398260161,0.4651599977988831,0.011834062375100885
0.26550450145708493,0.7163299434613745,0.01816555508154201
0.8076209726895132,0.18336130318087046,0.009017724129616413
0.39587442447760984,0.5849693364608455,0.019156239061544122
0.6432470397932083,0.3513072881775916,0.0054456720291971876
0.5485515368297157,0.44366235856865466,0.007786104601629276
0.5119665194491216,0.48440618771357163,0.0036272928373077065
0.4579587189629255,0.5280648350812462,0.013976445955828799
0.7602697509061719,0.2346250257029643,0.00510522339086282
0.4823313090267338,0.5116358400440566,0.00603285092920928
0.22451714191586272,0.7627996490087959,0.012683209075341309
0.7254977087518619,0.26481047907138805,0.009691812176750712
0.2627499559774867,0.7200118519740374,0.017238192048473724
0.5643186961519174,0.4170898655936989,0.018591438254386576
0.2585065846417534,0.7276392776818806,0.013854137676366172
0.5005455288628606,0.45369272251096276,0.045761748626175824
0.3216665124553436,0.6414965769923522,0.03683691055230281
0.3670446339195547,0.6063192097300564,0.02663615635038934
0.6483548007324791,0.33695696133612923,0.014688237931392342
0.9167023129444253,0.08021267212757323,0.0030850149280001946
0.336225775951583,0.6357456495713434,0.028028574477073954
0.207004049209719,0.786540533527156,0.006455417263124395
0.7981502693873592,0.1965691536101961,0.005280577002443429
0.42563930665601346,0.5657875496916204,0.00857314365236438
0.5782868151000893,0.41045054592657465,0.011262638973336497
0.46749805460529775,0.5119000303963359,0.02060191499836541
0.836003339977829,0.16085136112272258,0.0031452988994479097
0.4497264453864962,0.5041364996229817,0.046137054990523
0.2910611792129235,0.6772737696301943,0.03166505115688037
0.7156179124183784,0.2810005081228528,0.0033815794587680353
0.7872694616097118,0.1995474284105211,0.013183109979765274
0.6620751225012318,0.33542876641659464,0.002496111082173957
0.49570523338045985,0.4560790939235909,0.04821567269594883
0.44145222568251813,0.5255993268702763,0.03294844744720636
0.2952351094767432,0.5897352727476181,0.11502961777563744
0.6026635379138133,0.3945479648837915,0.002788497202393762
0.446255757748771,0.5433125287967547,0.010431713454475031
0.4813537777536591,0.5097747396886354,0.008871482557705354
0.24414746456627595,0.7489427097425675,0.006909825691158722
0.37883651727753187,0.5949519622450038,0.02621152047746453
0.3234335749047236,0.6547746767416232,0.02179174835365499
0.7122239601906813,0.2762731698680941,0.011502869941226854
0.7944545945525685,0.19830266975226737,0.007242735695162714
0.634045359185449,0.3631188300532599,0.002835810761291336
0.8820558480343919,0.11345094010390464,0.0044932118617029984
0.5094479530273971,0.4806016015603616,0.00995044541224355
0.6337084596173864,0.3592248576389514,0.007066682743662152
0.4376643727664256,0.5524115839612667,0.00992404327230572
0.2759911923796605,0.6989006850493857,0.025108122570952327
0.7694246024677428,0.22615948519632784,0.0044159123359296905
0.5712912626025692,0.41560073832699945,0.013107999070432483
0.829592478269722,0.1678802692399718,0.002527252490304407
0.5337152470125471,0.4569785715692324,0.009306181418220243
0.6081630358344265,0.3736369571083739,0.01820000705719751
0.27073984868468454,0.703620118425609,0.025640032889707697
0.5362546076296887,0.43855216605720826,0.0251932263131042
0.5019917227017036,0.4804921826649305,0.01751609463336748
0.4538714923133771,0.5334216200593178,0.012706887627305284
0.4224418032674394,0.5728702062950761,0.004687990437482659
0.6300060158815077,0.3641073979425029,0.005886586175990907
0.5539777194322494,0.4336871023666968,0.012335178201054741
0.6819108607244209,0.3089964662549441,0.009092673020633171
0.672050402339977,0.32503047809734376,0.0029191195626794243
0.4440527596317446,0.546720122974635,0.009227117393620246
0.8281377502641917,0.1664571575401258,0.005405092195682957
0.5822197531656956,0.40865962339608836,0.00912062343821709
0.571563834929737,0.42234596716246986,0.006090197907793896
0.6749373756504394,0.31517060270221764,0.009892021647340496
0.2687650498240251,0.7112998066105004,0.019935143565473677
0.46236873239174636,0.52408816378571,0.01354310382254391
0.6101928435612182,0.38220072902982466,0.007606427408954512
0.7124576757073857,0.2798959318452423,0.00764639244737182
0.8943581004779353,0.09952696077470366,0.006114938747359611
0.544137848676955,0.41819773841836966,0.037664412904675836
0.4847280669380324,0.4948855181598252,0.020386414902141905
0.8405839275565424,0.15223097188722529,0.007185100556230357
0.8305640364519586,0.1677934748324619,0.0016424887155779028
0.7307710617249028,0.2665699795718203,0.0026589587032798193
0.5749052756466495,0.41711661629424585,0.0079781080591042
0.5857151549021136,0.40688223928700185,0.007402605810884524
0.6208315350744995,0.3702809184799175,0.008887546445582165
0.8282943556846166,0.1645062850232605,0.007199359292120798
0.24714497480103387,0.737385979137779,0.01546904606118879
0.5198868361868354,0.4707204910462252,0.00939267276694005
0.5206974456531503,0.4742969226633576,0.005005631683491645
0.6706678609950196,0.3243307132981983,0.005001425706782255
0.6940649866747007,0.30279999913824807,0.003135014187051062
0.19416719849742067,0.730859872577262,0.07497292892531947
0.7341323186454822,0.24991185214950198,0.01595582920501636
0.8002683374402939,0.1949657568006848,0.004765905759022048
0.45424219053363457,0.5386621697951448,0.007095639671220396
0.5646530396507895,0.4100357706871321,0.025311189662079275
0.36732350333383207,0.6232433287671527,0.00943316789901492
0.5260338757976663,0.45817804499526016,0.01578807920707389
0.4565825906064786,0.4665335581165055,0.07688385127701651
0.4780950414433719,0.49729956171453776,0.024605396842089806
0.5450089240992414,0.44724715097030526,0.007743924930454132
0.4513892651507263,0.5143388065371381,0.034271928312133666
0.6526539333423839,0.3405590458129529,0.0067870208446593385
0.7297090592068657,0.2627339231911737,0.007557017601961781
0.7970807507981854,0.19883314785408568,0.0040861013477281
0.5606892562270626,0.42241374550434474,0.016896998268592704
0.16883601531161319,0.805381773795626,0.025782210892762857
0.9174654665236642,0.07984631106988559,0.002688222406449994
0.4007776546476788,0.5793906027093353,0.019831742642985116
0.621420541330166,0.3723259376917509,0.006253520978083617
0.29672166280074136,0.6884824640044132,0.014795873194848081
0.21178658624136823,0.7812193010184585,0.006994112740174803
0.20883684965095745,0.7672735785013511,0.023889571847688616
0.9030973643862977,0.09517957909615861,0.0017230565175421703
0.3862501554104311,0.5988710402032422,0.01487880438632408
0.2845303967677182,0.6995512325542413,0.015918370678039803
0.49164548691181714,0.49289798909561844,0.015456523992565146
0.5309370843252115,0.44386170600357433,0.025201209671215866
0.6273448231403498,0.3600044236056667,0.012650753253984242
0.6220421635222391,0.3718825762252003,0.006075260252559111
0.2927859114239386,0.6944158220977255,0.012798266478335488
0.47330172039139423,0.5113551828385418,0.015343096770063928
0.9178880746307616,0.0771339478878658,0.004977977481373925
0.364156161948893,0.6207332496186168,0.01511058843248951
0.54583243698609,0.43881294492135714,0.015354618092553826
0.700547221260057,0.2870948925091871,0.012357886230754372
0.5173343147518841,0.47574507744231226,0.00692060780580537
0.5204241456054863,0.47635804434539053,0.003217810049124309
0.8767465221263239,0.1194879424672365,0.0037655354064368403
0.6836235599603456,0.3083424043988314,0.008034035640822133
0.8263112830321993,0.17174253275959742,0.0019461842082038566
0.8108154541337154,0.1860476803594622,0.003136865506822483
0.5017006911006899,0.4797532023705994,0.018546106528711814
0.631950486929018,0.3611850441224872,0.006864468948495469
0.501148478429645,0.469960749938904,0.02889077163145129
0.47219359078063666,0.5097430815996606,0.01806332761970146
0.47259735380089696,0.5163350486975654,0.011067597501536049
0.6615984014908901,0.3355216893396409,0.0028799091694691847
0.25586310298600995,0.727252238359465,0.0168846586545269
0.7959379396902257,0.19771589581986646,0.006346164489909048
0.8637221539200916,0.1344711511120539,0.0018066949678559939
0.6138212663852926,0.36323552457525493,0.02294320903945527
0.6534727911492075,0.338795888087716,0.007731320763076226
0.4949994743737854,0.49079231772212895,0.014208207904085375
0.6491257002051093,0.3439572951220825,0.006917004672810287
0.6296281024425162,0.355878470449416,0.014493427108065388
0.5960457844396159,0.3910297170662231,0.01292449849416102
0.22931282585031662,0.6136699862992646,0.15701718785041713
0.6731458520287957,0.3188439249062256,0.008010223064977687
0.8836698293508021,0.11265592627292755,0.0036742443762706367
0.35369112846241463,0.6256762005158454,0.02063267102174095
0.6793294566551902,0.30697567478368304,0.013694868561127414
0.15982743894987075,0.815861741706606,0.024310819343526312
0.8264209670324509,0.15246776753892943,0.021111265428622007
0.24985130265991234,0.6574894213508043,0.09265927598928375
0.7221869591372487,0.2717654509837074,0.006047589879043024
0.5777553595217171,0.41215396981613167,0.010090670662150752
0.632653753655605,0.3575507417303031,0.00979550461409247
0.15072751990444413,0.8274378427655531,0.02183463733000563
0.8260811485284895,0.17179752409195653,0.0021213273795527864
0.9192234030141334,0.07841964284705481,0.0023569541388112456
0.5365952231538891,0.4441136553868172,0.01929112145929284
0.6310319550715908,0.3633451966157187,0.005622848312689298
0.5625510203381247,0.42384917297186114,0.013599806690014699
0.534357538509845,0.45118364974480496,0.014458811745350906
0.36873154331809305,0.6148087551050918,0.01645970157681471
0.842541376760329,0.15406537958004018,0.0033932436596323203
0.32986353676784924,0.6298138351935537,0.04032262803859842
0.7312157221402087,0.2624489347293535,0.006335343130437101
0.4508910044590495,0.5333644612131507,0.01574453432779868
0.7465518257681241,0.25073347990145706,0.0027146943304187203
0.21888783322539737,0.7458983388800282,0.035213827894578144
0.45475457043576506,0.5377377701763904,0.007507659387843947
0.3245053562539214,0.6583453558625867,0.017149287883494995
0.7790832153617671,0.21669336051479232,0.004223424123442555
0.4712474606589437,0.5196843721704603,0.009068167170597176
0.7596407308186011,0.23579560124589272,0.004563667935504832
0.8914059124767735,0.10550078183598044,0.0030933056872455506
0.5038441152988843,0.47747272443145666,0.01868316026965771
0.6404802015404744,0.34403691488524507,0.015482883574278345
0.2991742338491157,0.6578971547070119,0.042928611443869814
0.836513348508356,0.15527155892536407,0.00821509256627964
0.5947771375607956,0.4010987813590856,0.004124081080118213
0.6901033929227057,0.3018855932134492,0.008011013863845274
0.6671456687192926,0.3241777185585749,0.008676612722130364
0.47954224237586524,0.5128358402380936,0.007621917386039211
0.3656773687810204,0.6161818939364379,0.018140737282542438
0.7043060048412804,0.28993235343904533,0.005761641719676352
0.6747091865357706,0.31624047395735094,0.00905033950688052
0.6945221472653669,0.3037872978902324,0.0016905548444017197
0.10053131560139025,0.8592309093581917,0.04023777504041958
0.4493138589293539,0.544867062652985,0.005819078417660182
0.38366766026971544,0.5988700945253546,0.017462245204930033
0.521850220367165,0.45705447793241255,0.021095301700424413
0.5916151148008235,0.401375367755397,0.0070095174437788624
0.6126447777600895,0.38202181736741586,0.005333404872498672
0.7543723042405102,0.23143227200810315,0.014195423751385583
0.8022808171661404,0.19448669265693214,0.003232490176927523
0.29416179729537684,0.676209741224587,0.02962846148003506
0.20008421560200104,0.7440790740020491,0.05583671039595018
0.673618870849714,0.31773695407660985,0.008644175073678836
0.669234007654733,0.32751226280025575,0.0032537295450122206
0.6503373965356953,0.3453331303485632,0.004329473115743272
0.5844046420300033,0.39588029857857243,0.01971505939142436
0.5968783000961264,0.39254732631688816,0.010574373586983526
0.39430712019543485,0.5596119419322959,0.04608093787227007
0.486873814831516,0.5044739930486174,0.008652192119867494
0.5451577882413496,0.4362144184451297,0.018627793313521282
0.8103817691884728,0.1844465603012948,0.0051716705102290645
0.226933593461607,0.7544068444492038,0.018659562089185185
0.6311555991122825,0.3629496944413234,0.005894706446394118
0.3142054099086168,0.6516582879159595,0.03413630217542324
0.38631757491310165,0.5798607413641714,0.03382168372272778
0.6160078418947067,0.3747930668544391,0.009199091250852583
0.43974200598833596,0.5198145225032609,0.040443471508401184
0.267345336366628,0.7057398229456852,0.02691484068768405
0.7210530965132763,0.271728640785898,0.007218262700824264
0.5276379030568714,0.455045666988505,0.017316429954623833
0.8538263181227069,0.14345534224360693,0.0027183396336850556
0.7056028302440416,0.28339725176359554,0.01099991799236254
0.38126932048967305,0.5982344309500132,0.020496248560314557
0.5437272447493354,0.4490376259180103,0.0072351293326532755
0.46086198202254547,0.5323953474190256,0.00674267055842853
0.3863682547197326,0.6066007305017056,0.007031014778560962
0.41850226410329383,0.5689970402508056,0.012500695645900416
0.40557684601657096,0.5873262445293475,0.007096909454079125
0.7462108159826549,0.2481166958109754,0.005672488206366316
0.6458667170770512,0.3393656252186114,0.014767657704338211
0.6629138075152587,0.32917836035353426,0.00790783213120782
0.7524450885991343,0.2357980921381001,0.011756819262765223
0.4455679702108287,0.5310005324222108,0.02343149736696136
0.5570500811876317,0.42581236294456165,0.017137555867807165
0.776151272195211,0.21631902723485635,0.007529700569931007
0.6546703522403915,0.3440896196398265,0.0012400281197843816
0.5913755151014182,0.40319172384307095,0.005432761055508707
0.18381664612651474,0.8021967624434613,0.013986591430021771
0.7565437429268184,0.22759683623795307,0.015859420835229305
0.5410226435855868,0.4456572926287678,0.013320063785646832
0.5892316081339215,0.40405548606395714,0.006712905802120793
0.5495336609781197,0.41968080578021555,0.030785533241664755
0.8025339249519249,0.19015490741330496,0.007311167634771121
0.433170893828638,0.5611163542407892,0.005712751930572151
0.7045241162154592,0.27886302533244983,0.01661285845209053
0.7227897472755235,0.25545992456503347,0.021750328159444117
0.22527411622450888,0.7495113618590975,0.025214521916394107
0.3123643766785376,0.6676514896513381,0.01998413367012305
0.27035895754388317,0.7225667718370664,0.007074270619050195
0.4481027799339153,0.5337700424964139,0.018127177569673417
0.17239607090324802,0.815619644890339,0.011984284206412774
0.752431273378183,0.23788063463785292,0.00968809198396221
0.43770454535197084,0.5538064119569485,0.008489042691079947
0.24826368906183977,0.7452176563454133,0.0065186545927453125
0.6833902380123071,0.3107697907413158,0.005839971246375792
0.50769397456186,0.48795323180358324,0.004352793634555657
0.3927603815233156,0.5926513900298421,0.014588228446840048
0.5266288182664589,0.4569314879215589,0.0164396938119822
0.5077607351113165,0.4828055333215969,0.00943373156708709
0.6367019431612115,0.3545516078362852,0.008746449002504658
0.42243221242548484,0.5494919608547071,0.028075826719808367
0.8589574488117913,0.1386615723985223,0.002380978789687704
0.4374067417781996,0.5463406867868376,0.016252571434962382
0.8646599895950967,0.13017326883950622,0.005166741565397874
0.5025007086632912,0.484748681781721,0.01275060955498896
0.6626380749275902,0.3278301175345979,0.009531807537814763
0.4959968378904029,0.49471918053409947,0.009283981575496482
0.5402613198129572,0.40908862387925665,0.05065005630778753
0.9209337375735155,0.07710419436989296,0.0019620680565899215
0.2592083794860256,0.7314082305417614,0.009383389972210093
0.36031066581137017,0.60489611292931,0.03479322125932026
0.6926731023479759,0.30481707671479213,0.002509820937231341
0.3858265190971084,0.601402469169509,0.012771011733379689
0.5408282603570412,0.4496457746581331,0.009525964984825282
0.5515335329800182,0.42812335365891346,0.020343113361068022
0.7213753158960318,0.26950365417800604,0.009121029925962377
0.6027147639716613,0.3851836985738424,0.012101537454492977
0.31454589893783896,0.6674939123902361,0.01796018867192354
0.8489769048793375,0.14848630159373533,0.002536793526925265
0.7661985928170941,0.22906129237432118,0.004740114808583891
0.41202369029163094,0.5647859865323812,0.023190323175987713
0.4088686590587712,0.5618249753300578,0.029306365611170615
0.24867235225275833,0.7332654075527939,0.01806224019444794
0.8717609346887173,0.12122741697108678,0.007011648340195499
0.503483577163829,0.4682780215261891,0.028238401309981218
0.5164791603709052,0.4705521777269852,0.012968661902112075
0.14356718280704003,0.8371886541204266,0.019244163072533387
0.34060174442078034,0.6043523778128878,0.05504587776633145
0.6294328839363232,0.3497161246042639,0.020850991459413045
0.761775766418952,0.22160147386711054,0.016622759713936702
0.30475562537246903,0.6805904752476167,0.014653899379915044
0.48616738021148204,0.48991470335453285,0.023917916433985217
0.5084856875993773,0.4725624304779582,0.01895188192266237
0.6863094822763104,0.29784781811050554,0.01584269961318409
0.4743676261207427,0.4742222930800602,0.051410080799197795
0.687383671644967,0.30752745268924103,0.00508887566579208
0.6264542270115654,0.36582976857229965,0.0077160044161338585
0.5474822958715302,0.41989602081385125,0.032621683314620155
0.3929498939719019,0.5689737873923694,0.038076318635729044
0.7134452195600102,0.28160491983280767,0.004949860607182581
0.30552396238460205,0.6715624321852883,0.0229136054301116
0.31431569553192734,0.6541154179649458,0.031568886503126274
0.5891027354037596,0.3797862981010585,0.031110966495180806
0.800940301207257,0.19493793756955263,0.004121761223190216
0.5212337145674766,0.4753295472576813,0.0034367381748417543
0.48619731932896576,0.49429120778139596,0.019511472889638327
0.6377774512328432,0.3593736666734871,0.002848882093670006
0.5275658598894568,0.4538068065916345,0.01862733351890875
0.3799562475647349,0.6057422891919401,0.01430146324332656
0.30142066844780896,0.6878658625514978,0.010713469000692206
0.32794975165028856,0.6693010498117854,0.0027491985379256385
0.5124364449683253,0.4773560659053954,0.010207489126279775
0.5904416026343619,0.4036388718337794,0.0059195255318600076
0.7595277034464848,0.23334289472900074,0.007129401824514206
0.5985322990363758,0.3911957775249871,0.01027192343863624
0.7510159668743893,0.24464439390104217,0.004339639224567777
0.7952436085728581,0.1987942734465982,0.005962117980544663
0.5963230967021622,0.39954387305824757,0.004133030239590957
0.3181500458683837,0.6114685865920167,0.07038136753959963
0.40773748634659496,0.5730957931474472,0.019166720505957087
0.4693412468600281,0.4969463546435432,0.0337123984964313
0.5209850596191014,0.46511839328661647,0.013896547094282506
0.7865462207378877,0.20791974530935162,0.005534033952758316
0.6735403314534121,0.314430064515423,0.012029604031165625
0.7603336478273899,0.23493455203692554,0.004731800135682811
0.3652613990901058,0.5985649070443195,0.03617369386557656
0.5989140665333406,0.3969311438499088,0.004154789616750639
0.7325649402307414,0.26440748001307235,0.003027579756186334
0.5943135151052562,0.3770538795730121,0.028632605321732032
0.5353518848518563,0.43937510538712793,0.025273009761016776
0.41155862662211823,0.5560996929801684,0.032341680397710966
0.4105247190450658,0.5665965417668645,0.0228787391880706
0.6941002964717555,0.2991112756172273,0.006788427911016902
0.8113112496412676,0.18487617801472112,0.003812572344013134
0.8007163143454157,0.19485409653630872,0.004429589118276037
0.40435316723868764,0.5832672952277296,0.012379537533582091
0.295833769912957,0.6918321763803921,0.012334053706651171
0.6733792202498333,0.3202841879605897,0.006336591789578428
0.8522085022680894,0.14576732385617994,0.002024173875729686
0.49762956151660975,0.4715391508029979,0.030831287680391898
0.8773174641366018,0.11924494384867011,0.003437592014728316
0.5169726807241719,0.4788712949662394,0.0041560243095882625
0.2557445969581326,0.7254537042889692,0.018801698752897503
0.41771744253336995,0.5689594822430887,0.013323075223541201
0.690220665324986,0.3034726796620735,0.006306655012940474
0.40547540189254305,0.5760883414958643,0.018436256611593357
0.5128773687244316,0.47181375873493814,0.015308872540631105
0.3462097630000153,0.6374475379510399,0.01634269904894316
0.7311231120284937,0.2646495594078044,0.004227328563702474
0.3653740436599781,0.6242417223944776,0.010384233945542502
0.7119623647149559,0.2852614762158041,0.0027761590692382955
0.5704237336119656,0.41740360085045963,0.012172665537575152
0.26776617286654053,0.7169764878410457,0.015257339292414874
0.6574272394629358,0.3372597710761308,0.005312989460933162
0.5161207102529355,0.4661358930892148,0.017743396657848708
0.6068817678300137,0.3792506208246316,0.013867611345353333
0.6465076094188084,0.34642604141736644,0.007066349163826584
0.46121610812233754,0.5292166626995212,0.009567229178142208
0.47532921385773214,0.514742833400585,0.00992795274168478
0.32369818124035693,0.6560006128947431,0.02030120586489452
0.556232361215152,0.43812200307352034,0.005645635711329139
0.31500064382731435,0.6627226709754438,0.02227668519724137
0.4719746918519907,0.5206417547228551,0.007383553425154312
0.4413020936675144,0.5244543762239924,0.034243530108493014
0.40152141581108647,0.5844687254546678,0.014009858734249177
0.9071496002960506,0.09191547674314926,0.000934922960800397
0.5537967665100707,0.4284662036925017,0.017737029797427813
0.4274549601761763,0.5545826588931284,0.01796238093069584
0.523830392881355,0.4475859913707515,0.028583615747892577
0.2570688097146175,0.7022954162570343,0.0406357740283479
0.2343495523078877,0.7468678652107582,0.01878258248135482
0.25928247930994974,0.7214805822616703,0.019236938428380645
0.9312754179910151,0.06621100407031007,0.0025135779386758184
0.3848028410707709,0.5776647594695867,0.037532399459641916
0.5792409673329018,0.40303571841078534,0.017723314256312035
0.5498666531365457,0.44484968575683037,0.005283661106624
0.5249557662505769,0.4461532162818257,0.028891017467597632
0.3545024574426334,0.632081510360976,0.013416032196389534
0.46280909887226984,0.5255825853326975,0.01160831579503247
0.4857254675043226,0.5074994597221009,0.006775072773576953
0.13624044570805385,0.7944299541256951,0.0693296001662508
0.63719907519343,0.3551568269096045,0.007644097896967551
0.8477577553024468,0.1456337217113561,0.006608522986195553
0.1934568475229631,0.7811263846811677,0.025416767795867354
0.7691504203366193,0.22686085218616683,0.00398872747721669
0.2949667471866155,0.6817700486080286,0.023263204205358073
0.7629824358139871,0.23375812266379348,0.003259441522218355
0.5904554502076604,0.4054873341315155,0.0040572156608226
0.4252000016735373,0.5332945161579284,0.04150548216853449
0.47606968930546334,0.5154904667638034,0.008439843930732379
0.49406365136902636,0.49457744000538983,0.011358908625583487
0.7226524208465073,0.26988388760080495,0.007463691552687992
0.4704180677701959,0.512938273903622,0.01664365832618132
0.7996153420333826,0.19451270191513098,0.005871956051485836
0.3923372792432892,0.5983577364103958,0.009304984346313692
0.47887931722643534,0.4999827696307595,0.02113791314280696
0.7598145653125566,0.23548292018896538,0.004702514498476733
0.6273554028233258,0.3613956431082718,0.011248954068400957
0.31237449791136507,0.6805280399763531,0.007097462112284156
0.5766098050775073,0.4064273031909151,0.016962891731577917
0.2610614022502393,0.7222886964898343,0.016649901259925885
0.6550358505173922,0.34096462948028156,0.003999520002326427
0.29870406222000156,0.6734871256103684,0.027808812169629556
0.531273310171579,0.46249310530593557,0.006233584522487133
0.21280972943862245,0.7773638239622638,0.009826446599116774
0.6050718776621158,0.3905291527073373,0.004398969630546339
0.7085281331673113,0.2809625072624472,0.010509359570243008
0.7091182769870062,0.28654627799819277,0.004335445014800908
0.6248962571554276,0.36421680930478595,0.010886933539786849
0.5593183885844698,0.4267264749335707,0.013955136481958993
0.6089925635734486,0.33367991217262344,0.05732752425392834
0.5817223509294481,0.4124440773732616,0.005833571697287727
0.22332455819717306,0.7707582153107876,0.0059172264920399655
0.42713361612425677,0.5644687798769183,0.00839760399882277
0.9259217706310328,0.07131804068810088,0.0027601886808654662
0.8737878366057414,0.122453113148921,0.003759050245337624
0.7219048190447838,0.27402331073558284,0.004071870219636374
0.8208370975162697,0.17705773292928242,0.002105169554445576
0.6295863272906306,0.3629023564435286,0.007511316265841828
0.3289559923484229,0.6444206793521466,0.026623328299433417
0.8442151391400539,0.15367691322743832,0.002107947632511334
0.43708931519086475,0.5517202561446409,0.011190428664493884
0.3712496921267063,0.6151961131668924,0.013554194706402681
0.23697319632420602,0.7441845269390521,0.018842276736741118
0.4678477616961707,0.5190533544977646,0.013098883806064667
0.6776160232667331,0.3104994405740484,0.011884536159219453
0.7343912936589113,0.24701485377666044,0.018593852564429525
0.28961993227271987,0.6950376220715636,0.015342445655714946
0.2786323692775959,0.6959676921752911,0.02539993854711269
0.26621804830800205,0.6978868369318134,0.03589511476018438
0.38551230285179117,0.6003846189376628,0.014103078210544295
0.27327782766125297,0.6810109716704527,0.04571120066829451
0.6622774170567687,0.33620977678109526,0.0015128061621350493
0.7474070921435746,0.24879474213818192,0.003798165718240788
0.5075299201526319,0.48111532782546707,0.011354752021900226
0.36938041207593897,0.6160966202913306,0.014522967632731467
0.5206695960450524,0.46488620667792696,0.014444197277020294
0.3953889676169593,0.5768040509466685,0.027806981436371916
0.7309137189992578,0.2632251806346502,0.0058611003660911645
0.3987739883187848,0.5754964403398319,0.02572957134138466
0.8864161325650739,0.10901467323380949,0.004569194201116722
0.6133115989368937,0.3775624436809459,0.009125957382161569
0.5651005248392125,0.42729746939692426,0.007602005763863631
0.839564414054298,0.1571902480118833,0.0032453379338192186
0.4251172071617987,0.5673469155856439,0.007535877252556208
0.37600130087600175,0.6125792788789798,0.01141942024501918
0.5156470200535321,0.47839810505752894,0.005954874888938809
0.42463258734632253,0.5576832958346493,0.017684116819027918
0.7504547732071916,0.23713379950532848,0.012411427287478922
0.2941210266746921,0.6730640454214937,0.03281492790381391
0.6681596450042606,0.3245244009934582,0.007315954002280567
0.7898032832607222,0.20672425432141361,0.0034724624178630687
0.2565287597451397,0.7204935001422073,0.022977740112652946
0.6233181639004689,0.3660784217381303,0.010603414361401673
0.48506150570521606,0.4995346496293344,0.015403844665451685
0.49234387482375097,0.49277105381631736,0.014885071359933428
0.823326337863774,0.17252126288912378,0.004152399247100362
0.6489982009956574,0.3429899290727524,0.008011869931589984
0.6553125557233188,0.33219494302625235,0.012492501250427085
0.6014784135692675,0.39501302840416613,0.003508558026566306
0.33439137009096864,0.6578991648950923,0.007709465013939153
0.7046872390045583,0.28651808409601165,0.00879467689943015
0.21703885468125272,0.7670727829538363,0.01588836236491269
0.27082414026293933,0.7199244291186464,0.009251430618415792
0.22254627484085998,0.7531816229418087,0.02427210221732946
0.5059341133520963,0.49196435920487835,0.002101527443024091
0.4396516635085329,0.5563427918853932,0.0040055446060727595
0.5573849513263299,0.4206374194969399,0.0219776291767309
0.7636166110570555,0.22639349900014477,0.00998988994279944
0.9426540611333029,0.054138918075952905,0.0032070207907442965
0.5879930626298729,0.40208129260197983,0.00992564476814868
0.5608926833600048,0.4038725050476638,0.035234811592331286
0.5072432706005425,0.4812728890356778,0.011483840363780922
0.8338046187837774,0.16261395423224814,0.0035814269839720345
0.4417212290510437,0.5420563037997842,0.016222467149171995
0.49050816591476093,0.49098244947253705,0.018509384612701026
0.5689135387347208,0.4268325623131077,0.004253898952169594
0.4172294673863761,0.5781644633492867,0.004606069264333024
0.3871110564835084,0.6047187145371288,0.008170228979362775
0.6122187577275747,0.3830181495102537,0.00476309276217237
0.6556464431702644,0.33482223093736346,0.009531325892374886
0.4649213407798822,0.5269829579332058,0.008095701286913568
0.6901842414746395,0.30341602264551104,0.006399735879851252
0.4100150239371995,0.5580228861271219,0.03196208993567871
0.3702563318358759,0.6214142102043732,0.008329457959747953
0.6683070843176411,0.32335232691321486,0.008340588769143066
0.30879486821383795,0.6784921114022212,0.012713020383941233
0.4837487860578611,0.5097656189961822,0.006485594945957557
0.45443953260582054,0.5413572950686043,0.0042031723255765915
0.9117834500541134,0.0866200436630541,0.0015965062828327604
0.39891582253567354,0.5723666835572838,0.028717493907042875
0.9046448411050497,0.08989037133858714,0.005464787556363256
0.5590872650466537,0.42623931643312774,0.01467341852021859
0.837428864903055,0.1583885610198505,0.0041825740770964955
0.8057860393115881,0.19231967203256214,0.0018942886558482477
0.8821745176020639,0.11316553029124729,0.004659952106690559
0.883330297045082,0.11453997360526981,0.0021297293496471102
0.7759488213904204,0.22030210125502092,0.0037490773545576297
0.5303806385967834,0.45802522132238727,0.011594140080829096
0.6043049154895729,0.3873570043758608,0.008338080134566554
0.7328493955535186,0.25380484434334577,0.013345760103135042
0.5239552036576055,0.4717030375268076,0.004341758815586563
0.5988158495832097,0.3970202549668803,0.004163895449910343
0.7685466551287771,0.23020072684696286,0.0012526180242612658
0.5350208652120657,0.4571467123433381,0.007832422444595545
0.4471445745785715,0.5503705904927557,0.002484834928673995
0.719447158688873,0.27784276702517624,0.002710074285949844
0.24975118677093414,0.7429066063079366,0.0073422069211284266
0.7974416139143745,0.1862041227053993,0.01635426338022735
0.4667873977842569,0.524828183657336,0.008384418558406293
0.765164378378113,0.22977499723468497,0.005060624387201727
0.8502699091642658,0.14337855960960752,0.006351531226124702
0.6571716996866879,0.3182773652108564,0.024550935102455988
0.3276401424039312,0.646240275184493,0.02611958241157539
0.5535648855254462,0.4403618496987259,0.006073264775827607
0.7203410813555616,0.2650220912298615,0.014636827414574852
0.23992415961159314,0.7444191751954803,0.015656665192927
0.19995199406746514,0.7910159471869803,0.009032058745549989
0.8333799884076416,0.15667711766741202,0.009942893924945812
0.7370173481543323,0.2501468545032721,0.012835797342397875
0.3958277504878997,0.568940866725189,0.03523138278691072
0.8477716654498187,0.14690912140052803,0.005319213149654965
0.7802239640285332,0.21547744797107893,0.004298588000387351
0.9125922626635536,0.08265243316915571,0.004755304167289329
0.2740124960496507,0.7028837620157539,0.02310374193459614
0.6210421070625444,0.37150370372597163,0.00745418921148285
0.5242510536451752,0.45981613033593194,0.015932816018893108
0.5526883507895752,0.4372576323859433,0.010054016824482072
0.734517905544493,0.26272090456752034,0.0027611898879841786
0.22800739941771098,0.7538460431980065,0.018146557384283158
0.7686197695090111,0.22517868717306397,0.006201543317926413
0.7219844152020269,0.27661728536014374,0.001398299437827612
0.3877127059952311,0.575346989534515,0.03694030447025132
0.5285767228808129,0.46462779778444796,0.006795479334739656
0.7343379992184634,0.2576109195808046,0.008051081200732784
0.7246311350205439,0.2727599326688745,0.002608932310582882
0.5188042629952004,0.4728487923150843,0.008346944689715785
0.6945072200699209,0.3002626572261654,0.0052301227039134686
0.3385113466422995,0.6275216758038422,0.03396697755385804
0.45331705725062593,0.5214727274418819,0.025210215307493254
0.6531284484530208,0.3396103232735499,0.007261228273429607
0.6974656640750583,0.29193637989423177,0.010597956030709838
0.5084991896056676,0.4832994070486572,0.008201403345676046
0.41630577705986027,0.5718058832685283,0.011888339671611329
0.803572872598306,0.18804008034364342,0.00838704705805102
0.6072155297243234,0.3714654618156886,0.021319008459988284
0.6399128031206025,0.35043566564469514,0.009651531234702358
0.5245921297903094,0.46600561713403266,0.00940225307565775
0.5551065918240587,0.4209035654152528,0.02398984276068811
0.48623645256412606,0.4919841971821101,0.0217793502537656
0.616267939030594,0.37960272257891997,0.004129338390485046
0.26932889531793514,0.6560395990338503,0.07463150564821401
0.627783541291191,0.35244741120091105,0.019769047507897586
0.5483190108850995,0.4353092295458763,0.016371759569022416
0.5685625805830868,0.42341742480009087,0.008019994616822498
0.5013691052675964,0.49176028320168735,0.0068706115307196934
0.5445938805479256,0.4450072975117043,0.010398821940370003
0.40804220014396403,0.5793725655342303,0.01258523432180391
0.3733883379796431,0.620581889430534,0.006029772589821881
0.3884139054476619,0.5754896615060726,0.036096433046267425
0.6122919277783033,0.35874245111448994,0.02896562110720634
0.7949823854213104,0.19958786731264136,0.005429747266046282
0.47742926103566363,0.5152383841409843,0.007332354823352797
0.8012157558410282,0.19526789306459116,0.003516351094382353
0.3434901917926119,0.6343730229675275,0.022136785239860977
0.19810106422784837,0.7657677140331605,0.036131221738993045
0.7801137140375382,0.2140863394968085,0.005799946465655155
0.24253128024080667,0.7410630721039507,0.016405647655243858
0.32948846337243204,0.658711554019693,0.011799982607876191
0.28042398562680215,0.6678641548655264,0.05171185950767174
0.43031568195418407,0.5607937457818876,0.008890572263928687
0.5057654913219344,0.48331468115787574,0.010919827520189416
0.405642003980609,0.5793594073686137,0.014998588650778044
0.48613342741318855,0.49820904743492267,0.01565752515188928
0.38822084037695626,0.6025453232623575,0.009233836360687496
0.4695022196154026,0.5125500424828433,0.01794773790175341
0.22067517289996744,0.6999674210586143,0.07935740604141783
0.6135864961871353,0.3778017605970421,0.008611743215822762
0.7513479824817219,0.24572120398918335,0.0029308135290940186
0.43320648603886136,0.5524076754531793,0.014385838507959079
0.7097075925707206,0.27705163759021323,0.013240769839066758
0.4822235141288747,0.5099001456973068,0.007876340173817525
0.6208580047484513,0.37270279119895705,0.006439204052592275
0.4805806330448169,0.505956280569241,0.013463086385942168
0.34704721445862496,0.6379559233100481,0.01499686223132538
0.4905641275670465,0.484909840600211,0.02452603183274184
0.45691012359364563,0.533500218300587,0.009589658105768185
0.6639610551493186,0.3327460124577764,0.003292932392906755
0.5301942224487171,0.44765771839810253,0.02214805915318258
0.35568637558034644,0.6249462500084817,0.01936737441116874
0.5325985715487178,0.46217799229963685,0.005223436151645188
0.44443773225190586,0.5396048901562871,0.015957377591806352
0.6723668193763378,0.30826990463951826,0.019363275984143037
0.3246248429121246,0.6611859127780669,0.014189244309810882
0.4676963509760227,0.5087484566835854,0.023555192340391818
0.3743754800295203,0.6163080322371289,0.009316487733350802
0.45301036928078553,0.5291787627686653,0.017810867950549453
0.5310875706526044,0.4626219106995321,0.006290518647865769
0.3797933468608107,0.5920445781734466,0.02816207496574399
0.4269770809681366,0.5580485194535707,0.01497439957829268
0.41864123920626145,0.563874255502397,0.017484505291340442
0.3201571498798807,0.6695854986757221,0.010257351444393452
0.46687752488203565,0.5001459684583651,0.032976506659600585
0.7310279630947408,0.26397702008317114,0.004995016822088734
0.39175861697525505,0.5844463612221358,0.023795021802608778
0.3423194785693773,0.6163445766451608,0.04133594478546044
0.649257010691298,0.34466126880060527,0.0060817205080989185
0.6343026411002783,0.3604113317898263,0.005286027109894074
0.7926480545944795,0.19850426823858625,0.008847677166935547
0.5795479238484573,0.41238151816118845,0.008070557990352892
0.48807056050995795,0.4986215837901832,0.013307855699858193
0.6462207437566441,0.34819952957407274,0.005579726669281555
0.30198310295829084,0.6513182978097569,0.04669859923195259
0.8817709211072057,0.11623323746283037,0.0019958414299624627
0.6064133602803188,0.3698708847998604,0.02371575491982002
0.4931713943261108,0.49288957281912593,0.013939032854762032
0.5840987542610582,0.407152030119332,0.008749215619609514
0.7705930254371082,0.21834807537340603,0.011058899189484366
0.7411240093112779,0.21126184932419748,0.04761414136452536
0.7856546179649925,0.21023359187130114,0.004111790163705635
0.6558163053273081,0.3384655469583698,0.005718147714322812
0.5393110093894017,0.4444713020660606,0.016217688544536698
0.4787796820045389,0.5048214372564794,0.01639888073898112
0.3737623349196999,0.6200791502806492,0.006158514799649738
0.42247688598475625,0.5707746547169513,0.006748459298290895
0.8105094802394299,0.187207721909604,0.002282797850964825
0.6473978732774265,0.345481528862675,0.007120597859899808
0.5104981112951543,0.4760484423312256,0.013453446373620422
0.5653090268510453,0.4229883828794982,0.011702590269457335
0.27513653552779954,0.7047770633168259,0.020086401155373964
0.7928571683124126,0.19888643902890804,0.008256392658679789
0.4549988399714634,0.525170000368921,0.019831159659613566
0.766100304087241,0.22083706802524083,0.013062627887518921
0.5214517226173983,0.46762528094218553,0.010922996440415741
0.5466768842074774,0.44039865573917525,0.012924460053346284
0.38529679952941776,0.5960697212837845,0.018633479186797842
0.6525244119758067,0.34406146161548734,0.0034141264087065386
0.7476751405101684,0.2414962221361846,0.010828637353648283
0.8130262098465937,0.1835981917084773,0.003375598444931715
0.783589385334512,0.207579124736825,0.008831489928663398
0.7013683573651471,0.2953469994628421,0.0032846431720101
0.3947447851605501,0.5952909872287826,0.009964227610668348
0.7989828789421648,0.19855605722793115,0.002461063829902939
0.6949616420313959,0.29532014448863714,0.009718213479968697
0.6862256952036156,0.3115624888837116,0.002211815912672849
0.31902189193483854,0.6703830768632051,0.010595031201958136
0.5650499147402894,0.41704620711008966,0.017903878149619263
0.6552649423497862,0.33730865698983575,0.007426400660378692
0.3310811880385478,0.6526222092048899,0.016296602756561467
0.3004065274381198,0.64304514303339,0.05654832952848804
0.8257942446097908,0.16946073255882274,0.004745022831386896
0.718186163817325,0.2796711372334688,0.0021426989492037
0.36482511693200087,0.6232732290913424,0.011901653976654552
0.5091093244508319,0.4787248326706287,0.012165842878538068
0.2100889217584164,0.7664914442957149,0.02341963394586843
0.8320362954366859,0.16404019920332358,0.003923505359993246
0.35049420840353945,0.6292646755280735,0.020241116068386827
0.6314253118998921,0.33106396278866057,0.03751072531144883
0.36253941353248975,0.6058617729870495,0.03159881348046368
0.5332844644338733,0.45426011949634254,0.01245541606978296
0.3658027156563118,0.6082844639682268,0.025912820375462803
0.5646921139640337,0.41114578555307796,0.024162100482889096
0.3325213068974923,0.6612950567663018,0.006183636336207812
0.6160662330575917,0.3779240516659826,0.006009715276425661
0.473940371612684,0.49496743001095056,0.03109219837636597
0.43224754309430896,0.5531537224695333,0.014598734436157798
0.7641807514521245,0.23197520716833903,0.003844041379539301
0.2619872970111788,0.711366929493213,0.026645773495608382
0.44304034468765185,0.5347161531701878,0.022243502142160178
0.3453429753586921,0.6418500375787021,0.012806987062604818
0.25572802083500734,0.7338914804012072,0.010380498763785394
0.44948679248969364,0.540053668109006,0.01045953940129775
0.5345252010216066,0.4464961107415202,0.01897868823687411
0.6814949304431595,0.30680267550735035,0.011702394049490859
0.6793436662046018,0.3167154081871085,0.003940925608286717
0.7134832773328548,0.27494316294883037,0.011573559718313815
0.7029666665326602,0.28577496809736896,0.011258365369972302
0.456929374712063,0.5329640576218528,0.01010656766608428
0.29538621430345896,0.6441236280589205,0.0604901576376203
0.9280375436235354,0.06942918463806663,0.0025332717383988812
0.31911698341404027,0.6395412674240666,0.041341749161895994
0.5155823769152855,0.47635503215328306,0.008062590931431286
0.32754788543839664,0.6443746210538852,0.02807749350771939
0.5528808110445871,0.4394829682951998,0.00763622066021331
0.5328916089058936,0.45534440332837917,0.01176398776572969
0.9117213411209186,0.08703643514393936,0.0012422237351436538
0.5056444812160388,0.4869388083079458,0.007416710476016063
0.3437850435166464,0.6463959159668184,0.009819040516534133
0.5177093366547595,0.46636782788597275,0.015922835459267756
0.25203884727979975,0.720141457805189,0.027819694915011996
0.6743299340812163,0.3171647294855846,0.008505336433197284
0.8885544462773001,0.10926897585004779,0.0021765778726531046
0.5017006911006899,0.4797532023705994,0.018546106528711814
0.3627658148555223,0.6110260253784259,0.026208159766052053
0.6625554924756479,0.328697746905983,0.008746760618371539
0.5943029977976628,0.3976440072949567,0.008052994907381207
0.43608176058931464,0.5250709565128807,0.03884728289780482
0.42840174011233323,0.5634860045630192,0.008112255324646541
0.576838189382711,0.3850954238288138,0.03806638678847605
0.5141193119763376,0.47532835477414137,0.010552333249520564
0.839190331757806,0.15511480617089352,0.00569486207130006
0.8612648834368599,0.12721555445841912,0.01151956210472216
0.3840322969014261,0.6012551916703667,0.014712511428208733
0.58286225421764,0.3983063648258085,0.01883138095655105
0.14848727375775495,0.8331658015159509,0.018346924726294817
0.5810358332185882,0.41054139384272675,0.008422772938686813
0.2676201622961668,0.7042714503021757,0.0281083874016576
0.5927611366582582,0.3967385423534926,0.010500320988248386
0.527713514762896,0.4676744747576921,0.004612010479414004
0.3949240014435773,0.587856521584017,0.01721947697240599
0.5310479242303939,0.4545593442387103,0.014392731530897354
0.8096573370975384,0.18620574421856692,0.004136918683893656
0.7801756887163523,0.21812720935240912,0.0016971019312374503
0.8265443788897496,0.16212099625601725,0.011334624854235214
0.6460331716056109,0.3189735023504152,0.03499332604397367
0.2619357148323075,0.7128743588566154,0.02518992631107738
0.5262364601341118,0.4493785063692154,0.024385033496672582
0.6572822793562392,0.33035110350932034,0.012366617134440035
0.7468025436151396,0.24380850152960104,0.00938895485526054
0.7624417240281932,0.23619145634054173,0.0013668196312668932
0.4968866523886985,0.4942482286911376,0.008865118920164004
0.4133394906401977,0.5773271478328605,0.009333361526943633
0.4536579999457934,0.5003481970181098,0.04599380303609591
0.3937838997281334,0.5855336274019463,0.0206824728699209
0.22975750014884702,0.7277124267219058,0.042530073129249175
0.4511377141657432,0.5051799081545277,0.04368237767972949
0.8403982985419797,0.1565256912483485,0.003076010209671962
0.5387441406899097,0.4485467184216,0.012709140888488872
0.8600709871102967,0.1331392471122739,0.00678976577743101
0.6579228515708202,0.3322265050479548,0.009850643381226702
0.19211470107017056,0.7722045571184991,0.03568074181133227
0.8753585132376339,0.12360151223649271,0.0010399745258760054
0.30490541093599716,0.6845201582379006,0.010574430826104202
0.615519493674888,0.37171681912337295,0.012763687201738143
0.7438343336029782,0.2501889885006755,0.005976677896347661
0.4239879695959783,0.5656787395920885,0.010333290811931897
0.5077938181875478,0.48684134112467536,0.005364840687776645
0.7592150811666389,0.22596513564903886,0.014819783184321146
0.4767166886113346,0.5173934905020553,0.0058898208866111565
0.6844747481942542,0.30371212702230743,0.011813124783439603
0.9060295841394442,0.09192314872958324,0.0020472671309726548
0.38561516982012745,0.5997972883615731,0.014587541818302036
0.2362750951296531,0.7377897839027399,0.025935120967609412
0.7110534424152016,0.2825084516789549,0.006438105905842463
0.5249496609093495,0.46669442868236216,0.008355910408287924
0.21024696874248872,0.7294899263566261,0.06026310490088463
0.5018226939381066,0.48427714977235276,0.013900156289539308
0.5528768405080793,0.422911015686582,0.024212143805338125
0.2836953070579629,0.6985682574395535,0.017736435502484157
0.371113382950478,0.6231970352098172,0.005689581839705414
0.33673692159403695,0.6381140825512773,0.025148995854686048
0.4746767451411369,0.5216562803493615,0.0036669745094998376
0.37515861292934655,0.6027395154043587,0.02210187166629611
0.30278840129667384,0.663821820763165,0.03338977794016108
0.7421949105310428,0.2508335134987075,0.0069715759702481854
0.41595657194655633,0.5456440110896783,0.03839941696376584
0.5454989523814134,0.43113486509326915,0.02336618252531776
0.7978936335832713,0.20094093648750497,0.0011654299292247407
0.4473964061157654,0.5372457782420287,0.015357815642206524
0.6043898550952393,0.38764359008417465,0.007966554820587276
0.4681481415470382,0.5222680008402385,0.009583857612724686
0.7503055605395553,0.24760262055026372,0.0020918189101807373
0.47610050365030154,0.5093363385211479,0.014563157828549368
0.3287603893655761,0.6552381122738272,0.0160014983605971
0.45762282891177597,0.5278289572440072,0.014548213844217056
0.43588581524913966,0.5464003668315033,0.0177138179193583
0.4637826562735924,0.5124457993297353,0.023771544396672464
0.342091424947488,0.5877788113307099,0.07012976372180092
0.5431932628776356,0.4450697189696735,0.01173701815269063
0.5674912998789753,0.4197093120827091,0.012799388038313838
0.49511316667527316,0.47968951766545076,0.025197315659277273
0.7384332905985036,0.2564495990806534,0.005117110320843049
0.25772964947875143,0.6873762700082912,0.05489408051296013
0.5782816576732337,0.4020337498003614,0.01968459252640656
0.5411885283487222,0.45355530185443343,0.005256169796845623
0.7900712854592874,0.20363609846658995,0.006292616074125857
0.24918247227285686,0.7103080389783952,0.04050948874874865
0.8212753025616263,0.17200280397793433,0.006721893460438883
0.5537874446625737,0.4311989105210409,0.015013644816386234
0.6244794475126636,0.36520940199838214,0.010311150488954455
0.3928818269269833,0.5978458781044609,0.009272294968556163
0.2875775993175164,0.6893359961800044,0.023086404502479053
0.11659218756656152,0.8730327659001977,0.010375046533243552
0.6800126848700956,0.3122364355318347,0.00775087959806912
0.27674003874267217,0.6937455555763472,0.029514405680981116
0.8782608187248305,0.11011943269115905,0.011619748584011904
0.628527681145702,0.36252856382733284,0.008943755026965232
0.2966820310928813,0.6709453659767317,0.03237260293038858
0.5316994704326434,0.458967061282539,0.009333468284817405
0.43013419753300625,0.554565782873278,0.015300019593714749
0.5238383185503239,0.4575961421351797,0.018565539314493878
0.44829195271251404,0.5368317042890087,0.014876342998475576
0.6419141007884733,0.35343554721548187,0.004650351996044288
0.41045891071051055,0.5709133692572393,0.01862772003224937
0.8224457062022386,0.16942286383893343,0.008131429958829694
0.7339302291569613,0.2598763649889545,0.006193405854081785
0.5697713460189768,0.40134965060922756,0.02887900337179637
0.6459689994002374,0.3305878798379578,0.023443120761803528
0.6565381937747641,0.33540386057153176,0.008057945653705125
0.8632287336013219,0.09544082803509281,0.04133043836358741
0.4235367291536272,0.5628604899053803,0.013602780940993117
0.5641497346281185,0.40915074652765376,0.026699518844228803
0.5135721641118262,0.4728744766881737,0.013553359199998621
0.7445717718218298,0.2504279982530212,0.005000229925151087
0.8427154019064027,0.15053062118060237,0.006753976912996167
0.45111049043949664,0.5404550857535981,0.008434423806906614
0.5383321693643517,0.4571043049954661,0.004563525640182443
0.2528235733420372,0.70739160098881,0.039784825669152125
0.7605693029208815,0.23505525094215726,0.0043754461369626615
0.3060832162277733,0.688596860451908,0.005319923320318396
0.6466786788397795,0.34468353907316684,0.008637782087053951
0.7227988613961649,0.2699384149918585,0.007262723611977246
0.8627333355954746,0.13521114985917518,0.0020555145453501475
0.5718042205750076,0.4175811860626904,0.010614593362303195
0.6411522484585188,0.350762350433594,0.00808540110788674
0.5139804291409162,0.46840002736045677,0.017619543498626176
0.7348555649656727,0.24758670282783649,0.017557732206488902
0.36388007067743083,0.6218393800849893,0.014280549237579819
0.6935092815105527,0.30210758065260523,0.004383137836842091
0.7378502897016095,0.24915322148890745,0.012996488809484697
0.4162153265124805,0.5736675683782086,0.01011710510930993
0.4246299403996268,0.5466617740320622,0.028708285568310232
0.3010320769334052,0.656164399074319,0.04280352399227734
0.43726366574026493,0.5575093390348331,0.005226995224902781
0.6844937489492234,0.310781502333607,0.004724748717170289
0.46309548822116614,0.4748724772258898,0.062032034552943864
0.30392016652825526,0.6669153289536838,0.029164504518063298
0.6801957629744385,0.3139396523683281,0.005864584657233917
0.8553715040884595,0.1373521179712032,0.007276377940340987
0.42696092482743536,0.5678218069467671,0.005217268225798757
0.4578197802551957,0.5192318544696836,0.022948365275119755
0.13944045142902475,0.833086878201334,0.027472670369640913
0.3077628760147606,0.6496954844990321,0.0425416394862069
0.8248348086546929,0.17064290315482147,0.004522288190483349
0.7942752597770405,0.2035860853368969,0.002138654886061218
0.6299185238482926,0.35139694159001805,0.01868453456168886
0.5807663001715967,0.41288658098528175,0.006347118843120721
0.2743901838503534,0.6913482418438831,0.03426157430576414
0.5249356772850925,0.4562397758933329,0.018824546821575038
0.7907662326856788,0.20350106283112745,0.005732704483194741
0.5901424125121333,0.40277403581838594,0.007083551669480513
0.501531078585485,0.4835742643024142,0.014894657112102316
0.738242043276063,0.25506422992803146,0.006693726795906357
0.43251230325576495,0.5562366689915498,0.011251027752685166
0.3357262854247157,0.6543803261860379,0.00989338838924544
0.4399370622540548,0.5535132573048728,0.00654968044107195
0.4148252692410761,0.5664239831785415,0.018750747580381723
0.47978702557582786,0.508662080424877,0.011550893999294981
0.5939615131088041,0.3943618128590205,0.011676674032176195
0.6914460186566096,0.2964105498661779,0.01214343147721263
0.7987043105680905,0.1961121868162123,0.005183502615696918
0.5239822384806072,0.4719718237092468,0.004045937810145636
0.7725980338845447,0.22533514870249574,0.0020668174129586337
0.42646376043907996,0.5476229895045222,0.025913250056397035
0.6672145077647262,0.3244011299729389,0.008384362262335687
0.1711735744966602,0.8036704431202684,0.025155982383069816
0.5932914529560303,0.3944318935703125,0.012276653473658278
0.7947566728339612,0.20087704018949945,0.004366286976538136
0.30267356241202004,0.6599067404463674,0.037419697141611426
0.8533674179859438,0.14353491364451038,0.0030976683695454767
0.6526892832347204,0.3402254577480012,0.0070852590172776776
0.6084197497448802,0.3657016261075267,0.025878624147593954
0.603176672006667,0.3896482166276703,0.007175111365661539
0.8024204231966923,0.1923808158092946,0.005198760994014956
0.39326101560914656,0.5694119962658601,0.037326988124993674
0.23058248716355795,0.7267846027593055,0.042632910077135634
0.17758163212383923,0.8145376722218889,0.007880695654271276
0.3717087683859883,0.6215086898995061,0.00678254171450502
0.46472515582289176,0.5112126580780163,0.024062186099094163
0.7268708035471537,0.2646928860755396,0.008436310377306598
0.536911397932242,0.43719342196770455,0.025895180100054104
0.6213443372130494,0.3671411843511611,0.011514478435789609
0.8590780275734563,0.1363895678965202,0.004532404530021968
0.7531219882530029,0.24226885493102548,0.004609156815973101
0.3816834561047014,0.5860416637402078,0.03227488015509045
0.5469586054681589,0.4390573458676155,0.013984048664225026
0.1762666289863758,0.8113449320466972,0.012388438966927668
0.7215581633591256,0.2702091139355266,0.008232722705346756
0.3137112901986044,0.655086813479918,0.031201896321477112
0.422459970343196,0.535664205680882,0.041875823975918554
0.5834902817015217,0.4107579090156453,0.00575180928283445
0.5756215582438766,0.41731680992573233,0.007061631830391256
0.4641046957748873,0.52918379240694,0.006711511818174103
0.5935634819523595,0.3978136694762598,0.00862284857138041
0.3426475476773126,0.6321562434827955,0.025196208839892105
0.41119134599349316,0.5840589403926243,0.004749713613883871
0.5827685902453931,0.3904371398943391,0.026794269860268064
0.5981484290800867,0.39110361046253206,0.010747960457380645
0.18113895346367254,0.8010923456432161,0.017768700893113266
0.7309123128362982,0.26402380958647126,0.005063877577231558
0.5644378840232431,0.41734941679118526,0.018212699185570592
0.7038696795628898,0.28579971138398214,0.010330609053126761
0.4466356446442908,0.5399137421154933,0.013450613240216859
0.9156835533941615,0.08107611822296919,0.0032403283828703828
0.3926756882536283,0.6021077847685085,0.005216526977863632
0.36848125842656965,0.6218794317071077,0.009639309866324768
0.841288257938161,0.15315412085425248,0.005557621207587079
0.4140735568060229,0.5614541081974572,0.024472334996520895
0.5247796684478883,0.45334447937638345,0.021875852175726906
0.6672736513009309,0.31534168600859896,0.01738466269046872
0.42168028570569555,0.5538061883879389,0.024513525906363572
0.8726349851465593,0.12525938915028736,0.0021056257031543883
0.5590872650466537,0.42623931643312774,0.01467341852021859
0.8040918386196506,0.18786806364739775,0.008040097732949902
0.4781223650212087,0.504136086481097,0.017741548497694704
0.4736367997208773,0.4983173326493273,0.028045867629795225
0.7574316136758804,0.2383469455173033,0.004221440806816808
0.571469974969967,0.41396626293466077,0.01456376209536995
0.4303882516891108,0.5643442022654712,0.00526754604541828
0.37725158764873923,0.6110774435028373,0.011670968848422046
0.4196727454604028,0.5697356971229599,0.010591557416639209
0.30442812368322725,0.6822464729551708,0.013325403361600988
0.4306553300881262,0.5568395182622191,0.012505151649654184
0.5894756648515223,0.4021693177369092,0.008355017411568261
0.3827865411680588,0.5761327936790716,0.04108066515287032
0.3739304715915609,0.5917475558709744,0.034321972537464364
0.4902164009750448,0.497073771795463,0.012709827229493815
0.6852164303679513,0.30502083988726325,0.009762729744785623
0.8603159074326644,0.132888898132499,0.006795194434837616
0.6807626148961877,0.30021873392172604,0.019018651182088057
0.20765811756608343,0.6961533758437048,0.09618850659020957
0.6656004306544799,0.3231641477995234,0.011235421545998108
0.3247130509620926,0.6675645205717851,0.007722428466123127
0.7226160740882727,0.27205780374170263,0.005326122170024807
0.38581344544225976,0.5500530544531579,0.06413350010458278
0.4512415384263848,0.5340259303720771,0.014732531201537523
0.8017915780965393,0.19256924232454153,0.005639179578919991
0.23800537542140046,0.7485298465044447,0.013464778074157462
0.8290663345766512,0.16642941721973603,0.004504248203611052
0.47071301579833463,0.5052706334308869,0.024016350770777798
0.7038491274607298,0.2887166752051136,0.007434197334155293
0.4626052308864495,0.5175254562947432,0.019869312818806762
0.47715676274632696,0.5185531481047153,0.0042900891489591935
0.5035448985750173,0.4873852872369879,0.009069814187993458
0.6890314329526578,0.30376535176648045,0.007203215280858036
0.3840400168524527,0.5984443605083042,0.017515622639243632
0.5549947979875456,0.4399700078936883,0.0050351941187666335
0.6054810727085443,0.33905880592609355,0.055460121365364774
0.6270330833286981,0.36736579497768196,0.0056011216936181895
0.5351178004529287,0.4605040527395671,0.0043781468075027455
0.6266225681230645,0.36549188226076884,0.00788554961616936
0.4492266497388525,0.5457656512772259,0.00500769898392393
0.7705816447587491,0.2210787412831932,0.00833961395805816
0.3847821735556976,0.5929796879810332,0.022238138463268848
0.53990955036692,0.4452076404242652,0.014882809208814273
0.7395630859776307,0.25298155405350337,0.0074553599688652085
0.3021571650199072,0.6829717761506771,0.014871058829415692
0.7451303924821269,0.2471751185624363,0.007694488955436218
0.5315561615843059,0.44748413856962116,0.02095969984607313
0.5001210186573123,0.48495907152680123,0.014919909815886687
0.5534857425714103,0.4412569740121224,0.005257283416466264
0.4702203067388187,0.5146873850352582,0.015092308225923124
0.48405405798092016,0.5043308066308778,0.011615135388202562
0.6130228748507215,0.378599193081727,0.008377932067552548
0.3511942498543042,0.6347599855207344,0.014045764624961947
0.43684644851474846,0.5492882077483837,0.01386534373687042
0.164426129726569,0.8290909581308471,0.006482912142585351
0.43820532863761374,0.5303491939541057,0.03144547740828031
0.8089151601073947,0.18387097875483924,0.0072138611377643705
0.5892372162479695,0.400435775887231,0.010327007864800666
0.7167549893176026,0.28065574825133843,0.0025892624310577773
0.4528895175006506,0.5413037166770976,0.0058067658222533
0.4847787208181496,0.4985881312572305,0.016633147924620124
0.45485706611034044,0.5379834665382354,0.007159467351422285
0.6346930553985883,0.358470186954503,0.006836757646908284
0.878733593004997,0.1166005005791847,0.004665906415820297
0.5723197219756859,0.40947208032693516,0.01820819769737793
0.7577542432414934,0.23525851218860486,0.006987244569902733
0.4629239144799494,0.530968515852469,0.006107569667582297
0.7304712280528765,0.2658589803148304,0.0036697916322948124
0.3099829036882922,0.6763509214647435,0.013666174846963183
0.6073781492617181,0.38079043712479804,0.011831413613483643
0.7436234303019528,0.2529665713785897,0.0034099983194573616
0.26876867533933363,0.7124294541922418,0.018801870468426015
0.5567275986810067,0.4409961544256004,0.002276246893393694
0.5335404099181223,0.4574550633168737,0.009004526765004267
0.7060982373800585,0.29317074007813015,0.0007310225418126106
0.705059064791005,0.27769130184565055,0.0172496333633462
0.49322590232151026,0.49662455886455087,0.010149538813937322
0.5284077262451903,0.45814237620474507,0.013449897550063577
0.5166319442388004,0.46344965098859237,0.019918404772607447
0.527610013835478,0.4690867700585404,0.0033032161059825464
0.25420290488635316,0.7265171021475778,0.019279992966068703
0.5929970472770004,0.36372633493762985,0.04327661778536919
0.33510020740562074,0.5927284480134928,0.0721713445808866
0.6340026940162748,0.3621803824716046,0.003816923512119286
0.41627591939303527,0.5688160586041302,0.014908022002834479
0.6486681259026452,0.34809030736919866,0.003241566728157217
0.8314979186027828,0.15915995581326955,0.009342125583950017
0.7653697779864407,0.22934576402573315,0.005284457987826889
0.6627893786279404,0.3300479822863838,0.0071626390856766265
0.286727854945642,0.683119520731444,0.03015262432291327
0.1962575067039714,0.7857970760534472,0.01794541724258263
0.5985037919493861,0.3978826585944598,0.0036135494561537465
0.31380172334127016,0.60978633137966,0.07641194527907105
0.5295245875117744,0.4544168595802858,0.016058552907940355
0.6817872394373627,0.303038998543025,0.015173762019611854
0.6825181716780148,0.31551112005065374,0.0019707082713329447
0.8308760766005915,0.16679715690507452,0.0023267664943329397
0.6772173769544462,0.31536948251741714,0.007413140528136337
0.42860364330646106,0.563957316591294,0.007439040102243254
0.4296853356899985,0.5546379050574815,0.015676759252520572
0.7093384991779572,0.2826764380619011,0.007985062760140067
0.29900704534563316,0.6842728607827288,0.016720093871635956
0.4156463630119088,0.578986218257274,0.005367418730816214
0.3173782045854847,0.6565144370147974,0.026107358399719182
0.7927869120681108,0.19840832240180603,0.008804765530084016
0.763159151446408,0.2351834167159019,0.0016574318376859482
0.5034116404021444,0.47022726591445013,0.026361093683403804
0.354149588557064,0.6374238978701372,0.008426513572799625
0.34493312796313474,0.6110470386648381,0.044019833372026425
0.23167420740651884,0.7513696618884703,0.01695613070500853
0.7391110446535706,0.25092816978147103,0.009960785564957431
0.5629218351989537,0.4323457550215989,0.004732409779448014
0.6032635922496731,0.3901576436344601,0.006578764115866461
0.6264112669565989,0.35983376341550816,0.013754969627890844
0.5303352143655101,0.4424424629279532,0.02722232270653642
0.6690057119175545,0.3208435000084694,0.010150788073974041
0.22743485580470937,0.74667843942574,0.025886704769548442
0.5935979929797451,0.39575975039581673,0.010642256624438262
0.7420641173288024,0.24973612645295296,0.008199756218243362
0.31086884492451544,0.664020273481674,0.025110881593811342
0.41231416541944915,0.576974473860675,0.010711360719875983
0.5928880894274573,0.39424247378297483,0.012869436789567418
0.3478026254966748,0.6383018592418317,0.01389551526149323
0.1757782411038715,0.7940681586975432,0.03015360019858315
0.38427563432053224,0.5702541094021063,0.04547025627736313
0.5024346075212665,0.4761653020383484,0.0214000904403837
0.7944434310200599,0.1969327272482358,0.008623841731704489
0.6161378339638678,0.3795488846179432,0.004313281418188139
0.41688504062673937,0.5699054063387403,0.01320955303452045
0.6465553671820452,0.33551747319156505,0.017927159626393158
0.4944255370240645,0.4760593380643217,0.02951512491161357
0.5264456892469039,0.459496519844468,0.014057790908629273
0.4475956808562669,0.5419582511944389,0.01044606794929484
0.555425197595879,0.44209945882512297,0.002475343578997998
0.7099787296436644,0.1854650510114318,0.10455621934490542
0.6897500645522852,0.3002890511903451,0.009960884257367878
0.40720268000113824,0.5775509634377461,0.015246356561115688
0.622469173753548,0.36011867517749474,0.01741215106895787
0.43512794001263166,0.5610431397814454,0.0038289202059251953
0.40435964181674056,0.5844730923401362,0.011167265843124387
0.737002188836131,0.25453556448664527,0.008462246677224198
0.36758745808782284,0.6002463178241553,0.032166224088024414
0.24567081629669396,0.7475465180486626,0.00678266565464506
0.2874563919927413,0.700106136091618,0.01243747191564076
0.5482006680235523,0.4427771813600352,0.009022150616412728
0.6037508719884317,0.37828265852410764,0.017966469487457577
0.6988454511031497,0.29957388407819785,0.0015806648186526442
0.876946284429759,0.11947130360215615,0.0035824119680880487
0.44886983003529723,0.5404083078010169,0.010721862163685328
0.13247702222551272,0.8262037664854592,0.04131921128902692
0.729495023210044,0.26296061881735255,0.007544357972602453
0.40645832158413764,0.5755967871017295,0.01794489131413332
0.46807265272102655,0.5093116822613772,0.02261566501759769
0.4840462749906107,0.5124719210581405,0.0034818039512484666
0.6131155824142049,0.38065912534700647,0.006225292238790217
0.5032037738061637,0.49200385699767724,0.004792369196158283
0.3698153823182678,0.6191995546621507,0.010985063019582497
0.575829578274188,0.42133029109587034,0.0028401306299415253
0.773352617015116,0.21742976592459473,0.009217617060286952
0.7973396260968015,0.16471590598125116,0.037944467921947056
0.6770264156192307,0.3143425296118866,0.008631054768880878
0.7775129967234266,0.21466740398908735,0.00781959928748652
0.5946119428551934,0.3910289621411219,0.014359095003684959
0.8626815730563873,0.13222671966039942,0.0050917072832132385
0.7968653307540023,0.19804366631424813,0.005091002931748431
0.26985590634248063,0.722667117522971,0.007476976134544533
0.5577564534720029,0.40989599498877427,0.03234755153922106
0.7470748436660729,0.24654110755216696,0.006384048781758619
0.3762666304282544,0.6045524807118015,0.019180888859942742
0.4618860397179506,0.5265624362370651,0.011551524044984619
0.4678636808424428,0.523930997213608,0.008205321943948934
0.33475077241216394,0.6385636284556795,0.02668559913215747
0.6240906039171967,0.3512962126032228,0.024613183479583443
0.3440603336023001,0.6420558068271505,0.013883859570546062
0.5660736734776753,0.4233846603535454,0.010541666168778129
0.6953120520640546,0.3016113629700315,0.003076584965913737
0.3654077006335716,0.6099696273297046,0.024622672036724618
0.8427952021143514,0.1538360312404538,0.0033687666451933922
0.6188370711114695,0.37519207439019325,0.00597085449833597
0.7089779082591289,0.2852618354674637,0.0057602562734082275
0.5913706426203734,0.38918685460295205,0.019442502776674524
0.49116447674739827,0.5036554732918617,0.005180049960738773
0.4457102712998945,0.5274981084309744,0.02679162026912979
0.3797866020209441,0.5873801837162891,0.032833214262766815
0.9233020306722248,0.07441754806238911,0.002280421265385045
0.41665623711785404,0.5575902617267898,0.02575350115535477
0.6770092800281625,0.3211757479286154,0.001814972043219515
0.5613376215746749,0.41863907968943626,0.02002329873588798
0.37632101878143503,0.6113337683935531,0.012345212825010292
0.5791724875178444,0.3942007683646109,0.026626744117543868
0.5787660019566959,0.4107660396474479,0.010467958395854788
0.7775561775471125,0.21664337195064065,0.0058004505022468695
0.62415152085444,0.36296354698808103,0.01288493215747715
0.7942456665477502,0.20328660547849617,0.002467727973752912
0.4548396105939394,0.5359918883079277,0.00916850109813233
0.5144418097265188,0.48019372397465737,0.005364466298824114
0.4946723091002534,0.49242465697054033,0.012903033929207016
0.22469422791825147,0.7681422315676463,0.007163540514100077
0.6307978304564981,0.36434197791074574,0.004860191632756638
0.5048303675793405,0.46501604291651893,0.030153589504140224
0.8943955088161828,0.10195772485949724,0.003646766324321854
0.6655278325668714,0.3239699616504583,0.01050220578267062
0.8944836503460568,0.10069803485655156,0.004818314797390617
0.5264032053384621,0.4654847640162587,0.008112030645279182
0.8734422963019687,0.12342799809905107,0.003129705598979892
0.7643045549644455,0.23005188291701206,0.005643562118544502
0.8614950349041839,0.1356564278480972,0.0028485372477175135
0.6781146628021465,0.31723047861675796,0.0046548585810959105
0.23358623962781228,0.7515350292741879,0.014878731098000924
0.4563523606443888,0.5312535896836198,0.012394049671990783
0.4029169192246775,0.581896311570115,0.015186769205208308
0.5743741558438589,0.39830255888948124,0.027323285266658254
0.781075756624988,0.21542913952619497,0.003495103848817355
0.49399484073808997,0.5001078220414178,0.005897337220493053
0.49604545116276466,0.48913071997400587,0.014823828863229574
0.6883206175832617,0.30532752608892877,0.006351856327808105
0.5347811951942769,0.4628428439078931,0.00237596089782915
0.6247742901796081,0.3683799530812694,0.0068457567391222865
0.507369090021336,0.48009604426760505,0.012534865711058493
0.5840731838607803,0.4076029795029343,0.008323836636286146
0.7433668885774883,0.2505450381857636,0.00608807323675021
0.4568894095675832,0.5183678470955843,0.024742743336832206
0.6681564992735336,0.3194855907106283,0.01235791001583574
0.4464385882760942,0.5444190092765342,0.009142402447371798
0.6680385615041943,0.3242565223567366,0.007704916139069405
0.4298202445765208,0.5548992813635004,0.01528047405997575
0.516880227267386,0.4788200840213649,0.004299688711249533
0.5497850251393428,0.42955736181979626,0.020657613040859897
0.4779585998926197,0.5076520349055172,0.014389365201863158
0.7170120680248327,0.2774352735277131,0.005552658447454887
0.5756695411926497,0.40535954765723964,0.018970911150111062
0.5831232994576127,0.4049048760025149,0.011971824539871077
0.5459485846973675,0.4472857479076659,0.006765667394965169
0.8475702717969315,0.1472681027482145,0.005161625454854952
0.3566487414866306,0.633608583558842,0.00974267495452932
0.7973767544346975,0.19903019499137065,0.0035930505739332607
0.4576246793064861,0.5387844667620345,0.0035908539314820037
0.45932460932272257,0.5264805538353893,0.014194836841885902
0.6409023784010194,0.3502379399283005,0.00885968167068129
0.26908235998804053,0.6818397175524407,0.04907792245951824
0.25137584120568174,0.7397112104038401,0.008912948390478974
0.4783416731366137,0.5146842787993794,0.006974048064006414
0.2680536866646132,0.7225774656076523,0.009368847727733736
0.4369570675454122,0.5337600284566278,0.029282903997959814
0.4828548917484063,0.4966218419515965,0.020523266299996217
0.8570013026979115,0.1414946055402471,0.0015040917618415104
0.39547977788623756,0.5938608939705379,0.010659328143224747
0.9008347081680543,0.09745619224498735,0.0017090995869589692
0.27726410386406397,0.6959018755887736,0.026834020547163755
0.5863197758385311,0.4031773250985906,0.01050289906287898
0.6339655027772775,0.3490348741592514,0.016999623063472153
0.46216378514508927,0.5245411128300836,0.013295102024827227
0.44050646700133167,0.5270676273214863,0.032425905677183425
0.6210897424663502,0.3652445335465248,0.013665723987124453
0.2733287618719073,0.6949185358883001,0.031752702239793144
0.3234474861802619,0.6608148603205637,0.015737653499175795
0.329232780912082,0.6347341096651449,0.03603310942277136
0.7306916586165471,0.2564702232883967,0.012838118095054961
0.3117981627762828,0.6567947744492307,0.031407062774485114
0.6560029092056658,0.3263250231545786,0.017672067639757483
0.5803377973070746,0.41533801647947577,0.004324186213449461
0.8355703573978802,0.16262761012956828,0.0018020324725502863
0.501605066077363,0.49388025052039797,0.004514683402236857
0.3758870825986756,0.6084415227734946,0.01567139462782913
0.7900849544630106,0.2017508095003087,0.008164236036682029
0.5614560755004279,0.4334537431906394,0.005090181308932537
0.553139819722294,0.4355878635721817,0.011272316705524392
0.28393331778753467,0.6991553006094692,0.01691138160299707
0.5194281550427471,0.465839602395218,0.014732242562035164
0.624128876132191,0.3483299816198976,0.02754114224791161
0.7538509328381092,0.23673836592155562,0.009410701240333877
0.31792577610498757,0.6492489582540126,0.032825265640999524
0.5504453451695351,0.44183474888081764,0.007719905949646575
0.40244728033276145,0.5880908718003703,0.009461847866870305
0.6254133792132678,0.3627743050888202,0.01181231569791311
0.43207668920855336,0.5400617350019765,0.02786157578947073
0.7580081131256181,0.2344544477427915,0.00753743913158778
0.34031547761151776,0.6517063002949072,0.007978222093573085
0.5344243889441852,0.45170725358438163,0.013868357471432736
0.6149341089523868,0.38132038037259114,0.0037455106750211116
0.5890570002967304,0.3883915574178353,0.022551442285434094
0.46246733594404665,0.5299644916720381,0.007568172383916766
0.7853570270777789,0.20914389331231067,0.00549907960991053
0.8551021849087097,0.14269205675109117,0.0022057583401988196
0.460381173495483,0.5309203508001922,0.008698475704323387
0.3835371952917403,0.6052052022968523,0.011257602411407873
0.4341523779934896,0.5569081340640458,0.008939487942465749
0.6096548929943449,0.38111813957447677,0.009226967431178476
0.5728766073258298,0.4078040119190714,0.01931938075509693
0.6801036354752251,0.31501539974111575,0.004880964783660048
0.3609935536808313,0.6147343353690682,0.024272110950102156
0.5288086149866676,0.464409059411631,0.00678232560170071
0.620570909599859,0.3687385975831173,0.010690492817025936
0.3780115463711506,0.6095717156862962,0.012416737942552297
0.5533772985665464,0.43282002879612014,0.013802672637331677
0.44008753511524895,0.5520202251930505,0.007892239691699497
0.7908998377043115,0.20595523697816448,0.0031449253175249428
0.6159716917535552,0.37665378859839616,0.007374519648049795
0.5426274948669435,0.4395027147639861,0.017869790369070424
0.3136575908690079,0.6640354597001249,0.022306949430866918
0.6123891391736309,0.374237668071317,0.013373192755050592
0.5378147915084155,0.4511018119834585,0.011083396508126526
0.5973092381168353,0.3962265192593355,0.006464242623830878
0.33551904757756945,0.6572688497929251,0.007212102629504238
0.6820848357246672,0.31369126308359385,0.004223901191738757
0.9021455047963697,0.09193020931055558,0.0059242858930758265
0.7069096506241647,0.2827125916225498,0.010377757753285734
0.7017669501102625,0.2919883080135887,0.006244741876148726
0.5786120322490729,0.41673040477685264,0.004657562974074626
0.6248642197298255,0.36715851182993126,0.007977268440244285
0.8979003562596025,0.1008775650612923,0.0012220786791034678
0.504069814259108,0.49109773038573934,0.004832455355151398
0.3268163337845956,0.6627034539456774,0.010480212269728409
0.36182717831055056,0.6271735557065142,0.010999265982935446
0.4468037723241329,0.5238468343094868,0.029349393366380348
0.24678145123364506,0.7289701779170307,0.02424837084932239
0.6642167189972692,0.33476736804668955,0.001015912956039958
0.6032525604291877,0.3915513800590411,0.005196059511773149
0.2922062616393178,0.6926029912508999,0.015190747109780963
0.6702769538897767,0.32662284975884953,0.0031001963513757236
0.7063255656919423,0.2720742700278252,0.02160016428023442
0.7237622411504775,0.2583036731654114,0.017934085684110843
0.34410312134772086,0.633710439029015,0.022186439623265653
0.6993606760851007,0.29400703206654427,0.0066322918483538995
0.30587536345155586,0.6708780609091309,0.02324657563931378
0.4061264029624469,0.5698094946811169,0.024064102356435364
0.6873871734632644,0.30716644302549706,0.005446383511237842
0.782990569867291,0.2139471185409796,0.003062311591730938
0.7824489946952707,0.21012270682431894,0.007428298480409782
0.29611552771736144,0.659467777309982,0.0444166949726565
0.3423289357158818,0.6477330376012503,0.009938026682870187
0.37141400237796107,0.6208642402129818,0.007721757409056342
0.4860670310076413,0.49110598998705607,0.02282697900530231
0.8428196024633617,0.1550142886707854,0.0021661088658533416
0.5399903970327314,0.4510957474871456,0.008913855480122936
0.46839246072016144,0.5211745081069398,0.010433031172900663
0.49383516739781974,0.49610735598067623,0.010057476621503993
0.4595059978162285,0.5357363635473293,0.004757638636442822
0.8111394028083544,0.1859910947711482,0.0028695024204948272
0.36892180570959465,0.5888722728726059,0.04220592141780057
0.52402694345228,0.46983224933509793,0.0061408072126219754
0.6200186738888154,0.37131437062085804,0.008666955490326185
0.3087509103478722,0.6492140453647541,0.042035044287375
0.3158956379279519,0.6336898815086126,0.05041448056343512
0.8448240112770137,0.15386816171760473,0.0013078270053814654
0.531974119777739,0.4597728522377147,0.008253027984547686
0.37194647935345904,0.5970576112756348,0.03099590937090604
0.7979123895399848,0.19406165372863762,0.008025956731376354
0.5489397575142704,0.4362365218986712,0.014823720587059563
0.6696624083112913,0.3217719645082715,0.008565627180437354
0.2963689100519077,0.6859446815340811,0.01768640841401216
0.136748988557563,0.7783033592483529,0.08494765219408332
0.5442399910674814,0.4470894132918183,0.008670595640696875
0.5595939769429153,0.42128623768628976,0.01911978537079599
0.37107289260410675,0.618614826765151,0.010312280630740774
0.6295095497620853,0.3637467188238497,0.006743731414065389
0.4494782014379667,0.5075432739668182,0.04297852459521529
0.6246063409827113,0.3708306041262948,0.00456305489099302
0.45818199814495775,0.5226953902194615,0.01912261163558078
0.6725161697362665,0.31569850397260746,0.011785326291125841
0.4616184916175679,0.5291208311222079,0.009260677260224023
0.3851156147267373,0.6076570000318007,0.007227385241462315
0.40878718053517676,0.5634330132322166,0.027779806232607316
0.29329411963745083,0.6716286235804767,0.03507725678207391
0.7603715475227026,0.23348449264799453,0.006143959829302683
0.2772588630819026,0.6991399860961333,0.023601150821963464
0.8521097134815513,0.1398202221974734,0.008070064320975665
0.6183278647716207,0.37849314002982076,0.0031789951985561797
0.5390690758753685,0.45383297136786216,0.007097952756768166
0.5830678190392977,0.3994980359638527,0.01743414499684894
0.4977389041874962,0.4885367219613554,0.013724373851146566
0.5437613206301555,0.4501247809409388,0.006113898428905398
0.5338816019540376,0.4638911168531779,0.0022272811927848356
0.7293124107325816,0.2681587916065048,0.0025287976609119464
0.779081119676754,0.21711983095785517,0.003799049365391344
0.5371274358599569,0.4588697219944527,0.004002842145590846
0.7825182337495309,0.21198600633367426,0.005495759916798052
0.3485103799487846,0.6310575647715878,0.02043205527962872
0.7907031243659893,0.20705787877859114,0.002238996855422311
0.5458391475697201,0.4458439860135486,0.008316866416730483
0.6012889314724131,0.38902359041366563,0.00968747811392062
0.8328510230217797,0.1635450623007591,0.0036039146774642468
0.6397991550935017,0.35317557176196546,0.007025273144533307
0.328816519270085,0.6607378727491445,0.010445607980771533
0.3226623407649518,0.6634124962181018,0.013925163016946813
0.8017377406528119,0.19315388800138097,0.0051083713458053535
0.8052489312707477,0.18617318958827667,0.008577879140976427
0.4886814012519034,0.47504899710297965,0.03626960164511743
0.6954454811886848,0.2986258378484118,0.0059286809629046
0.9118792878124491,0.08228039776642829,0.0058403144211230315
0.612272318778575,0.37854785719741174,0.009179824024013867
0.5413106002880747,0.4545954160457733,0.004093983666151432
0.3252447796307596,0.6566564247351602,0.018098795634081115
0.31377774593182317,0.671083286906886,0.015138967161291369
0.4814130529056267,0.4593948510808696,0.059192096013502386
0.29421015607954465,0.6874825354555166,0.01830730846493703
0.548605936693058,0.42532458282812463,0.02606948047881621
0.4003499464332276,0.5868357498871133,0.012814303679658481
0.3683039105289742,0.5952394417589161,0.0364566477121096
0.2393163953496654,0.7505326584165953,0.01015094623373858
0.7614996998632646,0.2285750135963487,0.009925286540386486
0.8506706499493771,0.14483289401027763,0.0044964560403460765
0.8653477896787866,0.13219919252026796,0.0024530178009440095
0.8688858848061076,0.12732544820473046,0.0037886669891612087
0.5470325001522534,0.41049826490647706,0.04246923494127078
0.476578929913601,0.5164607220549554,0.006960348031442911
0.760840579753278,0.2361979413506224,0.0029614788961001715
0.5573942624990422,0.43447824236044047,0.008127495140517553
0.686328850592225,0.3086599941658264,0.005011155241948249
0.2909651831091154,0.6734181689382036,0.03561664795267919
0.7192783160703019,0.2617245313555927,0.018997152574105673
0.9085454555190042,0.08825286449719016,0.0032016799838053157
0.16909630073540508,0.8224170969484712,0.008486602316124116
0.5556199319917371,0.43031512121148613,0.014064946796777807
0.5792886639415902,0.38518927756311416,0.035522058495297534
0.6233859507864309,0.3709773404507663,0.005636708762800694
0.4446750437956719,0.48114636534848626,0.07417859085583994
0.4220158640158896,0.5443237879700997,0.03366034801401219
0.6290136628304696,0.36229248451585894,0.008693852653672294
0.2109565654967408,0.7548706950017288,0.03417273950153013
0.2497837458014219,0.7095222168566936,0.04069403734188441
0.35319295103849196,0.6160943834845543,0.030712665476953012
0.7313712094093935,0.2634173427051804,0.005211447885426096
0.4518748373729097,0.5243770395601518,0.02374812306693848
0.25832749230812724,0.732881150679596,0.008791357012276521
0.44407024329042555,0.5345590824596649,0.021370674249908128
0.42188145605436816,0.5372815653143537,0.04083697863127602
0.4270374671799904,0.5683111257012299,0.004651407118777918
0.5632915952015471,0.40921669768680347,0.02749170711164854
0.6954246369588281,0.2989968622171424,0.005578500824030174
0.7200899612642467,0.2766448310843401,0.003265207651415286
0.3946869286964062,0.5971106764879079,0.008202394815686437
0.42186714141063,0.5643050008148748,0.013827857774496775
0.7634852247515742,0.21868879539505953,0.017825979853365714
0.5798187065653807,0.40521640313887747,0.014964890295739665
0.7674584145141458,0.22804167021692975,0.004499915268921755
0.41565421617761533,0.5666644532706755,0.017681330551709416
0.6032685546578934,0.39195187107091795,0.0047795742711897035
0.2956144111464213,0.6848385522435119,0.019547036610064253
0.26138412107341874,0.69764093297718,0.04097494594940319
0.3449675338751133,0.6278700439885357,0.02716242213635162
0.6515747388097548,0.3346665731756682,0.013758688014575436
0.5667184369121281,0.42892598366552126,0.004355579422350277
0.567434092474531,0.4205838362653236,0.011982071260144419
0.284937639604575,0.6887676403127843,0.02629472008263855
0.890458192815173,0.10773760898182318,0.0018041982030053598
0.7015928513513354,0.28889783962787546,0.00950930902078647
0.7289897106151568,0.2653488200442243,0.005661469340620252
0.3910215849537619,0.5997332989733222,0.009245116072916284
0.6210649512728267,0.3650269296091194,0.01390811911805321
0.6081959232988973,0.37969851082467687,0.012105565876425462
0.8184483297972834,0.1767731575696939,0.004778512633023246
0.853381186133014,0.1436401172453609,0.0029786966216243556
0.48625979409698533,0.5059294887228675,0.007810717180147378
0.37161009449602156,0.6155315820846856,0.012858323419292354
0.13299264664026206,0.8452689065414194,0.021738446818319077
0.7649839944770233,0.2260830106756755,0.008932994847300937
0.4105417163124071,0.5716470433380384,0.017811240349552802
0.8074455943156291,0.18597015275464934,0.006584252929721663
0.364529442638283,0.619419308983992,0.01605124837772387
0.7368313908210992,0.2571309300574915,0.006037679121408923
0.8252903774647063,0.17043395982205117,0.004275662713244024
0.4291769000956472,0.549172807954091,0.021650291950260855
0.3882777726476199,0.6025324978931558,0.009189729459223528
0.6415743353216412,0.35318449686263953,0.005241167815718431
0.44634634943466767,0.5273908876575208,0.026262762907810773
0.4478671561215908,0.5311094272211458,0.02102341665726177
0.37881124544787637,0.6021162396831612,0.019072514868961707
0.6659240667950271,0.32433476454308424,0.009741168661887355
0.2717425630276064,0.697062754073779,0.031194682898614358
0.8050495984549875,0.1924512798914692,0.0024991216535425174
0.4438240622805506,0.5193447219060211,0.036831215813427784
0.29177373260898964,0.6933678010667144,0.014858466324295978
0.7674357913664749,0.22599314690509642,0.006571061728430403
0.5252970869039217,0.4494106502421931,0.02529226285388403
0.7535912177375946,0.2423339791706176,0.004074803091789011
0.334565570218243,0.6480454468666985,0.017388982915059244
0.49588645989647623,0.4946297858682557,0.00948375423526783
0.8171664336632685,0.17696376617838766,0.0058698001583485674
0.30803950830369575,0.6689667257869589,0.022993765909345917
0.8597588833566306,0.12888494068760228,0.011356175955764975
0.294942383833347,0.6930729136082715,0.011984702558381728
0.34424427474091784,0.6406539979844923,0.015101727274591917
0.4406692315840281,0.541108148809069,0.01822261960690317
0.19642517671273957,0.8007334442675934,0.002841379019667522
0.5533760024098814,0.43589152739911163,0.010732470191007502
0.759128094709549,0.23247194327087792,0.00839996201957044
0.25863453247504775,0.6849362300862647,0.05642923743868867
0.586031065814116,0.39949102914297957,0.01447790504290672
0.38491236927003003,0.6042771383038696,0.010810492426098689
0.5479865014732845,0.4446601390411747,0.007353359485542544
0.6751455752244225,0.3083371888763534,0.016517235899224856
0.28303829922358853,0.702755366981452,0.014206333794959137
0.28535191229638246,0.6704129309474645,0.0442351567561526
0.6877067564887639,0.30794478379960866,0.004348459711628038
0.27804839427611405,0.6824056815983864,0.03954592412550039
0.6797003077823551,0.30632598118971816,0.01397371102792445
0.501263100654736,0.4756764345332906,0.02306046481197423
0.5431355893021572,0.45131963614054704,0.005544774557293689
0.48701273912401244,0.5010826307622129,0.011904630113773783
0.49875209936683473,0.4880015288627347,0.013246371770429735
0.36918572872270894,0.6164811009995138,0.014333170277775763
0.44202783604481016,0.5400389703774985,0.017933193577690635
0.2502368595708768,0.7134184870699636,0.03634465335916035
0.44945972983923266,0.5380818166773772,0.012458453483389255
0.39527462011659065,0.5709166933435303,0.03380868653987881
0.5297849529963802,0.44060417635549753,0.029610870648120426
0.2533939121433796,0.7189770574920148,0.027629030364603277
0.7053828773548398,0.28585549698810425,0.008761625657055738
0.9424289381644062,0.054517252863912076,0.003053808971679607
0.24598159688139448,0.6885165084923965,0.06550189462620949
0.2922535027502422,0.6979024483953538,0.009844048854403606
0.41230131218156724,0.5690531972948878,0.018645490523543955
0.7403277826160234,0.2369899454422137,0.022682271941761086
0.4867972434400916,0.49873051429173054,0.014472242268178379
0.5045076900672845,0.4735423687865249,0.021949941146190907
0.8727391824376315,0.12245169439031779,0.004809123172050305
0.5215786795623096,0.4613416482641609,0.017079672173530028
0.5539331968713314,0.42279067132592973,0.02327613180273774
0.5157055006323299,0.4796494744753194,0.004645024892350397
0.42046674215459695,0.5555804945675816,0.023952763277821705
0.7400334832820302,0.2490719433476206,0.010894573370348415
0.21973348866094622,0.7623251655402176,0.01794134579883545
0.42710271487844836,0.5541046202172397,0.018792664904311498
0.5626060972098589,0.42322650503088816,0.014167397759254219
0.8810830638619227,0.11505537328392788,0.0038615628541496462
0.873402929920931,0.1209637872895501,0.005633282789517465
0.642151874295319,0.3484594712407085,0.009388654463971944
0.5943640520712088,0.39417735277556487,0.011458595153225408
0.5536215017072411,0.43237076095967547,0.014007737333084923
0.7179018278058036,0.2760551189022234,0.006043053291974654
0.5467873925161445,0.44252963439388404,0.010682973089970942
0.6035664854833525,0.3830334789935054,0.013400035523140046
0.5977225052783581,0.3899901336955783,0.01228736102606482
0.40320865099110137,0.5797983728914681,0.016992976117427193
0.7855558651213441,0.2031736213318834,0.011270513546770751
0.5318624137042893,0.46420475281282614,0.003932833482886319
0.44612523980547786,0.5480915037125873,0.005783256481936007
0.4001513616871881,0.5630446270370733,0.03680401127573897
0.4004885132442617,0.5791268094899499,0.02038467726578821
0.825573733403133,0.16823212873256144,0.006194137864303842
0.6093763230187941,0.3777192434587953,0.012904433522408724
0.5136657965509037,0.48221293844475355,0.00412126500434225
0.21513274566928503,0.7065314807030899,0.07833577362762506
0.6307267942919574,0.36445713237576566,0.004816073332276906
0.3927431712128114,0.5950778323982046,0.012178996388985655
0.42560876484663773,0.563030469111918,0.011360766041445368
0.3272024142969874,0.647539540187117,0.02525804551589627
0.5850761646899981,0.38911058942629206,0.025813245883710548
0.7309776126634537,0.2656877898220876,0.0033345975144582333
0.3101788837545542,0.6761448818036796,0.013676234441766688
0.6079352601818722,0.3803495242350694,0.01171521558306118
0.2968926083554049,0.6594019171621681,0.04370547448242824
0.7775574179016004,0.21307582033512698,0.009366761763274535
0.5063994626750074,0.47568098088303595,0.017919556441954778
0.6386771697471041,0.34830296424002793,0.013019866012867984
0.647307020897863,0.3473354004170232,0.005357578685113954
0.6719173872557018,0.32212252688458093,0.0059600858597153895
0.48428061787379084,0.4970969580908424,0.018622424035369293
0.3639502351276236,0.6051089296689335,0.030940835203442953
0.6342498272227783,0.3559141061830659,0.009836066594153306
0.6453864941162927,0.33231991111524234,0.02229359476846502
0.527546607445395,0.45186699269560937,0.020586399858995078
0.4066883583701172,0.5875536793716284,0.005757962258255238
0.48941701629426054,0.4682792778865389,0.04230370581920005
0.3991404663706324,0.5906975192395355,0.010162014389831112
0.5015212975454094,0.48834902240613604,0.010129680048452284
0.6873880773229971,0.307621964217882,0.004989958459119189
0.3828635355323153,0.5970063695553535,0.020130094912327944
0.5581840966438502,0.4324912365336672,0.009324666822481406
0.35319360930791993,0.630101362049128,0.016705028642953132
0.5346736273965876,0.44604646700071304,0.019279905602699324
0.6295172674136239,0.35901206419190157,0.01147066839447438
0.5987487695453537,0.39434739530005103,0.006903835154597113
0.3709526915372003,0.6033195950731617,0.025727713389636198
0.6889775328091696,0.30620597320686926,0.0048164939839585984
0.7499674991565429,0.2462499127084458,0.003782588135010877
0.7260050644921253,0.26620205528883695,0.00779288021903922
0.44942282110393994,0.5444250974728783,0.006152081423183145
0.31652894726196057,0.6729221919336008,0.01054886080443774
0.47167915431192564,0.4864721168692423,0.041848728818830574
0.8075238452507807,0.18839925536848898,0.004076899380732866
0.38756138524572,0.6030971016543553,0.009341513099926714
0.7271353418186565,0.2664295546173531,0.006435103563989146
0.8891705407791822,0.10546578204683843,0.005363677173977893
0.21022921567794836,0.7559286557178992,0.03384212860415078
0.6737571848808881,0.30518776134695763,0.02105505377215339
0.6570733672838149,0.33227481093125927,0.010651821784925205
0.34418372272413184,0.6317957885476556,0.024020488728212407
0.8654228940321927,0.13099433679747294,0.0035827691703335333
0.6615307121122852,0.3266396746990868,0.011829613188627451
0.37155241427785163,0.5967079495229557,0.03173963619919107
0.35568637558034644,0.6249462500084817,0.01936737441116874
0.5826275583894454,0.41368906785551995,0.0036833737550332193
0.5997509863080482,0.3906015296343654,0.009647484057586924
0.8155175436359171,0.1768927322914748,0.007589724072607612
0.5042440889018797,0.4849417361105461,0.010814174987573033
0.8356669232052727,0.15949465570028015,0.004838421094447862
0.1350103981387009,0.8462913929079419,0.018698208953355812
0.49209726837162904,0.49531950915941836,0.012583222468952843
0.7421712768639998,0.25317764839287726,0.0046510747431225815
0.7979056543282049,0.19767689336101057,0.004417452310783718
0.5355981080263628,0.4588461003615426,0.005555791612095181
0.7932820746796658,0.1950023851396368,0.011715540180697029
0.24227139037650075,0.7495970854370154,0.008131524186482436
0.7463186545938185,0.2456840871167669,0.007997258289417872
0.4173563964782596,0.57578269504529,0.006860908476449045
0.3446699409486617,0.630308556782805,0.02502150226853343
0.4234205963685511,0.5666664029829703,0.009913000648479125
0.5580790708282289,0.4343257376879518,0.0075951914838175835
0.5214775752415765,0.4572369375114596,0.021285487246963657
0.5566626634812123,0.4357837497437872,0.007553586775001693
0.3788919954230778,0.5971323526681196,0.023975651908803935
0.6652465189161181,0.33042182593006497,0.004331655153816997
0.3607526131918515,0.6305996516785621,0.008647735129586928
0.48238563931983697,0.49405347143818995,0.02356088924197203
0.6782569517876631,0.319789472857786,0.0019535753545511796
0.46590727665806503,0.5113729507927258,0.022719772549206655
0.3110732338516205,0.6461886071771646,0.0427381589712142
0.47297419142717534,0.514096203014891,0.012929605557934648
0.44610341897248645,0.5426096368447981,0.011286944182715112
0.5762289525459345,0.40579129585528767,0.017979751598778647
0.5860955737863054,0.39305603463331257,0.020848391580381195
0.5524865534301976,0.4419012710532657,0.005612175516535937
0.558193436364007,0.4353026881433471,0.006503875492646683
0.27213624745892423,0.7165752985157066,0.011288454025369215
0.5555217503463965,0.43795150128211346,0.006526748371488048
0.5815884071810484,0.4048695278744943,0.013542064944455503
0.1886279122499211,0.8056715545906542,0.005700533159424169
0.5133502008172373,0.4777843410880545,0.008865458094709453
0.5589173250032463,0.4168904896691496,0.024192185327605007
0.7839416827707881,0.20341852096098686,0.012639796268225072
0.40039917806452535,0.5897174005858141,0.009883421349660013
0.5284656816876174,0.45509355525023937,0.016440763062142438
0.7431229001230969,0.2506874531674324,0.006189646709469899
0.48261852682524714,0.508646688707639,0.008734784467114374
0.40936228263107616,0.5775211515144877,0.01311656585443732
0.547103680140151,0.44522093840039123,0.007675381459459871
0.7019590850068913,0.2874743188740351,0.010566596119073998
0.3244211394466214,0.6511652728830796,0.024413587670299462
0.4205173378944662,0.5298800473237437,0.04960261478178967
0.7155850971556105,0.2747265853910165,0.009688317453375304
0.5626974514064801,0.4271826206481943,0.010119927945325232
0.6980034115633129,0.288118979792911,0.013877608643777444
0.48666537220005174,0.5042739169211752,0.0090607108787718
0.8262488098813463,0.16787565266793142,0.005875537450722814
0.6136419991827579,0.3781663933232691,0.00819160749397414
0.6499614090609249,0.34543082496351574,0.004607765975558223
0.6799124918923631,0.3092566980354095,0.01083081007222733
0.7420197044526261,0.24376460741953115,0.014215688127841335
0.5175079194118277,0.46348152326764724,0.019010557320525468
0.5568028212653416,0.4363776896332272,0.006819489101431999
0.6701753599195861,0.31507547185476914,0.014749168225644736
0.3437165000667505,0.5561308469164997,0.10015265301674856
0.5185346144041504,0.46241006262769196,0.019055322968156645
0.3921123294240154,0.6002367194154065,0.007650951160577426
0.8892923113196507,0.10644884991441574,0.00425883876593128
0.5551541131063116,0.4058610927634661,0.03898479413022202
0.7474560655635382,0.24554170837996855,0.0070022260564925045
0.23703231447541978,0.7426179353980773,0.020349750126503637
0.5256743485877473,0.46753373783754876,0.006791913574703938
0.9436245789181492,0.05454809369706058,0.0018273273847887537
0.7289192884187815,0.2507706684725166,0.020310043108699515
0.6160134284118584,0.3654220237649498,0.018564547823194204
0.4898278715919423,0.4902358993834989,0.019936229024559524
0.6156310864772151,0.37484938602196166,0.009519527500822253
0.6533650501538284,0.3410016016359704,0.005633348210202728
0.527125822176305,0.43504443046848595,0.03782974735520962
0.5718313185123773,0.41156744531086137,0.01660123617676244
0.5461065241973221,0.4493996466123718,0.004493829190304304
0.5062694447772159,0.47881101920036395,0.014919536022418767
0.6893003191413629,0.3077114205208338,0.0029882603378040347
0.3648669333509156,0.6020836774564213,0.03304938919266318
0.835890093635725,0.16162966237601467,0.0024802439882625612
0.7850321718273676,0.2119046146889105,0.003063213483721125
0.7381176853400263,0.25790928245836076,0.003973032201614922
0.4149888238892444,0.570226563729665,0.014784612381091477
0.6969737839197087,0.2986162350774939,0.004409981002798039
0.7055949591068419,0.2849569586795614,0.009448082213595738
0.3964234877442576,0.5764953833076711,0.02708112894807097
0.4806651482289313,0.5063504116039736,0.012984440167095207
0.6300442362320464,0.36724737192246343,0.0027083918454903918
0.7068647741124253,0.2765657896172613,0.016569436270312446
0.3735242207526326,0.5852943015464345,0.04118147770093234
0.5862839946406354,0.38896277194564405,0.02475323341371884
0.4543178230648672,0.5374045949614453,0.00827758197368805
0.4895766568216632,0.49195158361705493,0.01847175956128204
0.21979678467508956,0.753033263016778,0.027169952308132475
0.3776655311559308,0.5902717159868032,0.0320627528572676
0.6078403127440609,0.38335111280504985,0.008808574450887336
0.5356549608708522,0.4559954811556128,0.008349557973537087
0.8273919259383401,0.166178046095867,0.006430027965790164
0.3417505575078294,0.6466847907478762,0.011564651744293919
0.4558646775553264,0.530025958615429,0.014109363829243386
0.6347390534004821,0.36191840560942523,0.003342540990091994
0.5469676715224955,0.44198933518048056,0.011042993297023648
0.8366927291639122,0.16102820532346837,0.0022790655126188925
0.46443854100075327,0.5316960910999047,0.0038653678993423512
0.6397739993572943,0.3507868044971785,0.009439196145523599
0.7182187194403805,0.27469222759405687,0.007089052965565692
0.3692851615976411,0.5894937122502039,0.04122112615215378
0.6816548531777141,0.309485733718632,0.008859413103651109
0.6968483241884393,0.2976031378458497,0.005548537965712134
0.38248067000292346,0.6028715289022322,0.01464780109484341
0.5572797488809773,0.4268635249441459,0.015856726174875477
0.7877621642807423,0.20707376440792463,0.005164071311335575
0.309632903657607,0.667745381358494,0.022621714983898485
0.3299062784894405,0.6636756349499427,0.006418086560612624
0.521805250456146,0.47552559938278555,0.002669150161068115
0.43511174489976734,0.5512054100630679,0.01368284503716526
0.4048867801768503,0.5707894047641312,0.024323815059019552
0.6021559736186005,0.3906563549893243,0.0071876713920754265
0.2863191683793426,0.6781545351105871,0.03552629651006985
0.4126556396493638,0.5544563909800602,0.032887969370574206
0.6828309184761886,0.3123104882604207,0.004858593263391958
0.7845562116987014,0.211936984325019,0.0035068039762806585
0.5949953034875618,0.39866736746851283,0.006337329043924009
0.34814287404125555,0.553212175674709,0.09864495028403641
0.634632824854611,0.3537281755982445,0.011638999547143366
0.7696912097911373,0.22747609119281573,0.0028326990160483997
0.25737730290413996,0.7078156826518073,0.034807014444051695
0.31715445044579843,0.6509992162578989,0.03184633329630226
0.7272474259082017,0.259049069009834,0.0137035050819642
0.24047652069699801,0.7283924558143502,0.031131023488651814
0.36422757870097633,0.6080218936298879,0.02775052766913486
0.543555982538813,0.42942336727351327,0.02702065018767347
0.4947084802625777,0.5017346952427241,0.003556824494698381
0.6468623071887719,0.3448709852643829,0.00826670754684408
0.5297785814132445,0.4549816953201351,0.015239723266620785
0.7391159652879709,0.25758199532744436,0.0033020393845845063
0.5017443255764832,0.4921890249592032,0.006066649464312343
0.44103983894710996,0.5490634255282191,0.009896735524671659
0.7629910363512673,0.23339405514953007,0.0036149084991994344
0.3765881854881207,0.6127291254756115,0.010682689036266783
0.4061593258342376,0.587359783402993,0.006480890762769718
0.12893773954037827,0.8644551229639993,0.00660713749562113
0.7300786044934691,0.2613612736507444,0.008560121855789351
0.40356384015324587,0.5902885630807633,0.0061475967659899424
0.7865888053232839,0.20303256505920422,0.01037862961751298
0.2353241736491856,0.7039727157350085,0.06070311061580809
0.35672747959194817,0.6337738763822564,0.009498644025797098
0.47215366524670715,0.5108764000566541,0.016969934696636515
0.32816901219348305,0.6444864222454589,0.02734456556105864
0.4335937957376743,0.5410294014592009,0.025376802803125764
0.3937308683692824,0.5645194946729537,0.041749636957763896
0.45795866271346025,0.5312108208130895,0.010830516473449337
0.6241195309519683,0.36774500317737674,0.008135465870654671
0.35910863828961087,0.6315227905423345,0.00936857116805409
0.4790750944065411,0.5102211255168421,0.010703780076616161
0.3203760806830831,0.672638054183905,0.006985865133014147
0.28227983692888614,0.7006658504986828,0.01705431257243367
0.7771097487284637,0.20912253194947145,0.013767719322063512
0.4028421625393495,0.5925088198736247,0.004649017587027678
0.3897955606866065,0.5853150029378346,0.02488943637555684
0.6041510804627503,0.3848321549947887,0.011016764542460889
0.8159390508370871,0.17540968871804183,0.008651260444869191
0.3242765429185153,0.6375419591008716,0.03818149798061212
0.4159820088817434,0.5739347210409744,0.010083270077282009
0.26827980208126884,0.7050973858278606,0.026622812090869277
0.2171659721125877,0.7663264625962747,0.01650756529113702
0.7530375937486622,0.22271056767332004,0.02425183857801748
0.6092781700313951,0.3674569145195626,0.023264915449041617
0.7177875565374557,0.27820758352643793,0.004004859936108181
0.7833243104586913,0.20685644554292737,0.009819243998382386
0.5118302339389526,0.4705671469504636,0.017602619110583285
0.34572247058047006,0.6254335969782054,0.028843932441324577
0.7240735980721577,0.2700710042522739,0.005855397675568434
0.28383455960618886,0.6739526601233283,0.0422127802704841
0.5084577131050813,0.476446138497521,0.015096148397398574
0.6730982540971895,0.3187746997098065,0.008127046193004743
0.5733558837983146,0.3984110109026939,0.028233105298990903
0.5313239784384985,0.4406812938913894,0.027994727670111925
0.6954379261177464,0.2997853049644773,0.004776768917776172
0.2710980783536696,0.7027546376210858,0.02614728402524269
0.38778627655767545,0.6071716688033428,0.005042054638982264
0.6970756711554066,0.2897519213942222,0.013172407450370707
0.7786562405187311,0.21037683959219275,0.010966919889076505
0.6527474193554683,0.326698650037469,0.02055393060706053
0.48904719507092553,0.49590166589896884,0.015051139030106818
0.8041239746809021,0.1944942587854729,0.0013817665336232263
0.8181789170826006,0.17645116508528505,0.0053699178321121544
0.2685693589096498,0.6820317913846291,0.04939884970572039
0.6032405654246615,0.3944154184998411,0.0023440160754979395
0.7808685091629056,0.21373079253491917,0.005400698302176457
0.31689398273878366,0.6544635150628223,0.028642502198395776
0.7472077474525217,0.24406211193521007,0.008730140612269056
0.4921944324452353,0.48198784828770264,0.02581771926706186
0.8031165243163222,0.19146682952967337,0.005416646154006561
0.6955384072947164,0.29821908322780244,0.00624250947748015
0.8226551822054026,0.15088812100910265,0.026456696785492298
0.5196266316972533,0.47116957486173355,0.009203793441012222
0.38990417567884933,0.5776720162772223,0.032423808043929865
0.2896650867840865,0.6939040193055335,0.016430893910381283
0.8150241462721837,0.18106093900006065,0.00391491472775475
0.4335899892915284,0.5553258452509535,0.011084165457517258
0.31286539464870744,0.6789115787960629,0.008223026555228148
0.8923347349638,0.10110174366860045,0.006563521367598759
0.5013970483584544,0.48043868361573616,0.018164268025807503
0.3532718319555427,0.6336431053614396,0.01308506268301969
0.6660452836854255,0.3054656172158699,0.028489099098705083
0.5633134391992339,0.42113983457412457,0.01554672622664115
0.533122859071658,0.4522702503856217,0.014606890542719773
0.3800841200581448,0.5750154143485082,0.04490046559334662
0.45379768739248655,0.5384500447389695,0.007752267868543388
0.48093401216655973,0.45335241813743266,0.06571356969600749
0.6825999195240721,0.30253082850865287,0.014869251967272108
0.5931620732136647,0.3937689709292706,0.013068955857066961
0.693380164849785,0.3022032810186936,0.004416554131523141
0.6107966963894585,0.37359414224991344,0.01560916136062909
0.3583600317020317,0.6265158327772407,0.01512413552072919
0.48954863418152944,0.4910077632863923,0.019443602532078545
0.22844574245335264,0.7646104400322102,0.006943817514434759
0.8012736406612699,0.19354971636664794,0.005176642972083445
0.6091781447807365,0.37794664762398994,0.012875207595274524
0.2862329479294637,0.7006780509341994,0.013089001136334795
0.5425468718837465,0.4406823021429428,0.016770825973312108
0.4426742415135374,0.5422459291348211,0.015079829351641526
0.5901027723493905,0.39837368157330083,0.011523546077308577
0.541881895591367,0.4533742442236082,0.004743860185024101
0.8879924095986867,0.10995060883882268,0.0020569815624929696
0.5239242802784074,0.4747678017996104,0.001307917921980314
0.5409871374747778,0.4369015700768778,0.022111292448342174
0.43083307012046135,0.5361143278659453,0.03305260201359421
0.4597644642083074,0.5335602206050243,0.006675315186668588
0.5219016905562232,0.4727751047628872,0.005323204680888863
0.7564781894414263,0.24005180545024335,0.003470005108330669
0.31687532535279544,0.6704804107054735,0.01264426394173141
0.6935101893677134,0.30396242036478294,0.0025273902675052393
0.8175643826259691,0.17800152420514442,0.004434093168884422
0.6684167142244222,0.3237749145661376,0.007808371209439758
0.7457576901314839,0.2487803355000025,0.005461974368514656
0.7179773604776586,0.26735337518421337,0.014669264338127055
0.47307415742250025,0.5075725714099667,0.019353271167532434
0.15375635647232308,0.7941207137058051,0.0521229298218719
0.7344001892852927,0.25272518179208087,0.012874628922627905
0.9227255017237691,0.07495895581029079,0.0023155424659400295
0.3685508469262009,0.6171825750218184,0.014266578051981992
0.7303371727472732,0.25695902726334113,0.01270379998938802
0.49204445808022657,0.49013867322200433,0.017816868697769
0.46907723041764665,0.5068896916323111,0.024033077950042274
0.3883666004029314,0.6012322062648109,0.010401193332259119
0.3820680176538019,0.6019459184856412,0.015986063860557214
0.6317915954417732,0.3541701042339727,0.014038300324251005
0.2859980442824823,0.700395490118254,0.01360646559926401
0.3631122187019195,0.6259380611613217,0.010949720136759877
0.43533652882590285,0.5519534526283185,0.012710018545778813
0.6710075985084347,0.3203982877656476,0.008594113725918898
0.745436350646777,0.2426097093320635,0.01195394002116262
0.44408865099040096,0.5433485831354623,0.01256276587413543
0.5368732535489661,0.44953597231295805,0.013590774138075357
0.5750268937445062,0.40805913164397667,0.01691397461151767
0.6009572861671268,0.3973401067380702,0.0017026070948028373
0.4827246670336707,0.5037670310261391,0.01350830194018885
0.7780225398292602,0.2169731167231439,0.005004343447597044
0.3995155115799996,0.577406291680908,0.023078196739093962
0.6671629895264798,0.32647037939217155,0.00636663108134905
0.3996266398062282,0.5676307606782991,0.03274259951547234
0.5128792140822329,0.45763653892257183,0.029484246995194578
0.24261718106940533,0.7314015380135729,0.025981280917021534
0.41416242854243523,0.5734301549530624,0.01240741650450194
0.43463308929750544,0.5455087725233959,0.019858138179099632
0.5342254952107367,0.44508545949870504,0.020689045290556637
0.5911679942696569,0.4010507611506732,0.0077812445796732865
0.27991424230022477,0.6792643308711565,0.04082142682861846
0.4296477172181724,0.5439962929915345,0.0263559897902919
0.3988258593552709,0.5803850855258809,0.020789055118848362
0.3365642715933921,0.6511702438394446,0.012265484567165185
0.5506836129533427,0.4445692516200441,0.004747135426614667
0.6678065313951314,0.3115570996680841,0.020636368936784964
0.8733265845302424,0.122514819878268,0.004158595591490674
0.476412006666141,0.5174206450206983,0.006167348313160429
0.5040975269065026,0.4761167651746138,0.01978570791888343
0.4053860123649278,0.582090808831754,0.01252317880331868
0.527552781551288,0.4603687809496365,0.012078437499073575
0.8952951181267359,0.10027720629364778,0.0044276755796155715
0.24193676141924414,0.7517763290739793,0.0062869095067768135
0.7176703231882232,0.27540567306304736,0.006924003748729724
0.5694905235429343,0.3796681369909934,0.05084133946607228
0.3314456370466203,0.6199048153896363,0.048649547563744976
0.8753654375370591,0.11634796600542173,0.008286596457519215
0.6145290595541288,0.3732671736999909,0.012203766745880532
0.6977502177000936,0.292130005238791,0.010119777061117885
0.7145790776118203,0.2763548009780426,0.009066121410136572
0.780620743370115,0.2145167514763474,0.00486250515353879
0.23597491422787256,0.7333878276681258,0.030637258103999265
0.5127266482699392,0.47875445186231874,0.008518899867743691
0.39987711584864954,0.5887939320420078,0.01132895210934274
0.41977094235451806,0.5553510985442646,0.0248779591012177
0.5245486371787714,0.46607084445581215,0.009380518365415497
0.22763573316951108,0.7188106609376586,0.05355360589283105
0.5631456757730944,0.42643658037355725,0.010417743853348574
0.5753150301869032,0.41526505099172034,0.009419918821375713
0.42419667530829114,0.5400682700715799,0.035735054620126806
0.2740684783525522,0.6799634528137055,0.045968068833741264
0.8398339439325725,0.14982052503794616,0.010345531029484102
0.5391943346467779,0.437279588867783,0.02352607648543944
0.3962080119932979,0.6007648819490236,0.0030271060576757317
0.5427531856276245,0.4465538951737063,0.010692919198668783
0.7791645801401751,0.2138296822386957,0.007005737621129006
0.7087500253577905,0.285317616306485,0.005932358335724237
0.37813667270800433,0.5919494841392087,0.029913843152787015
0.5810394262060333,0.4040449227177778,0.014915651076187402
0.6660452836854255,0.3054656172158699,0.028489099098705083
0.7293184384903529,0.2660838014052894,0.004597760104359126
0.8221469867270843,0.1696085625344691,0.008244450738445869
0.5393785518032412,0.4245136946870317,0.03610775350972835
0.812871364187315,0.1851472513612952,0.001981384451388963
0.5802794092046347,0.4137699231268026,0.005950667668561938
0.8283342257223674,0.1668645028806427,0.004801271396988849
0.6918140841724757,0.30183762405953163,0.0063482917679936295
0.19762427742057617,0.7811692545323359,0.02120646804709042
0.6036151228033899,0.3872321777432347,0.009152699453374512
0.38190296719609085,0.6120463320367923,0.006050700767113734
0.28765590032709587,0.6872153428236102,0.0251287568492938
0.4424571683547787,0.5415569140461102,0.01598591759911081
0.5741696786266627,0.4178209170313723,0.008009404341966769
0.36690465547647333,0.591854398239477,0.04124094628404983
0.8315271466600658,0.15743141215925113,0.011041441180683136
0.5372214185467253,0.43139783069293264,0.03138075076034083
0.5972548986171898,0.3993831339712801,0.0033619674115313862
0.4811861104425703,0.5100736778344451,0.008740211722985981
0.7425489643938221,0.24761768410541185,0.009833351500767116
0.5647804470979836,0.42806298847012947,0.0071565644318867675
0.3924280507168668,0.5889589856655124,0.018612963617619094
0.8989415392397545,0.09155228892225278,0.009506171837990995
0.4142607598745984,0.5683905828372683,0.017348657288133704
0.44904848855759383,0.5335415082909399,0.01741000315146579
0.5715453311567238,0.4124330630448834,0.01602160579839217
0.4638628226351749,0.5232730719409788,0.012864105423847125
0.9093772863244637,0.08916584699562513,0.0014568666799091965
0.4037872643361169,0.5538723751196206,0.04234036054426356
0.3717461382451756,0.6187364959498658,0.009517365804957302
0.46375350064962517,0.5120891010740237,0.024157398276350966
0.45278387860721053,0.5373224247849462,0.009893696607842482
0.6276490260207502,0.3574895809474142,0.014861393031837894
0.6304458828766473,0.3602423577495723,0.009311759373780105
0.7953116912356797,0.19968948778379994,0.004998820980518642
0.5050859995660517,0.4794145614032273,0.015499439030721467
0.3639114647199497,0.6250136939004364,0.011074841379614168
0.28154997040596674,0.7151888234127177,0.003261206181314173
0.6884416498877713,0.3009207756711677,0.010637574441060624
0.6104710842695458,0.36398966091265744,0.025539254817796966
0.30559551071127955,0.6896220763798918,0.004782412908827372
0.45843656831848795,0.5227041362781599,0.01885929540335232
0.6109451740337682,0.38128493787282647,0.007769888093403629
0.3404372528645034,0.6356118182461571,0.02395092888933893
0.4308008003681643,0.5577264563089854,0.011472743322850762
0.5588532833428295,0.4277867095955992,0.013360007061572273
0.2151685543860206,0.7762394127716208,0.008592032842359367
0.6177146356502942,0.3732216061731759,0.009063758176529177
0.4959730071290103,0.48254190220748416,0.02148509066350683
0.6055148271447658,0.38956414923987315,0.004921023615361217
0.6066278584789554,0.37850237823653743,0.014869763284508373
0.2571956872630664,0.7299573817933694,0.012846930943563867
0.5459177565683345,0.42026332302630676,0.03381892040536053
0.5102456373014522,0.4650312626556032,0.024723100042944635
0.4152494614098312,0.5633601190673162,0.021390419522851162
0.6711369055069084,0.3169573576427473,0.01190573685034377
0.422362837948871,0.5670129661661992,0.01062419588492999
0.4343682791032154,0.5473506869011764,0.018281033995609573
0.5912043885582916,0.40261542560037217,0.006180185841334987
0.8600479637590739,0.1378372381286544,0.002114798112271091
0.5626127532358411,0.42873366996375945,0.008653576800398941
0.43253588525222875,0.5616891928575344,0.005774921890237357
0.48759123896829604,0.48419283837293525,0.028215922658768332
0.4896577222942435,0.5043229145248493,0.0060193631809069325
0.3998775427489071,0.5865831515246177,0.013539305726475772
0.5686157676219112,0.4247718140999676,0.006612418278120033
0.6829818288515467,0.3102038742374731,0.006814296910980166
0.35252800799405437,0.6124700428426396,0.03500194916330458
0.7920403311984279,0.20187458239017977,0.006085086411390237
0.45651140089740067,0.5355297271288204,0.00795887197377833
0.4047083352366212,0.580019146461582,0.015272518301796491
0.5642467958849334,0.4231831544995356,0.012570049615532463
0.7145150131140835,0.2832275355878754,0.002257451298042522
0.733463840053854,0.2588552841728183,0.00768087577332591
0.5353230187713653,0.4545655215519317,0.010111459676702657
0.5777935074528046,0.41726910342987855,0.004937389117317661
0.8315070301529461,0.16561701612167365,0.0028759537253792954
0.7862582477755108,0.20669437250536418,0.0070473797191259
0.5456436023239686,0.4246291394780839,0.02972725819794419
0.6203444027587787,0.3756549975604117,0.004000599680808124
0.5209699375615086,0.4678572948649661,0.011172767573524358
0.5827545601379014,0.4125753174120566,0.0046701224500409165
0.3641812872071602,0.6168047021085715,0.019014010684269302
0.5681789479288096,0.42078303751755985,0.011038014553630505
0.611309840339414,0.3825791423035685,0.006111017357017974
0.28410735793481134,0.6630830227838863,0.05280961928130303
0.3025871838471082,0.655702895466756,0.041709920686134785
0.26942584286915805,0.663213564143129,0.06736059298771295
0.7507950173564314,0.2428079827693809,0.0063969998741878024
0.6108446442635341,0.37428778973067905,0.01486756600578479
0.4759358123391239,0.5154779779799559,0.008586209680920822
0.6697110706932539,0.31983801721242666,0.010450912094322059
0.7720535316634266,0.22052581087047934,0.007420657466094487
0.24494167543007622,0.7471617417553746,0.007896582814548391
0.8107458485482968,0.18333050455627664,0.00592364689542437
0.5417193844515306,0.45072584075806654,0.007554774790400646
0.4572757655802069,0.536976359820344,0.005747874599449796
0.3250153950059916,0.6515248939147269,0.023459711079281496
0.5845838772382793,0.4012321889107115,0.01418393385100959
0.24240862088267023,0.7388371310191146,0.018754248098212956
0.29807790897227776,0.6902616722987096,0.011660418729010536
0.6293476273686405,0.35513176845367694,0.01552060417768157
0.2832646620565645,0.7093446624953335,0.007390675448100797
0.286778961755955,0.6857761513364425,0.027444886907600833
0.5055959946366062,0.48998230802588866,0.0044216973375060045
0.5077537905524562,0.4709967831782334,0.021249426269309462
0.19317879665802407,0.7313494958795314,0.07547170746244197
0.6294162060282643,0.368140383478077,0.002443410493659675
0.6336000764704567,0.36073094679311124,0.005668976736432475
0.7669202748692482,0.22509217690557845,0.00798754822517254
0.3686899882847736,0.6241942816086363,0.007115730106591084
0.5464503303591531,0.4413490656205019,0.012200604020345557
0.6680274682581557,0.32447937481378597,0.007493156928057975
0.41183315764906075,0.5734714932705847,0.01469534908035653
0.3418659666734824,0.6432843604003587,0.014849672926160533
0.39502180478327426,0.5874426893791058,0.01753550583761972
0.5028428823232933,0.4829096294694307,0.014247488207274955
0.7159523798156698,0.2818166214628053,0.0022309987215241894
0.5087431893394045,0.4847534657457918,0.006503344914802791
0.33743618516603946,0.6304891978456009,0.03207461698835889
0.43381022244306233,0.5424416281295674,0.023748149427370843
0.6290958680207757,0.3665082659411666,0.004395866038056368
0.4644846919931468,0.5184279130465345,0.017087394960318535
0.5853229280803456,0.3975137271821696,0.017163344737487225
0.4055232308566298,0.5672528628057832,0.02722390633758472
0.4187872866309191,0.565451061067727,0.0157616523013536
0.446869800339975,0.5400834946048305,0.013046705055193383
0.7362413788154669,0.2586610580609178,0.005097563123616191
0.6489927857557285,0.346188926873137,0.004818287371134113
0.7868840278741425,0.21030835077139703,0.00280762135446206
0.7410583001639923,0.25327587010308655,0.005665829732921014
0.43350497638787894,0.4720595440477423,0.09443547956437824
0.4227749035679604,0.5664186577545393,0.01080643867750061
0.6962442479979871,0.2984894789562707,0.0052662730457408505
0.5896748365881962,0.40093805039061287,0.009387113021188647
0.6908226110672058,0.30192606701973074,0.007251321913064474
0.33042969996713895,0.6279416489917528,0.041628651041107786
0.8196580849723419,0.17488501828012798,0.0054568967475296295
0.29016953487159725,0.6916655374629661,0.018164927665436273
0.7293097063437418,0.26202529028289206,0.008665003373366129
0.6411055064140573,0.35401560970155965,0.004878883884383018
0.47356559886835214,0.4628890660605003,0.0635453350711481
0.43036123443994295,0.5476140186918166,0.02202474686824236
0.831782826894917,0.1580803442107884,0.010136828894296374
0.40434762375009453,0.505895059061827,0.0897573171880789
0.40716819955810934,0.5742035330071632,0.018628267434727345
0.305827975175384,0.6716303040276995,0.02254172079691647
0.4790348294995439,0.5094812958429185,0.011483874657537385
0.47287977805549947,0.5186686780525128,0.00845154389198876
0.47492234725714033,0.5119063207976929,0.013171331945167977
0.6848747348501373,0.287189167443454,0.027936097706407814
0.47460171515366795,0.5081211325848323,0.01727715226149961
0.7192233176204471,0.2771139424127741,0.003662739966779194
0.2571447839043621,0.7284663388071765,0.014388877288459584
0.4366060866333555,0.5544936361463506,0.008900277220293382
0.31999538458903565,0.6708006762344572,0.009203939176509182
0.5825561397925895,0.40638405900394725,0.011059801203463735
0.3557707916208465,0.6235221407989747,0.020707067580179046
0.4029043447206669,0.5852617141182166,0.011833941161115639
0.7575411532750183,0.22993838522324578,0.012520461501735584
0.44218255676695706,0.5245396668929442,0.03327777634009863
0.30778411919749427,0.6603361461331363,0.031879734669368054
0.6256031560940368,0.37062219782508515,0.003774646080878262
0.3822403391687115,0.6127569758536602,0.005002684977627972
0.5924949354791041,0.40302978290500563,0.004475281615891685
0.374286828008544,0.6163765967251128,0.009336575266343837
0.42913259654126856,0.5638943370318364,0.006973066426893978
0.45044440781987516,0.5413666524200419,0.008188939760081258
0.6537406287712099,0.3378650186949326,0.008394352533857972
0.4427500544506261,0.4918179727304029,0.0654319728189726
0.11529915364146932,0.8623206765976296,0.022380169760901382
0.5664775437144902,0.41932907522175344,0.014193381063758443
0.3493339797219653,0.6355507565564715,0.015115263721565618
0.5114998795758948,0.48032055081910807,0.008179569604998245
0.23649652134692584,0.7393964863472476,0.02410699230582789
0.48986338572476434,0.5053617696603535,0.0047748446148820805
0.6025808986259353,0.3626370754560977,0.034782025917967196
0.608682846837994,0.3765653611037671,0.014751792058237458
0.21198166140296998,0.7627288299033862,0.02528950869364358
0.4978915829302396,0.47103425290710826,0.031074164162653278
0.5684798177796786,0.4291070030282917,0.0024131791920300365
0.4685481024110825,0.5227342539377059,0.008717643651210184
0.3142514893617746,0.682855229274714,0.0028932813635132223
0.8773221998211411,0.11886349619899246,0.003814303979863712
0.45888053540368945,0.5325388920215491,0.008580572574762866
0.5577045407867149,0.4194377732758273,0.022857685937457548
0.516673789672476,0.4771174503498025,0.0062087599777236385
0.6417933224763278,0.35527763150617553,0.0029290460174973883
0.7033688396171554,0.28656586025185143,0.010065300130993394
0.3387371243167434,0.6569203867815824,0.004342488901674856
0.28118411632239165,0.6950357017930119,0.023780181884596175
0.2620360696133258,0.7114259869702748,0.026537943416399024
0.6731999338289302,0.3211791754583918,0.005620890712678646
0.26288636002251436,0.7093044000808629,0.02780923989662282
0.5159742402973431,0.47863775801403513,0.005388001688623022
0.6857386649174663,0.2986544166298054,0.015606918452726805
0.48433912318821193,0.4958519742620972,0.01980890254969041
0.5097169961842164,0.4874767479241991,0.0028062558915848755
0.5630505383735109,0.429364929164342,0.007584532462146509
0.3250753764467734,0.6624543914595568,0.012470232093668788
0.5162729175218312,0.475109806835953,0.008617275642217034
0.4396485173477926,0.5440846308921788,0.016266851760029035
0.8884530467730709,0.10956842103164766,0.00197853219528363
0.7999192951554549,0.19534836774401312,0.004732337100530924
0.6199591392832685,0.3665259172605642,0.013514943456165282
0.5559613929821327,0.43867029470643726,0.005368312311430396
0.1164579765310903,0.7986641294332772,0.0848778940356326
0.6904145631344076,0.3032720826600273,0.006313354205565421
0.4135086618787478,0.5813940223840006,0.005097315737253854
0.7175192214999622,0.26965627800609043,0.012824500493945236
0.4304758719241847,0.5571490629785145,0.012375065097300339
0.5856499302836451,0.40419219104969206,0.010157878666662729
0.5231697629624363,0.4417377654942096,0.03509247154335595
0.438202829563368,0.5561639776024084,0.005633192834223834
0.8406308454202296,0.15428494402881504,0.005084210550956464
0.5065656483495558,0.46883958455446534,0.02459476709598009
0.869832660759998,0.12499203684282315,0.005175302397181589
0.6121142312381778,0.37091724201363885,0.0169685267481822
0.1392923936404823,0.8294940654935099,0.03121354086600912
0.7073735454657609,0.2827805206873221,0.009845933846919099
0.23522081957404578,0.7143319934192194,0.05044718700673323
0.50761878528735,0.48376136883223025,0.008619845880418807
0.31583395004009596,0.6374619268255343,0.04670412313437093
0.2514636215301086,0.6698220308293202,0.07871434764057236
0.5089871695191127,0.47377612732815566,0.017236703152731743
0.6660452836854255,0.3054656172158699,0.028489099098705083
0.7243340557527597,0.26912255087089826,0.006543393376342658
0.7129882826351562,0.27595447697362235,0.011057240391221428
0.44319213587143164,0.5400722801004914,0.016735584028078825
0.6890403796644843,0.29797506191124373,0.012984558424269394
0.39700418137644833,0.5746127381888205,0.028383080434729837
0.6967615787044407,0.29943106097264194,0.0038073603229172182
0.5881328304378879,0.4075745065469149,0.004292663015196355
0.2495332712335631,0.7391808466941981,0.011285882072239602
0.8793458158543088,0.11710492544368926,0.003549258702002282
0.8433011990551823,0.13360965820480375,0.02308914274001621
0.41816348345228815,0.5516883638245527,0.03014815272315843
0.7079117341343912,0.2868960472866632,0.005192218578943664
0.5011007172162185,0.49107612639541437,0.007823156388366004
0.7389466951495539,0.25580159924812385,0.005251705602325372
0.33103401389924003,0.6430769047278757,0.02588908137288203
0.6853370204119937,0.3107721271187237,0.003890852469280501
0.4548649300283196,0.5342854247002646,0.010849645271416642
0.4860997472839892,0.48854381630228466,0.02535643641372573
0.4899427234026508,0.5013271276880796,0.00873014890926947
0.3936976399415351,0.5441156624561387,0.062186697602326056
0.8062626492715387,0.18321023354266458,0.010527117185797968
0.6539689545955211,0.3363429946526446,0.009688050751833072
0.32900541883147316,0.6482320828475272,0.022762498320999476
0.49810148482288563,0.4724629279962927,0.02943558718082149
0.6345165584114852,0.35099594349976987,0.014487498088746439
0.8532015561163668,0.1264070788157947,0.020391365067839527
0.46522447810878387,0.5148153725420609,0.01996014934915739
0.2764099347835589,0.6998818693019643,0.023708195914477485
0.44257410733627933,0.5414931776597521,0.01593271500396861
0.36800384753285076,0.6154133649740163,0.016582787493134216
0.6166150671671653,0.36711844547522465,0.016266487357610493
0.5657560117616534,0.4158134034390595,0.01843058479928666
0.49135828553933164,0.500207693542089,0.008434020918579112
0.495755008140164,0.49719031156246823,0.007054680297367687
0.33218293183838915,0.6494906825996751,0.018326385561934253
0.5695005594578011,0.4019306206335425,0.028568819908658165
0.5099349414784891,0.4687798104584117,0.021285248063098252
0.3209815004414971,0.6470925352355837,0.03192596432292007
0.5201975706819668,0.4633927182429634,0.01640971107506932
0.5335024456172167,0.4506649573193692,0.01583259706341498
0.4788053341469394,0.48164176492398175,0.03955290092907854
0.5713179473245128,0.42388252145275435,0.004799531222731257
0.6279038243217249,0.36715211109067947,0.00494406458759208
0.3160180960558635,0.6666358270963554,0.017346076847782246
0.29707386750022624,0.6894586348865888,0.013467497613187076
0.7552654428213476,0.23899305195984552,0.005741505218806529
0.6015428559049476,0.38843557256852035,0.010021571526532226
0.959792334270855,0.03776376772461479,0.002443898004530716
0.4197688775862227,0.5623077732455272,0.0179233491682515
0.5358512498933616,0.4626261825924982,0.0015225675141414187
0.2529865384040654,0.7346594732311125,0.012353988364821438
0.5533203868594974,0.4439014227685415,0.002778190371962678
0.2556467285609847,0.7327904914905955,0.01156277994842115
0.2845789624768903,0.6895925859811384,0.025828451541970714
0.2360251188293984,0.7261278860967573,0.03784699507384218
0.8054171162305622,0.18920336616075298,0.0053795176086856265
0.46891063654138615,0.5012707646573473,0.029818598801266232
0.8056601131080303,0.1883868904467757,0.005952996445191825
0.446477759341945,0.538221147756638,0.015301092901416388
0.541241193158544,0.42360747743036903,0.035151329411083815
0.7013505188890146,0.2829347130042525,0.01571476810673114
0.31909747500507496,0.6666722569175018,0.014230268077425138
0.48865312382102377,0.49182876241475754,0.019518113764218133
0.5186748825763214,0.4737685467009287,0.007556570722749906
0.5206437530803898,0.46671842443195033,0.012637822487658499
0.44745802452527006,0.5252982629000839,0.02724371257464641
0.3566192659373366,0.6310120879232285,0.012368646139435776
0.5891932747163242,0.40193367443270683,0.00887305085097037
0.4711104474945302,0.5215331995325484,0.007356352972921076
0.6023439935738407,0.3953961271179066,0.0022598793082525344
0.5741903021460033,0.4146168326389238,0.011192865215073268
0.8007062436879135,0.19709106343997643,0.00220269287210963
0.5435752355591511,0.4465017194361446,0.009923045004704706
0.3509822944370374,0.6372497537911415,0.011767951771821434
0.915026733988049,0.08199144400079614,0.002981822011154421
0.5485435066680683,0.43922390441143305,0.012232588920498706
0.7130151355659844,0.2794987406040664,0.007486123829947972
0.18903191558171817,0.7266941898851449,0.0842738945331373
0.8330709041964388,0.1536991107785592,0.013229985025000685
0.8300720601955833,0.16023036543719618,0.009697574367218062
0.548169397122964,0.4439112430027825,0.007919359874255107
0.4778221076996817,0.5053757369319851,0.016802155368332284
0.7997744679763249,0.19299011420787807,0.007235417815798058
0.632796990017268,0.3590043488927351,0.008198661089999847
0.4344955013174633,0.557548530096165,0.007955968586370923
0.6770087065467214,0.31545826836801766,0.007533025085264225
0.562701878250237,0.41660694965396905,0.02069117209579313
0.5698744058405382,0.4131560732858838,0.016969520873578364
0.8702539634578064,0.12577166237746826,0.003974374164726554
0.6630758782744499,0.33315422370516035,0.0037698980203902696
0.601428427552106,0.37380927696223987,0.02476229548565578
0.5876557624527897,0.4023354964290932,0.010008741118116952
0.42540732415995147,0.5670547370250112,0.007537938815037389
0.6212215400766841,0.37101958591743367,0.007758874005882838
0.669790183197337,0.32666015600918596,0.003549660793477761
0.778815502159619,0.2122494269452275,0.008935070895154109
0.5871316279974954,0.3987647422272098,0.014103629775293924
0.8027559448813539,0.19182667096877873,0.005417384149869006
0.4291751887066555,0.5626766838310785,0.008148127462267675
0.7812224751166911,0.21603219315482183,0.002745331728488144
0.3786905171359229,0.6111872601713316,0.01012222269274446
0.3886171348516647,0.6006542467898085,0.01072861835852683
0.48681658429694113,0.4951078195010965,0.018075596201962425
0.5562697011494141,0.44066161128169656,0.003068687568889695
0.8237374224193912,0.1712296300612132,0.005032947519394589
0.46849271178233687,0.5233236642517404,0.008183623965921283
0.4821260048632825,0.4981869632569905,0.019687031879728114
0.9148672218744738,0.07993334120532652,0.005199436920198259
0.6528255510140716,0.3316539830785718,0.015520465907354602
0.43200367629557734,0.55738060689327,0.010615716811154382
0.6523784262819954,0.34555204942220263,0.0020695242958010964
0.7999091610835475,0.1974796593997487,0.002611179516704528
0.5224922943079647,0.4740002446866514,0.0035074610053848336
0.6133705020786865,0.3816593053590751,0.004970192562239733
0.5068096177408827,0.4746503519475316,0.018540030311587404
0.6334526770316125,0.3601700049063236,0.006377318062062512
0.843782727616626,0.15435574081193393,0.0018615315714393546
0.6023467338707188,0.38361455704393277,0.014038709085347939
0.46704408157666244,0.5053030394781111,0.027652878945227218
0.6509549837274421,0.33555674428070054,0.013488271991855757
0.505964030059796,0.46924339793745307,0.024792572002752315
0.45117931197630573,0.5410451121408313,0.007775575882863626
0.44776919520376873,0.5392839169048212,0.012946887891409756
0.5688319620138811,0.41074367386880467,0.020424364117315713
0.45126115674430356,0.5446545882612093,0.004084254994486519
0.4948382981343515,0.4931454074236895,0.012016294441958
0.7764972094886535,0.21921179057663004,0.004290999934716513
0.5980421255786821,0.391943439561752,0.010014434859565814
0.8059313553431664,0.188756217854631,0.00531242680220307
0.7775177134599146,0.2185538656473909,0.003928420892693266
0.34355573588486304,0.6145822586560964,0.04186200545904158
0.4248837936235572,0.5324294435089507,0.042686762867491276
0.7084118958273191,0.2806606660250976,0.010927438147583245
0.327851186498102,0.6453243026211622,0.02682451088073516
0.660419042565857,0.30373745006722186,0.035843507366922336
0.2125328471936861,0.711063740706491,0.07640341209982192
0.29482836240023624,0.691933902383801,0.013237735215959917
0.7166804197611633,0.28036429278673874,0.0029552874520956973
0.7740557892381084,0.22077549103691904,0.005168719724970994
0.6744598741139123,0.3215389491965896,0.004001176689499504
0.36269134846096446,0.629586845404875,0.007721806134163967
0.8090751606823131,0.18697512229114974,0.003949717026536574
0.8752811534938081,0.11998208973294469,0.0047367567732458414
0.6843862628776235,0.3124952732254267,0.0031184638969491618
0.5331223572854281,0.46107932070744295,0.0057983220071288885
0.5965310054991334,0.3943881808956046,0.009080813605263437
0.671258102834549,0.3247886613888003,0.003953235776653253
0.5883792722134851,0.4024852584712783,0.009135469315237774
0.8546726938973392,0.1399261541082794,0.005401151994382646
0.4326431930994004,0.5551419916764192,0.012214815224180511
0.8317912117055882,0.16382608914595906,0.004382699148452907
0.9151144294718502,0.0832165121763958,0.0016690583517532673
0.41117805267257035,0.572965582530268,0.01585636479716261
0.25685498863958395,0.711217451612152,0.03192755974826203
0.6300228355895144,0.36466625925498924,0.005310905155495823
0.8018161669290838,0.18872691884144543,0.009456914229469232
0.32568988508190067,0.6646869301966121,0.009623184721486952
0.443682326416606,0.5492041444858238,0.007113529097568493
0.5294348580913653,0.4506439706833969,0.019921171225239172
0.8990907418963555,0.09934991343243867,0.001559344671204667
0.5448407564521968,0.44119022109190337,0.013969022455899953
0.33709280028571603,0.637926569695146,0.024980630019138354
0.8737375385214504,0.12443501233250136,0.0018274491460479596
0.7013515690901827,0.28925399485970793,0.0093944360501082
0.5310393571383386,0.4267463587126878,0.04221428414897344
0.6132643311642447,0.3710365977244619,0.015699071111295138
0.686537162487426,0.30496197290144367,0.008500864611127477
0.4965103929434732,0.5008448066010773,0.0026448004554483566
0.48638584725017164,0.4911339118612123,0.02248024088861606
0.4780223703517878,0.5139427297499904,0.008034899898221337
0.541312663698494,0.45452510927999684,0.004162227021508358
0.7683836459684498,0.22615356636488762,0.005462787666661829
0.5576602175809428,0.42868519839447256,0.013654584024586268
0.5418157672913205,0.4440363124082464,0.014147920300433041
0.6090892409428811,0.38537267032847555,0.005538088728643802
0.40410993164615694,0.5577963242554508,0.03809374409839135
0.7099391714714823,0.28268086265172543,0.007379965876793292
0.40000157458705277,0.5692508436116492,0.030747581801298454
0.5804301344533958,0.41402465577302017,0.005545209773584827
0.6713716754035506,0.3251216805269757,0.0035066440694734363
0.7330467592929473,0.25986405384182104,0.007089186865231148
0.8615126366007592,0.13458779573977117,0.003899567659469055
0.46949795204715233,0.5178430576976749,0.012658990255173867
0.7295713537369398,0.26328400961179504,0.0071446366512652295
0.9210923578162,0.0754418739563415,0.0034657682274605835
0.5131001965092158,0.47331158886410407,0.013588214626678946
0.6589136334780168,0.3337812327215952,0.007305133800388948
0.5581398541866349,0.43997178459029473,0.001888361223071191
0.48900063357089796,0.4977510923836089,0.013248274045493006
0.43503484619525024,0.5620879721284421,0.002877181676308564
0.38253127206039206,0.5877770062373149,0.02969172170229408
0.37898956315413074,0.6030966127818774,0.017913824063989288
0.8384067948559978,0.15820826268709695,0.0033849424569054438
0.6113013514449361,0.380763630664835,0.007935017890229388
0.7002347851927297,0.29490620546617896,0.004859009341090729
0.5061590069773859,0.47166599073207793,0.02217500229053733
0.28861068104153914,0.7036454699390877,0.00774384901937097
0.8413219149955199,0.14948035517079208,0.009197729833687765
0.5706623118921644,0.40096647354311316,0.02837121456472068
0.6275960061654796,0.3584727741284473,0.013931219706074204
0.43089837943136033,0.5475555054348101,0.021546115133829043
0.9679743291465237,0.031010165559040206,0.0010155052944361617
0.43035850084872773,0.5612262409598933,0.008415258191378762
0.6756388905497742,0.31620579737060023,0.00815531207962819
0.5768362888991434,0.4192406275228941,0.003923083577964225
0.803181322510965,0.18886565431889865,0.007953023170135446
0.6882186985535534,0.30017676773771573,0.011604533708731614
0.6682409780117401,0.3243294262076553,0.007429595780603241
0.5379567032253848,0.449610162351788,0.012433134422828956
0.676195054374354,0.31103151239346866,0.012773433232176857
0.41435398559861125,0.5648985020246504,0.020747512376739267
0.4154139793447706,0.5704538949958056,0.01413212565942389
0.7608571681131396,0.23457880195009087,0.004564029936769147
0.23096004584921992,0.6952279301986818,0.07381202395210013
0.5610416783474481,0.4322328277446029,0.00672549390794758
0.5056577749947962,0.4745007632565731,0.019841461748632726
0.5086312292553414,0.48161913290790703,0.0097496378367518
0.8686309991171373,0.1283159131226567,0.0030530877602038715
0.6604112158187684,0.33104571160435037,0.008543072576880348
0.30175957698993056,0.5976080130760575,0.10063240993401289
0.7742419922208927,0.22216966787004433,0.0035883399090614284
0.2091526689614469,0.7787058825288528,0.01214144850970172
0.8073333078425124,0.18932353426286022,0.003343157894627019
0.2632122098041003,0.7247114212519791,0.012076368943921962
0.6184018250264108,0.37649051235720266,0.005107662616386725
0.7781376204169954,0.2181615572581296,0.003700822324870831
0.4329948072507132,0.5429419482070462,0.02406324454223807
0.5577915143295525,0.419240151523003,0.022968334147443977
0.352240004923793,0.6303727249136293,0.017387270162577868
0.41848887394003587,0.5697134932535858,0.011797632806378073
0.36424785170735735,0.6149498010508336,0.02080234724180675
0.6292838001634051,0.36566690389678397,0.005049295939811146
0.6550580404468489,0.33555754382747804,0.009384415725672968
0.4943271077007425,0.48794499439448336,0.017727897904775036
0.6745485825548756,0.30372321680100334,0.021728200644118824
0.6879883578366273,0.30482357291836515,0.007188069245008016
0.3547131617695054,0.6187940020746574,0.026492836155838
0.6799934822541762,0.3133273371173191,0.006679180628503031
0.771706802369684,0.21685607738204882,0.011437120248269242
0.29309542393094673,0.6946061744848085,0.012298401584247337
0.6648890945906383,0.31945083489320447,0.015660070516157434
0.6553656381238419,0.3121368971077254,0.032497464768430726
0.8517038390819881,0.14592361386100744,0.002372547057006455
0.46767311840185427,0.5184458379305397,0.013881043667607127
0.5624387790549318,0.42799577691423935,0.009565444030828289
0.6958207858400142,0.29584902820694076,0.008330185953043965
0.6699140908071536,0.3259813673632098,0.004104541829636611
0.40358375189274975,0.5797678397035825,0.016648408403667117
0.5847771935800665,0.4059682521343002,0.009254554285633827
0.396318684741694,0.578671180253706,0.02501013500460108
0.4520215875100846,0.5393020953691399,0.008676317120775793
0.7688542374935758,0.225352094282607,0.0057936682238171645
0.5651981314558182,0.4196984538467216,0.015103414697459568
0.47341463540701534,0.5019712914979998,0.024614073094984333
0.6843810487187252,0.3114730455901316,0.004145905691141657
0.46092687650203995,0.5296777248131012,0.009395398684860105
0.30789204996487585,0.6490602913504072,0.043047658684717764
0.7169852361902053,0.2797296334501415,0.0032851303596516785
0.6040452565421873,0.3898844382613463,0.006070305196466325
0.32966720923184384,0.6315611675207141,0.03877162324744
0.6621012969058065,0.323302078065222,0.014596625028972363
0.6271056412823476,0.36241442571719473,0.010479933000458101
0.7746350026053618,0.2190109806467134,0.006354016747924786
0.742913793887804,0.2503889780367783,0.006697228075415768
0.6684657125982421,0.32864846780954926,0.0028858195922093466
0.16768123754084277,0.8018037113234393,0.03051505113571976
0.5470891160558378,0.44375782371811173,0.009153060226048752
0.49413170628925956,0.47700480057909206,0.02886349313165008
0.43114614494290504,0.5617828996258865,0.007070955431208076
0.32706958566702904,0.6427774870859122,0.03015292724705689
0.6280449034743265,0.3467270911745496,0.025228005351126598
0.3296250852059045,0.6379398302806021,0.03243508451349304
0.3930871091296425,0.5791887679619736,0.02772412290838206
0.5131924570355464,0.4846873369317732,0.0021202060326812686
0.6496584771215506,0.3399961552447929,0.010345367633658892
0.5224555714401802,0.4170094350240702,0.06053499353574925
0.6117588061580964,0.3809853693938485,0.007255824448055532
0.4491149503320978,0.5353029163243179,0.0155821333435834
0.7224168823777998,0.26696654348107296,0.010616574141129324
0.6045489381137248,0.3914781885924748,0.003972873293800165
0.6327722866182253,0.3589358908911121,0.008291822490663242
0.70961666169452,0.26909923233556476,0.021284105969912728
0.8446496260852551,0.15128695382688823,0.004063420087855217
0.42240229216163744,0.5557727249554366,0.021824982882926242
0.7535012008536984,0.24183123350314378,0.004667565643162589
0.5425411282656852,0.4406015865262839,0.016857285208030613
0.5514049806106281,0.4326347901910553,0.015960229198316505
0.44216673669187156,0.5439356362657155,0.013897627042411282
0.4354061370023083,0.5289764569771058,0.03561740602058708
0.419958883440453,0.5630140676931252,0.017027048866420525
0.7651456540392804,0.23100356993559532,0.0038507760251245728
0.21214599678333498,0.7758856396616689,0.011968363554997214
0.5145809804517187,0.46808289151946975,0.0173361280288118
0.5159494233276793,0.46886429135696034,0.015186285315360518
0.6404251277252782,0.3544891316415862,0.005085740633131501
0.507050942942632,0.47150591355100696,0.021443143506360486
0.23716441196456203,0.7524502153565058,0.010385372678929312
0.4743436222427969,0.4905065764161146,0.035149801341087666
0.7092870431307127,0.2853964133118618,0.005316543557425158
0.595411436513351,0.3904848933442782,0.014103670142372009
0.8425709593440974,0.15207247375808014,0.0053565668978246645
0.7038540974065383,0.2828106016223905,0.013335300971071693
0.4622195990274655,0.5237759125028026,0.014004488469730582
0.5630925126908428,0.4116546905085809,0.025252796800576044
0.5981267270828877,0.3915877871816128,0.010285485735500047
0.3911592175841829,0.5660552480109614,0.04278553440485541
0.5333157977362265,0.44549078748556475,0.021193414778206496
0.6481215033959276,0.3402671673574423,0.011611329246628933
0.6197511102010097,0.37500916683377045,0.005239722965221008
0.720219915957942,0.27132372262533105,0.00845636141672732
0.44540432992269247,0.5358620502751892,0.01873361980211892
0.5039568688155757,0.4801051430038391,0.01593798818058635
0.7600676841681412,0.23158979249556666,0.008342523336291614
0.303215163747981,0.6652096133266396,0.031575222925380966
0.35284957615847506,0.6277003075344132,0.019450116307108592
0.5254167808904944,0.4620801173003908,0.012503101809113093
0.867376521134527,0.1237850529405348,0.008838425924939301
0.7815252875869663,0.21049824055442384,0.007976471858609788
0.8205375325144915,0.17765245012081232,0.0018100173646923316
0.6835609786948136,0.3064082617604364,0.010030759544750011
0.33589567657732916,0.6520814881149761,0.01202283530769575
0.6581919640137294,0.33256104535475484,0.009246990631515937
0.5216085145402257,0.47383432136312975,0.004557164096642478
0.3074808459798398,0.6489282130678917,0.043590940952269217
0.2000201746315773,0.788974417069336,0.011005408299086836
0.776111470890986,0.21215582947182066,0.011732699637196538
0.30002492979801976,0.6781594030039703,0.021815667198009894
0.7173387571404811,0.277332407493028,0.005328835366489636
0.4850321409775747,0.4941276500588055,0.02084020896362089
0.4189988787544513,0.5731501216431303,0.007850999602417896
0.26374653934223424,0.7169756887454866,0.019277771912280223
0.8700945126909714,0.12479917073421112,0.005106316574815888
0.25088175190466383,0.7175014986182505,0.03161674947708568
0.4122725678806169,0.5710875873841432,0.016639844735239436
0.294934832125008,0.6496701934316428,0.05539497444334985
0.6182772588309282,0.3754508820953611,0.00627185907370896
0.285240529688901,0.6963651804919112,0.018394289819189013
0.4846239593167151,0.5038109758196688,0.011565064863614138
0.421658041725876,0.5585674486654038,0.019774509608719487
0.40870779843588095,0.5692661513420868,0.02202605022203074
0.5240541759253355,0.462004502097917,0.013941321976746674
0.639393140303145,0.3267230962712455,0.033883763425608074
0.4000824104948994,0.5782856645678547,0.021631924937246968
0.3262287897269406,0.6117238292673094,0.06204738100575105
0.5767338645221347,0.40849533429588536,0.01477080118197918
0.37335249090051686,0.598517752244528,0.0281297568549523
0.4207722001752285,0.5508910121014677,0.028336787723303797
0.4876180360053101,0.508325494146855,0.004056469847836719
0.5325073699675934,0.4598151491248136,0.007677480907593432
0.8733051658332357,0.11695994638712835,0.00973488777963626
0.8103228417601628,0.1739510480334211,0.015726110206416902
0.5840581665209765,0.40001409762766377,0.015927735851356657
0.6548329996805059,0.3373114743571965,0.007855525962298385
0.4984437451402759,0.4851397692189437,0.01641648564078183
0.5750398437598963,0.41345867386108787,0.011501482379018657
0.8020004183270522,0.19191965004316505,0.006079931629786027
0.587318571818426,0.39715252158966735,0.01552890659190599
0.28070840847508555,0.7087791582363124,0.010512433288602378
0.45161620084806636,0.5065442104790624,0.04183958867287067
0.937944837262136,0.05893198616114259,0.003123176576721414
0.8479236451163202,0.14736460161666834,0.004711753267010793
0.8139441949911446,0.17402419571907535,0.012031609289778823
0.34638989013342447,0.6446343932157618,0.00897571665081391
0.518283758931206,0.4633400645007931,0.01837617656799915
0.8523353628559501,0.14110808433506913,0.006556552808979732
0.4908177985218118,0.5004129606233377,0.00876924085485122
0.5962024227712426,0.37792235876780517,0.025875218460951872
0.49525188832607053,0.48780503034014533,0.01694308133378542
0.6722235448602765,0.2931682794185595,0.03460817572116266
0.4225349645258249,0.5306051216011302,0.04685991387304565
0.6177429148653034,0.3796230975609007,0.00263398757379635
0.5981835682479442,0.38690015822167806,0.014916273530378537
0.37843666423812733,0.5493634952549297,0.07219984050694213
0.6796248210189978,0.3137400034591241,0.006635175521877143
0.718181985039196,0.2758040757687781,0.006013939192027442
0.8203380686501318,0.1733928875811435,0.006269043768725708
0.3467259567509147,0.6431885160508657,0.010085527198218838
0.6604641846510905,0.3350799169287208,0.004455898420189122
0.41499501062068894,0.5583438051037825,0.02666118427552935
0.6463371744828386,0.3277897044627203,0.025873121054440753
0.7587956950338028,0.23875724351564478,0.002447061450550236
0.7443273018316618,0.2532431597622068,0.0024295384061316623
0.4431052818399579,0.5453662217392643,0.011528496420777827
0.48483903138896234,0.4966574240077039,0.018503544603334286
0.6036874351266183,0.38865454034095515,0.007658024532424394
0.2481425229752376,0.7422822148793854,0.00957526214537811
0.4434651024736152,0.5434677052061035,0.013067192320279586
0.21454390975288717,0.7497259472367875,0.035730143010326385
0.585450357826829,0.39883304418708604,0.015716597986087297
0.5422213938827064,0.45370035200951786,0.004078254107776958
0.4595515021208549,0.5083473612377944,0.03210113664135142
0.433314741912113,0.5636364827274871,0.0030487753603995775
0.5393024736705113,0.4250168332402856,0.03568069308920261
0.4230292395418714,0.5670001307591251,0.009970629699001051
0.6437455830178629,0.35072232782309565,0.005532089159040356
0.23402016268895548,0.7357916159173147,0.03018822139372881
0.6557706262033046,0.32587701236749167,0.01835236142920495
0.6488691765681611,0.3352068323190402,0.015923991112800753
0.5779384298141459,0.39835889096520627,0.023702679220647678
0.7191392427384399,0.2765042870269639,0.0043564702345955
0.8153801985660758,0.18367000725634353,0.0009497941775795024
0.23445750673564467,0.7284185262554247,0.03712396700892922
0.5451229850244523,0.44696727347772697,0.007909741497820531
0.3777050176159447,0.6174729823870261,0.004821999997030599
0.3115766882769102,0.6697548888510814,0.018668422872009035
0.49012252398825534,0.5032470169002412,0.006630459111503522
0.6288056588323002,0.36472170921053115,0.0064726319571691325
0.6155615044193389,0.3778596435939188,0.006578851986743754
0.6665826556061175,0.315313156802492,0.018104187591390222
0.7589376030523614,0.23775542984802636,0.0033069670996123918
0.8196563817078796,0.17893972495860733,0.0014038933335123564
0.582037205223926,0.40286315753468116,0.015099637241392334
0.28253984936850474,0.6934121533982649,0.02404799723323179
0.6304873027305745,0.35703488349012646,0.012477813779300455
0.6656201501057598,0.3268595873097548,0.007520262584485683
0.7091248384113621,0.2864361485812059,0.004439013007430124
0.7305236561026235,0.26422319201634303,0.005253151881032912
0.6879959638627902,0.2994609397015756,0.01254309643563389
0.31964576140558054,0.6426399547230536,0.03771428387136558
0.4475922287181128,0.5400844781147213,0.0123232931671642
0.5777519809682478,0.4064995787465308,0.015748440285220728
0.47479950021747647,0.5089529133346679,0.01624758644785624
0.639174109510151,0.35213373189617864,0.008692158593669962
0.5655316336541008,0.4068190491493358,0.027649317196563158
0.5969376773115592,0.38875587562450414,0.014306447063937909
0.5303819996035077,0.45971264190483696,0.009905358491654359
0.5969035775444921,0.38729394268964934,0.015802479765859117
0.8094559738615535,0.1822028722329567,0.008341153905489491
0.5117888615754734,0.4846805688765116,0.0035305695480166467
0.562652919219508,0.4287951015543343,0.008551979226155242
0.309205122803781,0.6684132564036456,0.02238162079257257
0.5111247547643469,0.4805982871906391,0.00827695804501405
0.433010091887632,0.559119303498344,0.007870604614024198
0.3008586233574023,0.6947873757494973,0.004354000893102524
0.4464963792484387,0.5314838637369138,0.022019757014646642
0.37447605204617324,0.6100420796077297,0.015481868346096677
0.31867774263375565,0.6565117127808763,0.02481054458536999
0.2608443731397456,0.7171197604019239,0.022035866458330167
0.7075676445465688,0.28836449061222463,0.004067864841206897
0.16106156831748028,0.7986784207159311,0.040260010966586726
0.3652091922179128,0.6176106233374418,0.017180184444643865
0.7767853187244127,0.22024797488981468,0.0029667063857711754
0.5915386816583605,0.36293207854376963,0.04552923979786945
0.5234418247102973,0.45538160903073444,0.02117656625896775
0.5002459305851726,0.48570207456845416,0.01405199484637503
0.4253426303780362,0.5677190173121847,0.006938352309779189
0.7758554910562,0.2216886710966349,0.002455837847168538
0.7645769543418519,0.22781936985114462,0.007603675807002891
0.358025248593485,0.6298068575665977,0.012167893839916791
0.3307910220324139,0.6575915631068353,0.011617414860750146
0.3964405710439685,0.5706285551429725,0.03293087381305798
0.6349611202272867,0.3526337661495144,0.012405113623199468
0.7790718941738636,0.2164716743347883,0.004456431491349021
0.3377659607339256,0.653056746014462,0.009177293251611445
0.4398611000732547,0.5470666459987757,0.013072253927968751
0.35498946657743946,0.6185058862370046,0.02650464718555736
0.3089252977065663,0.6787482611965925,0.01232644109684247
0.4369515146228327,0.5473747916948237,0.015673693682345016
0.12601727740934207,0.8129264669303438,0.061056255660311455
0.6464278601365602,0.34872617994904875,0.004845959914391355
0.8557530181575915,0.13735030886345617,0.0068966729789538385
0.4946912906809885,0.49751588795594776,0.007792821363062716
0.7045129299666475,0.2846873189958662,0.010799751037483077
0.7425136737710601,0.24987409348443987,0.007612232744500291
0.34735883435048426,0.6162649949648018,0.036376170684714666
0.6764956091945374,0.31976197718180965,0.0037424136236530376
0.5035051803947106,0.46460703885808513,0.03188778074720403
0.7989312294243415,0.19748272610398113,0.0035860444716785357
0.3691667317313769,0.5891458415876883,0.04168742668093619
0.58974769513361,0.40077925392561664,0.009473050940773381
0.2553048697681421,0.7054369563055165,0.03925817392634091
0.38968338387872836,0.5806003519918285,0.02971626412944104
0.6635975533374684,0.32914255557169975,0.007259891090833328
0.37797669447406623,0.6094307196233653,0.012592585902569418
0.8600740697204633,0.13675384490623912,0.0031720853732987732
0.7863493530734454,0.20834332569684005,0.005307321229712688
0.24208499334904637,0.688169058157705,0.06974594849324692
0.5544153173706703,0.4340524377920184,0.011532244837311367
0.734168153088167,0.25901703346608923,0.006814813445742047
0.5231030658469036,0.45058431510754543,0.026312619045549906
0.8471944956066695,0.14927051539927905,0.003534988994052595
0.36680479887069506,0.6256631678473926,0.007532033281913161
0.687804899064546,0.28813458068320685,0.02406052025224651
0.44762593065730877,0.5435683107594221,0.008805758583269763
0.503554949796854,0.49024724996654295,0.006197800236603989
0.5594424690916134,0.4206170841849922,0.019940446723393804
0.45550138714704064,0.5347527284599803,0.009745884392980384
0.362415540374273,0.6245607123705449,0.013023747255183678
0.3431467083509604,0.6283331732369858,0.02852011841205276
0.8630431784373878,0.1322341701366688,0.004722651425943619
0.5276195236290151,0.4454756680046422,0.026904808366342906
0.4413232261563911,0.5089802626719208,0.04969651117168792
0.40410993164615694,0.5577963242554508,0.03809374409839135
0.3604182396880355,0.6255312059565948,0.01405055435537085
0.3942866570393622,0.5908906150349366,0.014822727925701619
0.5907308163098929,0.40600687326178786,0.00326231042831828
0.47704480351042866,0.5088068646687982,0.014148331820771081
0.7983684705623543,0.1973294399586094,0.0043020894790388705
0.5475522093486521,0.4361826305526574,0.016265160098688433
0.7479132730953071,0.24788324802639916,0.004203478878297266
0.48698970862865154,0.5085924815081205,0.004417809863228127
0.2707244201129802,0.7155555839882334,0.013719995898789084
0.5898022261990701,0.3958820737002297,0.014315700100700388
0.33676987876252745,0.6587981416366266,0.004431979600846911
0.5257523538739378,0.4600710544809501,0.014176591645111442
0.6357429102625685,0.35820257069741895,0.0060545190400111155
0.4543476710218396,0.5313027916925277,0.014349537285631703
0.6582103690626564,0.3367951744346255,0.004994456502719092
0.4788268121285921,0.5000890101998061,0.021084177671600556
0.7993603851569153,0.19647157597999507,0.0041680388630883055
0.3314230408611217,0.6649884075104969,0.0035885516283829153
0.7831047228916601,0.21239977859224168,0.004495498516099288
0.7885440954527355,0.21003892296620932,0.0014169815810555913
0.5782572215736559,0.41279760434677987,0.008945174079563729
0.4195954971467393,0.5635841199622481,0.016820382891012477
0.44770635033307554,0.5334675854685818,0.018826064198344
0.3112332944562723,0.6806828641763076,0.008083841367420368
0.39901247062341183,0.576558019445499,0.0244295099310883
0.5342613828965465,0.4601304810199038,0.005608136083549137
0.6203091055794131,0.3735725996383257,0.006118294782264189
0.8025660674158479,0.19269724201975225,0.0047366905643992175
0.7182071972041874,0.2772537478294464,0.004539054966367373
0.7560264512144441,0.2370608055679362,0.006912743217623138
0.4333130019486612,0.5566601361512489,0.01002686190009032
0.850950839643482,0.14214963223106022,0.006899528125457126
0.375667040694253,0.6015511592801083,0.022781800025638958
0.36273657229562595,0.6190404890973914,0.018222938606982098
0.5308509359778847,0.4604963695773468,0.00865269444476703
0.53631099505273,0.4539429759107575,0.009746029036511016
0.647693781449296,0.34880673216420854,0.0034994863864961706
0.5416724732330571,0.42926397689805684,0.029063549868887175
0.2770697252155374,0.7027191863147865,0.020211088469673483
0.17425257048980264,0.81769629740914,0.008051132101055793
0.8368136913046488,0.16010558638902395,0.0030807223063265246
0.710096663606722,0.2779531120966232,0.011950224296654885
0.8132728419155283,0.1823315547712845,0.004395603313186363
0.7286976907875635,0.25959619104995935,0.011706118162477516
0.6502707596259595,0.34580053101127545,0.003928709362766268
0.6334330944702058,0.3613489041780653,0.00521800135172774
0.5358596471368079,0.45252787908461206,0.01161247377857884
0.7259242231891465,0.2666537314218425,0.007422045389007506
0.6948750710196818,0.30071216583270716,0.004412763147612447
0.22499370432654223,0.7613223374905389,0.013683958182919322
0.45492562471263315,0.5323882663847965,0.012686108902570886
0.5157331203259489,0.4690989015532706,0.015167978120778797
0.7731418675240714,0.21894308283625474,0.007915049639672588
0.23783036942645816,0.7509787541699542,0.011190876403586545
0.5197839475563572,0.4770255291004672,0.00319052334317545
0.7260546317741974,0.264578127255197,0.009367240970605943
0.577307798740224,0.3905553568389977,0.03213684442077919
0.5152484160551468,0.4790896109798315,0.005661972965021029
0.4888443160770147,0.5068237079924831,0.004331975930501869
0.473122876207452,0.5223578327463316,0.004519291046215563
0.4996723574026718,0.47579698095636974,0.024530661640958618
0.413840512534872,0.5686641905020731,0.01749529696305422
0.5881842316007079,0.4029726136124529,0.008843154786837224
0.5251931319534532,0.4581277891932466,0.01667907885329971
0.5192257701026163,0.463668968054196,0.017105261843188904
0.4624015390711023,0.5300039461134134,0.007594514815484905
0.5018844185088979,0.48082623958979476,0.017289341901308375
0.5355008572436628,0.45676286386369647,0.007736278892640053
0.4172589643158581,0.5634300253908353,0.019311010293304558
0.2011614771296857,0.7174702796299073,0.08136824324040762
0.6023623332966734,0.3875716366022118,0.010066030101112832
0.6802531979170806,0.31721398624171554,0.002532815841203402
0.3847569031267638,0.6072817708314435,0.007961326041792961
0.42616750081147114,0.555853774864414,0.0179787243241139
0.8507258331922853,0.14332783753882045,0.005946329268896413
0.4726615783668549,0.5145181431256469,0.012820278507499085
0.44523685456065953,0.5479778478573931,0.006785297581946375
0.6106215699757379,0.3852880082171485,0.004090421807113378
0.9192966436607602,0.07682692222479487,0.003876434114445966
0.6537780591060711,0.33804201235867803,0.00817992853524967
0.5403292652714287,0.4400383530861588,0.019632381642413495
0.24753525000492552,0.7180191890001877,0.034445560994887735
0.5587382886476575,0.43107756972370437,0.010184141628636956
0.47818816883228676,0.5005078382196988,0.021303992948012863
0.6007049380720517,0.39733201141411095,0.0019630505138353974
0.5470795798124145,0.4457915824154157,0.0071288377721683786
0.833464514456449,0.16294118785723655,0.00359429768631606
0.6865830523890362,0.31065140955023374,0.0027655380607291076
0.5749139617315534,0.4126778220456131,0.012408216222833538
0.2712940320543097,0.6996136020773991,0.029092365868293585
0.4328260629270074,0.5573360454386257,0.00983789163436672
0.3794839155757463,0.6037997000363435,0.016716384387910475
0.4137485132493297,0.5697279343390297,0.01652355241164234
0.8898742993802702,0.10700034379135494,0.0031253568283735825
0.3276520980679454,0.6529306214160325,0.019417280516020177
0.8321957819454366,0.15923259258673494,0.00857162546782918
0.8896136368325706,0.10664971470692206,0.0037366484605060903
0.7240781852997155,0.2677915520853266,0.008130262614957666
0.8918228178604017,0.1040739573477088,0.004103224791888923
0.41722482262641425,0.5335790842411782,0.049196093132408664
0.8046772235363697,0.19064969388110617,0.004673082582524088
0.2941048462714439,0.6831316696097571,0.02276348411879853
0.6012214498368202,0.38441238299638675,0.014366167166793146
0.45034394767766606,0.5372859444399728,0.012370107882361482
0.8565016983188106,0.13421349129821664,0.009284810382971978
0.6817902780098388,0.3058237264090831,0.01238599558107898
0.4889726352182995,0.48053489140378003,0.03049247337791904
0.2959618851420444,0.6783756544027089,0.025662460455244004
0.7316544299022365,0.2654951133730273,0.0028504567247373694
0.730762144517846,0.26156362401878885,0.007674231463366707
0.661709040737369,0.3220968034518445,0.016194155810785458
0.6634134234869203,0.3183647289210644,0.0182218475920152
0.8805799273655553,0.11678000797472107,0.002640064659723682
0.6694450081951896,0.321633631818978,0.008921359985832036
0.8241122771063132,0.17412236770924827,0.0017653551844403032
0.7618067462631819,0.2315217562647022,0.006671497472119915
0.7085570401339683,0.2643559405000721,0.027087019365959263
0.7077020829679462,0.2837269217425237,0.00857099528953063
0.2894945947905354,0.7054406428460089,0.00506476236345405
0.9211534765664465,0.07727431279177929,0.0015722106417751672
0.3414590832930634,0.6499092204223723,0.008631696284565478
0.638218253746134,0.3565935408178395,0.005188205436026686
0.8065298622936574,0.18985664979777944,0.0036134879085610453
0.5428134111822064,0.4453480114167552,0.011838577401036866
0.21871207436072457,0.7721496907231158,0.009138234916161897
0.8206295018456676,0.17475270585833977,0.004617792295995567
0.4619235306816819,0.5308849715776978,0.007191497740621043
0.5490516411431156,0.424969883776609,0.02597847508027554
0.7261789823313402,0.2605012055649701,0.013319812103689705
0.5113081748155992,0.47378920802797597,0.014902617156423504
0.35352923177184814,0.6103081891456054,0.03616257908254729
0.3246489455081623,0.6573678275897267,0.017983226902110634
0.5895847178668633,0.40209051279372054,0.008324769339417464
0.7762094666784572,0.21982448770976007,0.00396604561178384
0.5701511209574615,0.41817250655003924,0.011676372492499226
0.48297504152898185,0.5106909425934452,0.006334015877572366
0.5769107670240954,0.4213005773653723,0.0017886556105328863
0.4803604474741227,0.49541251051285234,0.02422704201302391
0.22277002919921232,0.7568994047682481,0.02033056603254066
0.6877601317425723,0.30472640349448465,0.007513464762943279
0.5257265893371212,0.4614283632077367,0.012845047455141853
0.5617322088055916,0.43450791471809835,0.0037598764763088223
0.6693655068123415,0.31210113852306154,0.01853335466459683
0.8819156420864106,0.11636069150966055,0.001723666403931615
0.5277780550527291,0.46455401919973416,0.007667925747536271
0.5274087840282119,0.4578061272179252,0.014785088753865748
0.7433308265985803,0.2506194772536635,0.006049696147757266
0.204624726664889,0.7570702035749424,0.03830506976016863
0.48166830941910427,0.48393894673389276,0.03439274384700399
0.5482140194818033,0.4442649658382849,0.007521014679912775
0.8238851128717877,0.17225820442162718,0.003856682706586134
0.5211519340168669,0.46319931447172075,0.015648751511411194
0.770100609834957,0.2241780043413176,0.005721385823724918
0.25918733182018844,0.700162395804503,0.04065027237530792
0.6239931348694084,0.37116127206349075,0.004845593067099212
0.2731660392625113,0.6959956778009943,0.030838282936494245
0.7751981758811963,0.21900530231926105,0.005796521799540795
0.632146973326958,0.36453222190537043,0.0033208047676729366
0.6556464431702644,0.33482223093736346,0.009531325892374886
0.658107818307492,0.3346550216304211,0.007237160062086728
0.6660452836854255,0.3054656172158699,0.028489099098705083
0.5206375464482752,0.4626511800698718,0.016711273481852564
0.43409813380364937,0.5480350062266344,0.017866859969718703
0.5934018212060383,0.3986910974266902,0.007907081367271487
0.8654642107935585,0.12821887232254423,0.006316916883899697
0.7438153239970352,0.2514525750009338,0.00473210100203152
0.5913734887513421,0.39612306062423325,0.012503450624423616
0.439212789130292,0.5577691014226895,0.0030181094470181358
0.708812093005894,0.2836210118979884,0.00756689509611773
0.683627073674581,0.31397558201891146,0.0023973443065060857
0.656942572446073,0.3276727670546599,0.01538466049926746
0.44732624283409406,0.5386217537102718,0.014052003455635615
0.6540725106378701,0.3406612544445806,0.00526623491755045
0.7538903454297426,0.24268663940176768,0.0034230151684890415
0.5328986047990035,0.44998757895684605,0.0171138162441491
0.33116901808722127,0.660436868990645,0.008394112922133868
0.28628299578056365,0.701160714097233,0.012556290122202133
0.8155774325613312,0.17758793896723596,0.006834628471432079
0.4208833281544581,0.5485409540579362,0.030575717787605552
0.7374553198813988,0.24521608333406827,0.017328596784532604
0.41124248534910746,0.5706819812543786,0.018075533396514052
0.7933269479292906,0.20223879660866742,0.004434255462042952
0.39952706900130647,0.5767958574072211,0.023677073591474817
0.7321934100364562,0.26231628013188724,0.005490309831657764
0.36142496217533354,0.609990388391248,0.028584649433416764
0.655676144240205,0.3352787136927213,0.009045142067073271
0.7821471537445663,0.21574679866208174,0.0021060475933533866
0.541278420845571,0.44131974229166243,0.017401836862766674
0.837709352903914,0.15643946937409503,0.0058511777219872226
0.6987272283297306,0.2951345757101703,0.006138195960099031
0.6664627052092043,0.3272990013754788,0.006238293415318196
0.4093379467515354,0.5575665071268247,0.03309554612163666
0.5431888140188904,0.4460541175585693,0.010757068422540783
0.5664275249698434,0.4231730082432038,0.010399466786951242
0.33078642144831927,0.6143177239603071,0.05489585459137265
0.713166930832823,0.27793456115063264,0.00889850801654404
0.43069692425326184,0.554543867670457,0.014759208076279772
0.3773924541664875,0.6090917918113266,0.013515754022187205
0.25014947691944045,0.7225930274793596,0.027257495601197685
0.1630976118752782,0.8236770303744719,0.013225357750250752
0.7840222423968605,0.21303523148893844,0.002942526114201405
0.6278441127722392,0.36548897542761083,0.006666911800149146
0.2508531854196502,0.7177850523964799,0.03136176218386942
0.5771284796068631,0.4106835720219884,0.012187948371150094
0.4180725870764284,0.5694244612226045,0.0125029517009673
0.3911244787632621,0.5729765357658063,0.0358989854709323
0.8636425152263102,0.13174809585596645,0.004609388917724419
0.5502306676418948,0.4397189446622601,0.010050387695844659
0.7947766217895281,0.19895678202490455,0.006266596185567941
0.7867828898300733,0.20503615321809132,0.00818095695183378
0.4555733535601935,0.526084708363725,0.018341938076080148
0.7447012667384458,0.24909332810678447,0.006205405154769487
0.8287369780632954,0.1684574635849463,0.0028055583517569644
0.6653943259838784,0.31125487927374873,0.023350794742371707
0.3190788336354002,0.670708333255899,0.010212833108698778
0.8520199392626726,0.14518748733451978,0.0027925734028067294
0.7628086964543411,0.2006565303710458,0.03653477317461322
0.4339087889445333,0.5445178166709644,0.021573394384502998
0.6048323201212858,0.3758164549045331,0.019351224974179956
0.39028096433147635,0.5115978476603087,0.09812118800821426
0.21504699380115005,0.7806968230774586,0.004256183121393594
0.6064571859575543,0.3854795705691448,0.008063243473301602
0.737969990023049,0.257288743268798,0.004741266708153212
0.855659793712728,0.1405853482847658,0.0037548580025036876
0.7962946640568684,0.19902714495660093,0.004678190986529038
0.7723959230718603,0.2179983431728038,0.009605733755337225
0.6834226828866014,0.30962670511612767,0.006950611997270589
0.4939856670630562,0.4893363880257167,0.016677944911228117
0.42754415280878943,0.5632109429060118,0.009244904285199616
0.5730131590554386,0.41488863378184504,0.012098207162717138
0.30373140964749296,0.6716775553827785,0.024591034969726505
0.10586646384078796,0.8796666305609846,0.01446690559822819
0.2929530133740472,0.6867436797136707,0.020303306912281525
0.6138471385112899,0.3723080681801541,0.01384479330855482
0.5966849626427614,0.3922117501865565,0.011103287170681387
0.5058583287694799,0.4775954453376166,0.016546225892904047
0.6043104166310534,0.39316373071362753,0.0025258526553178615
0.3486099745126182,0.6422683684700407,0.009121657017341862
0.8955811823923151,0.08836828503284755,0.016050532574835404
0.4985906838532256,0.4823491020106481,0.019060214136126057
0.40252624040448215,0.5762447771755064,0.021228982420009854
0.3852541316443804,0.6067758842631876,0.007969984092429975
0.6272183183633995,0.3677052379552216,0.0050764436813787
0.5007699426456543,0.489436053389645,0.00979400396470003
0.4890291774817018,0.5013755287380197,0.009595293780278489
0.7582576701230959,0.23763322163914932,0.004109108237752246
0.7587950173237091,0.23734997007045658,0.0038550126058352987
0.47196405949378256,0.5208106140094997,0.007225326496718139
0.7502001637123751,0.24698071546358116,0.002819120824042753
0.37328847082380157,0.6170377099138014,0.00967381926239545
0.65325331674234,0.3164987397872786,0.03024794347037977
0.49942648311489063,0.4943714229923363,0.00620209389277208
0.431034733053294,0.5623957177148577,0.006569549231847333
0.5612844959559106,0.42714527355176385,0.011570230492326354
0.2012103784166631,0.7824492241652979,0.01634039741803811
0.8017476904416624,0.18964264167187994,0.008609667886458124
0.7301668955165886,0.26122770742259704,0.008605397060814032
0.4029581975146468,0.5760544278513425,0.020987374634009702
0.417660045034801,0.5755326085819373,0.006807346383264434
0.4585275460347612,0.5193596368602177,0.02211281710502194
0.45442153490988846,0.517362816727314,0.02821564836279757
0.5394698153664075,0.4484853550448382,0.01204482958875339
0.6299207460390602,0.365430354122776,0.004648899838164002
0.8153251191119373,0.17858769867732682,0.006087182210734802
0.41627919255932766,0.5656406925557683,0.018080114884903558
0.7505374933860236,0.23754557801879211,0.01191692859518702
0.752208057572414,0.2397469599011642,0.008044982526421555
0.4567729338500731,0.5279257710681211,0.015301295081806696
0.4523891640802386,0.5384895917174066,0.009121244202352143
0.5663214114259233,0.42803532929491067,0.00564325927916585
0.842049815493516,0.15618595879551173,0.0017642257109738268
0.7599201656024129,0.2231798133380987,0.016900021059487475
0.5157181923471635,0.4654582822090242,0.018823525443812397
0.23100588006877507,0.7469406242699094,0.022053495661314645
0.8589761638395449,0.13750763335944657,0.003516202801007835
0.8243013757066842,0.17438820811854733,0.0013104161747693461
0.6576869245624342,0.3298009071310251,0.012512168306538443
0.6250232452338967,0.36763380215021724,0.007342952615885069
0.5247587313078735,0.4476636548075947,0.027577613884530415
0.5699660235610179,0.4251391643412988,0.004894812097683015
0.7079756218294981,0.2861131099700025,0.0059112682004985335
0.3609550457321624,0.6275169140724018,0.011528040195435605
0.8950836234019001,0.10087640636502901,0.004039970233072464
0.6202407282186828,0.36798855621967774,0.011770715561640112
0.6111524528242636,0.38096115414293913,0.007886393032796887
0.5773071280708786,0.4080547411917536,0.014638130737367826
0.5459456648368406,0.43948553616653696,0.014568798996622462
0.7431099491461285,0.24765919192021218,0.009230858933656678
0.5159345977793612,0.4613296767563714,0.02273572546426974
0.1972744841460752,0.7723954092846327,0.030330106569293427
0.8037156477692198,0.19318860077095984,0.0030957514598177363
0.7308384810506077,0.26429099325404376,0.00487052569535004
0.23670393152228175,0.7296406931682148,0.03365537530950275
0.22539983375388498,0.7670484149495312,0.007551751296584878
0.6845857821847166,0.31242207306677894,0.0029921447485063866
0.7269987039330679,0.2680587218064837,0.004942574260446932
0.6242271330371297,0.37289792939679944,0.0028749375660698812
0.7384166352872295,0.2595774819521921,0.00200588276057844
0.8621517520966131,0.13095680402158763,0.006891443881797521
0.5799510783130235,0.4161887135617055,0.0038602081252723302
0.6788257995926587,0.3152899126462683,0.005884287761073416
0.8964214244460309,0.0959099302376264,0.007668645316344842
0.6212468637181057,0.3702787008312833,0.00847443545061075
0.49485622134497076,0.4897638431112363,0.01537993554379472
0.40065085860719696,0.5829798502549911,0.016369291137810188
0.694098108780318,0.3001804208488941,0.005721470370791809
0.7224149756199101,0.274762013766566,0.0028230106135258655
0.8541938997862651,0.14235889895448448,0.0034472012592511674
0.7515517901828198,0.2407768595156041,0.0076713503015732746
0.9093124655191036,0.08597410068419349,0.0047134337967043895
0.19393078582401205,0.786793297020774,0.019275917155214574
0.5381969359432831,0.44696216409794703,0.014840899958769065
0.582733698919272,0.4126838647832442,0.0045824362974823014
0.36617518368236035,0.5558694410627388,0.07795537525490184
0.8620393916091998,0.1340481364479111,0.003912471942892348
0.8198165415464914,0.1755235229018228,0.004659935551687945
0.8528981933570093,0.14297385469619386,0.0041279519467989564
0.48677148857421776,0.5072256074264947,0.006002903999288257
0.7806203294822689,0.20810454558528443,0.011275124932450356
0.4157479985729267,0.5631052305465044,0.021146770880569696
0.5913460322505993,0.40317291608570366,0.005481051663696463
0.6971269772505576,0.2935092178974904,0.009363804851954604
0.8970669867379782,0.09780851392464845,0.005124499337373215
0.4478653363264886,0.5364538746306868,0.01568078904282235
0.6636320602757417,0.33094803197686906,0.005419907747390745
0.23661556870230135,0.7484943387952346,0.014890092502464083
0.4692664449115268,0.5276824463263348,0.003051108762140025
0.38487643452781617,0.5696420990972966,0.04548146637488751
0.4038664334751488,0.5725858087203898,0.02354775780446154
0.28633094657819175,0.6977413543300103,0.01592769909179564
0.27744718609074576,0.6977479931278212,0.024804820781431064
0.6085523751067888,0.382188904496681,0.009258720396528562
0.4622380107660792,0.5175489043797292,0.02021308485419343
0.5566557455027473,0.4377584208060413,0.0055858336912114216
0.9257537358712541,0.07121379249236318,0.0030324716363823853
0.5303917459379545,0.45151787443011376,0.018090379631929845
0.3934409742916676,0.5934806464218872,0.013078379286443731
0.5669568670964036,0.4264930411319714,0.006550091771625906
0.21974223045334573,0.7403403982938528,0.039917371252803015
0.5489912238812317,0.4411202923763968,0.00988848374237237
0.6592391046217525,0.33481622572739006,0.005944669650855296
0.7107875202035485,0.2822525269719723,0.006959952824477514
0.5744547785194568,0.42023404080547505,0.005311180675067511
0.6536128187115186,0.3360945676068523,0.010292613681629042
0.656268220445594,0.3381593629934389,0.0055724165609670594
0.578237391761172,0.41799245209459807,0.00377015614423017
0.7943532680558909,0.1984536717349015,0.007193060209208318
0.41939867290891975,0.5686624671462038,0.011938859944877618
0.671176417512713,0.3259124229997609,0.0029111594875276675
0.5382763358068754,0.45207904167063345,0.009644622522492331
0.14926361719005046,0.8160189291442425,0.034717453665707894
0.5758677525539367,0.414778405324847,0.009353842121215677
0.35430140084387535,0.6396388539212181,0.006059745234907042
0.5894049820637823,0.40465889304379515,0.005936124892421651
0.3259863912292409,0.6567477392709722,0.017265869499786285
0.2594529672606872,0.7062848900372504,0.034262142702061724
0.2974101369703829,0.6897420614002034,0.012847801629414362
0.6650680392705436,0.31075358700089784,0.02417837372855851
0.7124674430267401,0.2814020721293331,0.006130484843928328
0.7049331854870238,0.2928879166599564,0.002178897853020894
0.37979406125366216,0.5930881090747551,0.02711782967158201
0.47227338427671905,0.4945630676307644,0.03316354809251712
0.6999908389067051,0.29305142221668795,0.006957738876607219
0.8402794480455199,0.1561588855135,0.0035616664409787585
0.8071321185921039,0.1763650632307277,0.016502818177167682
0.7333015657445037,0.25677078199004927,0.009927652265444706
0.6477623066291553,0.3442181816719581,0.008019511698886416
0.7779438833164948,0.2203256957505779,0.0017304209329281292
0.6974690969747079,0.29117473959716633,0.011356163428125867
0.5296669428594089,0.460075485397654,0.010257571742935893
0.4940745480940795,0.497924403883499,0.008001048022423102
0.4211218194531894,0.558542757922808,0.020335422624002956
0.3563093144071203,0.6276513997287401,0.01603928586413936
0.6822451695955876,0.3092276647407704,0.008527165663641395
0.4975668784160433,0.49382105504511165,0.008612066538844557
0.7116654364131856,0.2815736360011208,0.006760927585693112
0.4359798385330788,0.5510774672872646,0.01294269417965589
0.5294316312362007,0.4441910113799405,0.02637735738385872
0.4491190903784564,0.5088382958434736,0.04204261377806894
0.8536500174078344,0.14484313394045784,0.0015068486517078388
0.7211270623655378,0.27211309071630546,0.00675984691815639
0.45887896333240824,0.5346346436385367,0.0064863930290544
0.7416024977981643,0.2541893921629374,0.004208110038897281
0.27700378804881204,0.7020233412536684,0.020972870697517677
0.1930090968226093,0.7724171664820091,0.034573736695382475
0.6403482630206235,0.3531978173427955,0.006453919636578819
0.474638308013498,0.49763326115393813,0.027728430832563745
0.6059353882698637,0.38198894500025893,0.012075666729879682
0.6688675313704505,0.3286716961290208,0.002460772500527782
0.45254341481035304,0.5321949702855217,0.01526161490412518
0.439618301135682,0.5454345624429264,0.014947136421392252
0.35957993248598885,0.6075708677637496,0.03284919975026165
0.824757212113786,0.17264630898233657,0.0025964789038816025
0.5637980676962547,0.4251904830293206,0.011011449274427045
0.8990168886872016,0.09809410775579608,0.0028890035570052182
0.4363825481255804,0.5398155761592489,0.023801875715170253
0.5409714825320986,0.45008403879313014,0.008944478674770762
0.6797961916091019,0.3134654353124625,0.006738373078434551
0.8273943813804286,0.16513112123201867,0.007474497387553112
0.315608527560009,0.6689512523829211,0.01544022005707245
0.6855658721631656,0.3108005585431377,0.0036335692936968296
0.4928172256479479,0.48647266466082995,0.020710109691220908
0.5412466703896912,0.44807899680913116,0.010674332801177912
0.32476696164864005,0.6616302047059963,0.013602833645362826
0.8237528190744612,0.17117594774687822,0.00507123317866178
0.3271629385341277,0.6213133065756159,0.05152375489025628
0.7557285786883309,0.23469681631809466,0.009574604993573306
0.4503380278254921,0.5387411391617288,0.010920833012780016
0.6962098312529198,0.2983060077288093,0.005484161018269775
0.4562957083175091,0.5340732052657716,0.009631086416719064
0.6941116368683569,0.2961940178986215,0.009694345233022018
0.4148824660592679,0.5700524355712357,0.015065098369498379
0.5619848786706083,0.4328721718097766,0.005142949519617313
0.8540607697304587,0.14155972812766124,0.004379502141881689
0.6966035305730225,0.29748873958347166,0.005907729843507401
0.34648429026928595,0.6397604528892061,0.013755256841507227
0.5910479689329144,0.40349511785899456,0.005456913208090005
0.4905556420951076,0.5038912652850795,0.005553092619812284
0.563628706054888,0.3936584613500156,0.04271283259509799
0.44735218656261405,0.5427659629677339,0.009881850469652185
0.6327493202101553,0.34856461510560827,0.018686064684236205
0.8526535732916953,0.1364671864315362,0.01087924027676798
0.4640169064422015,0.5139635060925699,0.02201958746522797
0.2116649225365595,0.7744728238146622,0.013862253648780088
0.511971589261758,0.47304013600233596,0.014988274735909227
0.8395702272784655,0.15710663033717376,0.003323142384362794
0.18001811293747932,0.8013885730548983,0.018593314007622
0.7477870003123117,0.23583383840619182,0.01637916128149409
0.39122662474539344,0.6017089563937488,0.0070644188608575
0.7509306863104727,0.244046158200193,0.005023155489333785
0.8316457003742219,0.16653384451217842,0.001820455113596409
0.7291218827707667,0.2638254081425868,0.007052709086643873
0.660928962157437,0.3192472473758334,0.019823790466728504
0.691435947015097,0.2998725941597437,0.008691458825159499
0.716788350368459,0.2743946090648668,0.008817040566676423
0.6312983573877546,0.3610747564493826,0.007626886162864332
0.40962514329658684,0.5691437391960599,0.02123111750735361
0.5898294693046189,0.4013724532048765,0.008798077490506477
0.486079369406791,0.5030947178083622,0.010825912784846415
0.6412173106332544,0.3371816564610797,0.021601032905668546
0.6307730287092936,0.36437894356352285,0.004848027727186082
0.43741687680437674,0.5460838303410351,0.01649929285458738
0.4236530822876797,0.5687742341249225,0.007572683587397023
0.48638552808758895,0.5043736260597264,0.009240845852683808
0.48180393236707447,0.5074863886814811,0.010709678951443658
0.8430447062937658,0.15065498263468138,0.006300311071551223
0.6819569306314691,0.305821730065537,0.012221339302997724
0.760125669613257,0.22043175959716263,0.019442570789582572
0.38426724248001903,0.6002801377906821,0.015452619729298483
0.3050497444710605,0.6839751727383578,0.010975082790581351
0.5613877140819467,0.43333489993091284,0.005277385987140746
0.2260984241990887,0.7125833589818464,0.06131821681906623
0.7240983923023526,0.27051263856462343,0.005388969133022599
0.40269042246984377,0.5763067498637828,0.02100282766637307
0.7738751356684191,0.22124938139993724,0.0048754829316434885
0.6210105864380334,0.37281805035051085,0.006171363211454552
0.3410009494002524,0.6491345331081552,0.009864517491593951
0.6019557393179624,0.38206242506412913,0.01598183561790996
0.5219908549580281,0.45858278171591516,0.019426363326056004
0.2828676090193049,0.6763469784530061,0.040785412527691134
0.45306051862663643,0.538129163414902,0.008810317958461322
0.2865404239887558,0.6953929032163355,0.018066672794907517
0.6669519143898188,0.3102164063747723,0.022831679235409394
0.684840670858378,0.3084713480071946,0.006687981134428825
0.27626888218043627,0.7076594688028192,0.016071649016743277
0.25795928239805327,0.7373311186461599,0.00470959895578625
0.43266558928542415,0.5363454099477374,0.030989000766839622
0.5645187920238318,0.4276213577417743,0.007859850234395513
0.48701833614573753,0.4980795272571534,0.014902136597109372
0.750490028577671,0.24609424881785436,0.0034157226044765985
0.7749657638996545,0.22153529610239725,0.0034989399979463358
0.21549818673303897,0.7778145135596247,0.0066872997073360715
0.44521354787622486,0.5432403083973834,0.011546143726392108
0.6700589536513187,0.31595730086896706,0.01398374547971702
0.6227584240321868,0.3677848317216728,0.00945674424613995
0.5799399117311473,0.4116297648318595,0.00843032343699226
0.3570386186275067,0.6365718926851017,0.006389488687389925
0.46674255502165607,0.5225986499156915,0.010658795062653308
0.5537966219567483,0.4352881191410873,0.01091525890216367
0.5426551784634112,0.4502167129317245,0.007128108604864321
0.6569699430282946,0.3321562797436413,0.010873777228064235
0.775199244599738,0.22243187965682773,0.002368875743437664
0.7662896354260395,0.22576240673981146,0.00794795783415015
0.6055448299662665,0.37732792713030555,0.017127242903427223
0.477829640581225,0.503699478026146,0.018470881392630756
0.742572409562449,0.2429966936607872,0.01443089677676359
0.7564185186608033,0.2364763313500772,0.007105149989118282
0.4109394485929937,0.5822155311358634,0.006845020271141323
0.46667924078197937,0.5186350780123272,0.014685681205693512
0.6613441884123988,0.33428619017266914,0.0043696214149325785
0.8971671125615556,0.09961620661114674,0.0032166808272977338
0.5979342233485833,0.39783143601398174,0.004234340637434277
0.7232155379377833,0.2626424933661717,0.01414196869604642
0.2350989751975652,0.750721770273839,0.014179254528595935
0.22141432937424405,0.6300549127191615,0.1485307579065961
0.4034905742625298,0.5822851118913848,0.01422431384608509
0.6096442026424161,0.371851731816478,0.018504065541105473
0.4277070041995033,0.5574816098015206,0.014811385998974592
0.5074255132579145,0.47097653838355413,0.021597948358531408
0.41385525243343,0.5766736147717895,0.00947113279478163
0.6768772755829615,0.31729100843918967,0.005831715977847996
0.6649070154772503,0.3216387147330318,0.013454269789718986
0.35145867694652855,0.6217606052370946,0.026780717816376587
0.7940125478699042,0.2006771099208979,0.00531034220919769
0.9294318797207038,0.06802490037283751,0.0025432199064595513
0.34267875213825155,0.6348313758829185,0.022489871978828253
0.8305527506202699,0.16604782905151105,0.0033994203282178555
0.3691630439937304,0.6113967420983668,0.019440213907902786
0.46041460262453004,0.5057356398787312,0.033849757496739796
0.5194995979993801,0.4688230672795805,0.01167733472103904
0.7465264132834041,0.23930815895923588,0.014165427757360054
0.43441629726588654,0.515975829369118,0.04960787336499804
0.5859740217251588,0.4000983360472835,0.013927642227558348
0.4139188369049375,0.5731755142688696,0.012905648826193534
0.8456857771708912,0.14321934001485398,0.011094882814256787
0.49879859837893453,0.4465994490749025,0.05460195254616258
0.6931034344298596,0.3036172669507903,0.0032792986193488664
0.2481365312875488,0.7386352160021211,0.013228252710330327
0.5687330656100713,0.4225079268000327,0.008759007589895583
0.7909774951927696,0.20445388062823183,0.004568624178994866
0.5038296199712219,0.4896270808882256,0.006543299140552106
0.4189837228553119,0.5638901229849304,0.017126154159756886
0.9139085540798139,0.08079503517143394,0.00529641074875222
0.4397343663331094,0.556127660333786,0.004137973333103873
0.756711879543019,0.2402325555123446,0.003055564944637085
0.8428267042948638,0.15577055993326636,0.0014027357718690626
0.48694079823374425,0.5024366653241698,0.010622536442086147
0.8566586883899033,0.13605151160548687,0.007289800004610163
0.2759195505471057,0.715373413046666,0.008707036406229728
0.5643401285315093,0.4081272797739038,0.0275325916945882
0.7019102551218174,0.2924874627833301,0.005602282094853416
0.602501788333954,0.3838799888196883,0.013618222846358963
0.5151189508617918,0.459908066720066,0.02497298241814121
0.7458577059663954,0.2489789164261641,0.005163377607437779
0.27935786358581666,0.676624624311887,0.04401751210229508
0.5295819254938834,0.46518987168689935,0.005228202819217629
0.5182822464810639,0.470328523556448,0.011389229962489044
0.6236938014193738,0.3631856090629297,0.013120589517698412
0.6481703220781132,0.34572724436634417,0.00610243355554216
0.7157034969443171,0.27559427753319016,0.008702225522493952
0.7221743211166456,0.274718050917447,0.003107627965908696
0.6852469577006276,0.3091550995256252,0.00559794277374706
0.6229019297509965,0.3719067718444094,0.005191298404594282
0.6572997727024404,0.33125125828256724,0.011448969014993681
0.7148925838652674,0.2806537806638697,0.004453635470862824
0.5481504092158255,0.44491740879688624,0.006932181987287854
0.30261251455906973,0.6836946125328741,0.013692872908058032
0.7453381128963436,0.24539085428861998,0.009271032815035092
0.3753603165294226,0.6092318677173324,0.015407815753243032
0.4375717442180597,0.5232714956800887,0.03915676010185048
0.8599997872901867,0.13705934810236986,0.0029408646074443874
0.40625177854500827,0.5815350935731551,0.012213127881837718
0.6891037479184058,0.3032164779194437,0.007679774162149884
0.44061878383822894,0.5532265867079307,0.006154629453840631
0.609909548170204,0.381320489480389,0.008769962349406394
0.5567275345498385,0.428752080611945,0.014520384838217363
0.43664778390360887,0.5531208856780587,0.010231330418332435
0.43249713658621614,0.5589780813712102,0.008524782042572124
0.47334451258898985,0.49864227432950764,0.028013213081500468
0.6296966684107448,0.35957373453648667,0.010729597052768521
0.8878898888023122,0.1072466226247191,0.0048634885729719295
0.4539822768048518,0.5339752325154983,0.012042490679649983
0.5983443642605255,0.39620807105453365,0.005447564684942131
0.5810432950951645,0.4160103796001001,0.0029463253047355645
0.8768614030182593,0.11466465437359316,0.00847394260814902
0.6669590556201539,0.33023592929678597,0.0028050150830603356
0.8324432304540076,0.16235394757041458,0.005202821975576661
0.380246074987028,0.5976749180980853,0.022079006914886908
0.6611804233596925,0.3304970638452282,0.00832251279507689
0.5883538597382738,0.4064378557191761,0.005208284542548924
0.2767006142676142,0.6415169873709612,0.08178239836142437
0.48250145415350765,0.49978299004329513,0.01771555580319622
0.5985237199296116,0.39836037889933357,0.00311590117105733
0.5618377522132663,0.4100098800271887,0.028152367759544897
0.5672556263248086,0.4218796218549588,0.010864751820231569
0.5987627822461823,0.3766604784019894,0.024576739351828525
0.5180653444495612,0.4546186748309464,0.02731598071949292
0.617966300775567,0.3757285130930592,0.006305186131373255
0.1640972284613839,0.7922648870869056,0.04363788445171029
0.9045171591386664,0.09201797226380508,0.0034648685975288123
0.42995978701384696,0.5473967241342426,0.02264348885191136
0.43399446818849047,0.5575571491125079,0.00844838269900191
0.48660696789267954,0.5007140565250112,0.012678975582310062
0.7830547433219326,0.2081580903044355,0.00878716637362975
0.8018809595819836,0.1918761981330855,0.006242842284930785
0.8063281814066346,0.1883286249834552,0.0053431936099112304
0.18846442359991622,0.7770619978020128,0.03447357859807044
0.45331705725062593,0.5214727274418819,0.025210215307493254
0.7202158402385637,0.2776592105976534,0.0021249491637832744
0.6922910851989703,0.2972928147339331,0.01041610006709909
0.4786205067875249,0.49712412522135746,0.02425536799111577
0.5595031819729843,0.42155765531671363,0.018939162710302142
0.5267489186324888,0.4575819141550566,0.015669167212453254
0.8043966426898929,0.18334532072012405,0.012258036589983588
0.16491832785610921,0.8157904553438862,0.019291216800002547
0.5868880314909245,0.3996296881125081,0.013482280396567013
0.4311598927891122,0.5465373338700122,0.022302773340875028
0.5922015611235021,0.3965927120443413,0.011205726832157628
0.6077585386767415,0.3757997537180801,0.016441707605180832
0.45481035189470587,0.5310767039852538,0.01411294412004337
0.6597940678258974,0.3364317149734083,0.0037742172006938824
0.48874564830024375,0.5047024396268516,0.006551912072903295
0.24307691509790946,0.7508107703050727,0.00611231459701777
0.5097419274518222,0.47520684851836376,0.015051224029814972
0.37949948099283143,0.6079365161406699,0.012564002866501035
0.24447382544190166,0.7509679248302913,0.004558249727808212
0.5688319620138811,0.41074367386880467,0.020424364117315713
0.7108372784097746,0.26936674050098564,0.019795981089242125
0.8766785798144086,0.11764490563141788,0.005676514554173778
0.5725164632296961,0.4184373395996978,0.009046197170608124
0.8863380008843288,0.11109812091419989,0.002563878201470715
0.59836658914602,0.39725805755005844,0.004375353303924052
0.314390826832286,0.6592384250961282,0.026370748071586368
0.3872862791602707,0.5915876300647084,0.021126090775021807
0.5374680163879995,0.4535341552919386,0.008997828320061104
0.7441234982566596,0.253223433443841,0.0026530682995012157
0.479316843549821,0.5133805244702075,0.007302631979971116
0.6019537193060954,0.39208373670959745,0.00596254398430876
0.31722702885850024,0.6694339128413599,0.013339058300138458
0.39991209893095603,0.5841291764775943,0.015958724591450403
0.3981776444279031,0.590978014186724,0.0108443413853728
0.8358107199446387,0.16147727626374944,0.0027120037916104835
0.26421289801862013,0.6865607398225658,0.04922636215881227
0.6827315663590674,0.31115914401210343,0.0061092896288315445
0.39629887212692905,0.5913730488071327,0.012328079065936868
0.4880123450436754,0.481917965823366,0.030069689132958485
0.3102908978076038,0.6732808454885275,0.016428256703868663
0.6126694904041319,0.37773522886427235,0.00959528073159381
0.4374098975502391,0.5536353246015621,0.008954777848199971
0.6811762521839801,0.31378674477448887,0.005037003041532641
0.6628219389921863,0.3305511039386967,0.006626957069117401
0.2862460713083277,0.708044883243946,0.00570904544772818
0.7143928774713478,0.27817177832641204,0.007435344202238173
0.5751897294792666,0.4146584797850921,0.010151790735643578
0.5459946204153547,0.4483368289988819,0.005668550585765935
0.431945858859333,0.5300640274634907,0.03799011367717574
0.5105317097251387,0.4590673723158856,0.030400917958976616
0.5124488873919851,0.4806342348825502,0.0069168777254656035
0.6595888005694798,0.33397108097866557,0.0064401184518540254
0.5699801533533203,0.41852932486417627,0.011490521782503545
0.6115823989199481,0.3802921771566972,0.008125423923355498
0.407502070714557,0.5715542049735899,0.020943724311851153
0.717504872375128,0.27070221891002594,0.011792908714847023
0.4116239782686512,0.5793322128608427,0.009043808870505212
0.14394723100800727,0.8278035502661761,0.02824921872581638
0.42336907852697464,0.5403540823332628,0.03627683913976049
0.5763970569355702,0.4150350040540954,0.00856793901033393
0.42145849140827596,0.559518929076862,0.01902257951485994
0.6977221946813528,0.296142704896058,0.006135100422589871
0.44867201333645035,0.5238604738439965,0.02746751281955364
0.4312556680797297,0.5551060910401873,0.013638240880085318
0.7417838628649618,0.2538833128269947,0.004332824308042836
0.8509722066715238,0.14664717035724786,0.002380622971225023
0.6233168038889086,0.36246982519706045,0.014213370914030058
0.5728383160192491,0.413175649883813,0.013986034096939277
0.8833802202176898,0.11455110311408691,0.002068676668222871
0.19590516163843352,0.7960963097029945,0.007998528658571334
0.37701450667254816,0.6056932374397322,0.017292255887718423
0.4577554291298636,0.5249742809616754,0.017270289908457675
0.8490339801047909,0.14947635959959146,0.0014896602956192353
0.8046426791587227,0.19199696338540356,0.0033603574558722085
0.5980946850506901,0.393727693940781,0.008177621008527907
0.24139109130112923,0.7425740617691419,0.01603484692973001
0.7053797418562956,0.28802336153214997,0.006596896611555417
0.41456176239617526,0.5697395564076507,0.01569868119617452
0.6115792242703036,0.37387032838039147,0.014550447349304187
0.6384763610075195,0.3454193053886342,0.01610433360384594
0.27624361379452944,0.702441035605885,0.021315350599584948
0.22733576624036156,0.7609932805145013,0.011670953245137075
0.5295553889358585,0.4652659140586365,0.005178697005506262
0.46989522653548854,0.5017132746001468,0.028391498864365112
0.5436527926350707,0.4361004595640892,0.020246747800841576
0.34997890015801514,0.6452196206664036,0.004801479175581512
0.9361764532218771,0.060610046784348504,0.003213499993774712
0.5417997850409896,0.4350573958291605,0.02314281912985068
0.5149467099201869,0.4733608640000033,0.011692426079808745
0.8812363931262133,0.11163592369286794,0.00712768318092121
0.7833534887201047,0.21050971593519738,0.006136795344696393
0.6785377878212925,0.31861626601109694,0.0028459461676100923
0.8632287336013219,0.09544082803509281,0.04133043836358741
0.3522022270979681,0.5781329547726354,0.06966481812939841
0.8047189487777644,0.18969732841052975,0.0055837228117057
0.35292187987792445,0.6303472824246237,0.016730837697451255
0.25059299284924275,0.7023383324537695,0.047068674696984156
0.32858721180306893,0.6663771203536304,0.0050356678433006105
0.710628016975107,0.2780031548268467,0.01136882819804629
0.6116785818323752,0.3827676663772394,0.005553751790386086
0.6816227011375593,0.3058573394450397,0.012519959417398752
0.2927669581532866,0.6774455739015216,0.029787467945193245
0.8351653568596598,0.1637477466162168,0.0010868965241244307
0.8140197835317313,0.18093011056351477,0.005050105904752029
0.6534710673640537,0.33727114314894363,0.009257789487001865
0.476780408275012,0.48980430090730664,0.033415290817680916
0.5872881783055337,0.40751159114824337,0.005200230546225001
0.8098412758589767,0.1855876298449852,0.004571094296037298
0.5208297438529866,0.4540531676897545,0.02511708845725898
0.4049792563712469,0.5837351270536124,0.011285616575139634
0.4120450094171576,0.56286269021026,0.0250923003725823
0.5547283516387358,0.4268044457728721,0.018467202588390137
0.4139309199016103,0.5639017282185691,0.022167351879821405
0.5341467471974635,0.4613701669883389,0.004483085814197927
0.445286168507099,0.5390140885113649,0.0156997429815353
0.6073297986316709,0.3858362984729759,0.0068339028953537774
0.213805104298717,0.7783936335072518,0.0078012621940279445
0.5549986360831461,0.4381468872103155,0.006854476706537507
0.699612783253331,0.2968055392972608,0.0035816774494087274
0.3224491417212964,0.6520594864215382,0.025491371857164526
0.5764243637215763,0.4191620256177518,0.004413610660671182
0.48307429787656025,0.49354516929385744,0.02338053282958166
0.6489982009956574,0.3429899290727524,0.008011869931589984
0.40141681079594616,0.5902937419087639,0.008289447295291049
0.61674288478305,0.37539209861732864,0.007865016599621773
0.6743050043789823,0.317130940278374,0.008564055342644174
0.46613491930542245,0.5021379367087795,0.031727143985799684
0.5700383852683745,0.4193346822590762,0.01062693247255
0.6710252306818592,0.32256361153813246,0.006411157780008648
0.5332066865418652,0.4423111914641552,0.02448212199397757
0.8498293029598795,0.14130483087182272,0.008865866168300285
0.3869275244971383,0.606971568394792,0.006100907108069495
0.5437077776616325,0.4442575904831198,0.012034631855247757
0.6250130689988235,0.3416554404763991,0.03333149052477773
0.6244448889945086,0.35753350370504355,0.018021607300446774
0.4874710852391671,0.49138505150810496,0.021143863252727445
0.42740354311643697,0.5513118112115025,0.02128464567206009
0.6281464652771499,0.3654975152980456,0.0063560194248027625
0.6663164785310636,0.3273857976787243,0.0062977237902135845
0.5799568509444976,0.4163656952798977,0.003677453775604568
0.5931312669667874,0.3699673917320378,0.03690134130117469
0.6326256646668832,0.3607313513280284,0.006642984005087555
0.6247977749552959,0.3645330928378967,0.010669132206808166
0.7516912172421165,0.23395227200253613,0.014356510755348701
0.5892357331644188,0.4049507250813074,0.0058135417542749595
0.5326679523920944,0.4639694278812793,0.003362619726627072
0.4489606221887878,0.5139427581813794,0.03709661962983196
0.4514555154198235,0.5316714020857454,0.016873082494432697
0.5947256824083811,0.3867814948405856,0.018492822751034955
0.6769765521307074,0.3079738808337019,0.0150495670355903
0.4323295454916549,0.5574056023573786,0.010264852150966603
0.7358221290843416,0.2599335797925559,0.00424429112310308
0.560187480176498,0.4301393321930662,0.009673187630434914
0.35601831139747325,0.6273899260257746,0.016591762576750366
0.6251692875949288,0.37004860285625135,0.004782109548820411
0.6975866439982487,0.30028440638376036,0.002128949617991002
0.6387789958664708,0.3487930365504775,0.012427967583052835
0.6931313680577849,0.2962971955863481,0.010571436355866076
0.513300363207205,0.47511435652695794,0.011585280265834526
0.6715649452711953,0.3177787973779389,0.01065625735086512
0.72279465901564,0.2716107475457064,0.005594593438651924
0.5473222785496623,0.4491513710674173,0.0035263503829204537
0.6921853275495805,0.3024878276076496,0.00532684484277031
0.7638218406939429,0.2292449057619203,0.006933253544135682
0.838539376136039,0.15704350038574855,0.0044171234782136885
0.6633698482417968,0.334799227049902,0.0018309247082995024
0.7098440090672078,0.282098998124743,0.008056992808048896
0.5482299468364737,0.4461208096737872,0.00564924348973889
0.8970041109938466,0.10038519013859169,0.002610698867562296
0.6057541038648738,0.381700012631579,0.012545883503547118
0.5177257628899167,0.4704126881704135,0.011861548939670428
0.5123202232146216,0.47031624144828055,0.017363535337097034
0.629033635495308,0.3625404362348581,0.008425928269833228
0.3477754255488551,0.6120443180738805,0.040180256377266355
0.48272063461255704,0.5055271610683563,0.011752204319086117
0.5733752471639051,0.4123439658802311,0.014280786955865727
0.6420559221690509,0.3533593341246575,0.004584743706292398
0.3730740353974543,0.6051497631069618,0.021776201495585103
0.41367133069604944,0.5642971810542937,0.022031488249656853
0.7395138248280827,0.25130231488991894,0.009183860281999466
0.6711822128657547,0.31426045340159187,0.014557333732653763
0.6282188598962699,0.3511889628482521,0.0205921772554767
0.6388175281236449,0.35665611494279487,0.004526356933562797
0.3067779359277567,0.6833345196747412,0.009887544397500931
0.5078177470570613,0.4810424753185721,0.01113977762436637
0.6461962794743279,0.33369776723099104,0.020105953294680675
0.7124470450561403,0.2780926817054486,0.00946027323841223
0.6420659215600328,0.3527769270030746,0.00515715143689138
0.2817260185561834,0.6955206906655741,0.022753290778243538
0.18413743169050115,0.78214533078608,0.033717237523417536
0.5030552753156373,0.4913381370362899,0.005606587648073382
0.5706508445492107,0.4164697224837499,0.012879432967039547
0.3829229607934623,0.6075548306925505,0.009522208513988226
0.8125229463462768,0.17786607293045337,0.009610980723270521
0.8397461008846576,0.15731066366609003,0.002943235449251663
0.6766301889198896,0.31537108875845243,0.007998722321659931
0.5832334065839777,0.4075910290020527,0.009175564413971469
0.4930001832007261,0.48734670523818646,0.019653111561085596
0.4378141425328058,0.545600791737014,0.01658506573017918
0.5372911278928768,0.4554349474277676,0.007273924679353902
0.20936749144862085,0.781124430794162,0.009508077757215518
0.30678658714555473,0.6494870718616089,0.0437263409928351
0.1952040850574519,0.7899500203772258,0.014845894565323904
0.9014826083123436,0.09662495867264446,0.001892433015010494
0.6159945478399076,0.3689972155969927,0.015008236563098033
0.45769067788974227,0.5363083643847137,0.006000957725543936
0.5774507627867692,0.40506873783550934,0.017480499377721552
0.6930459921892097,0.2992657712550979,0.007688236555690676
0.23218380968684565,0.733843768590913,0.033972421722244406
0.8842389814249383,0.10812043514847482,0.007640583426588031
0.39763370949035276,0.5841720396312142,0.018194250878434272
0.45825579672483274,0.5359875260580199,0.005756677217146351
0.400711732541586,0.5831184467339822,0.016169820724431863
0.8845699510033329,0.11068554051343589,0.004744508483232172
0.8728896583002175,0.12369842787290562,0.0034119138268786696
0.4783851667309304,0.4983609489422714,0.023253884326796224
0.657160638306769,0.3331730196268882,0.009666342066344577
0.6860502399899348,0.2986548408115291,0.015294919198535206
0.5911422757891466,0.40253008203139823,0.006327642179455517
0.43130637401097394,0.5659510584130529,0.002742567575975648
0.39190220508256524,0.5977919848927737,0.010305810024660316
0.6163517683495975,0.3664849253905537,0.017163306259848354
0.8800819710894855,0.11775584450424928,0.002162184406266488
0.1869218067902165,0.7840621913660656,0.02901600184371821
0.7550800417218161,0.24241215755782172,0.002507800720361379
0.5941408917245063,0.38882813360760127,0.017030974667890598
0.5531236423820344,0.42047120880124633,0.026405148816719567
0.6345537261978837,0.36244187338137507,0.003004400420740051
0.6436279594343465,0.3461305152324333,0.010241525333219464
0.8819802136316073,0.1145376064371325,0.003482179931261384
0.5057006082135931,0.4834942791396459,0.010805112646761431
0.726974889223666,0.2681280656046113,0.004897045171723244
0.6299309869533113,0.3576435006071484,0.012425512439537973
0.545104986931291,0.43945692028039246,0.015438092788316243
0.837176801123655,0.16062802848397384,0.002195170392370208
0.6361214395953025,0.3503404020814115,0.013538158323286724
0.454532272054944,0.535347039905744,0.01012068803931216
0.33377248867133336,0.6534091944186279,0.012818316910038314
0.850866207627993,0.1436624093704324,0.005471383001573287
0.4719087222413086,0.5246374626503261,0.00345381510836448
0.8565446630924375,0.13714319973940545,0.006312137168155269
0.8183559902827733,0.17811935609525134,0.0035246536219753553
0.7248390530693242,0.2699688491546395,0.005192097776036527
0.4697232920214723,0.5044574851732376,0.02581922280529065
0.9115113528366344,0.08703844437926497,0.0014502027841017348
0.42023037186045875,0.5523227928577781,0.0274468352817631
0.28963703214475367,0.6869887680290659,0.023374199826182267
0.6926151863530392,0.30333358991506437,0.004051223731899276
0.5176043818037595,0.4722298447230794,0.010165773473160377
0.36519622653654893,0.6059088509849455,0.02889492247850416
0.42406411981022185,0.5593324073153535,0.01660347287442458
0.731231771089643,0.24912992213223006,0.019638306778127283
0.5379734621473405,0.4461042907060925,0.015922247146564292
0.33903125097768544,0.6238378601572836,0.037130888865030805
0.48059061668359493,0.5123365893491824,0.007072793967224253
0.7949442189555502,0.1950127163513319,0.010043064693120036
0.8805444925802791,0.11587359384349534,0.0035819135762280765
0.2248058331609159,0.7558235038157788,0.019370663023306603
0.3322411741381343,0.6456465345621539,0.02211229129971325
0.5345421080468636,0.4596709299644066,0.005786961988728766
0.7090819341833559,0.2873606345597306,0.003557431256910768
0.5116176079188578,0.4524159607638525,0.035966431317288605
0.2720891592822738,0.7151623548102642,0.012748485907461029
0.7701065744096893,0.2247835940951772,0.005109831495131846
0.4658271371314618,0.520529141160129,0.01364372170840879
0.5707525918022543,0.41936155214416976,0.009885856053578543
0.609483775825614,0.37905590620675667,0.01146031796762855
0.6019071091687802,0.38874296215657494,0.009349928674646001
0.7048465234987101,0.2843740921781481,0.010779384323140635
0.4655451524861126,0.5289975565826126,0.005457290931275648
0.36085753931253645,0.626748008724395,0.012394451963072308
0.5929363273265392,0.39435156761462614,0.012712105058835028
0.5073995543982973,0.48671596791336524,0.005884477688337685
0.7999339652989704,0.19796828060369182,0.002097754097339726
0.2930847090659524,0.6865859917207032,0.020329299213343126
0.6216520578802808,0.3728868886353552,0.005461053484363855
0.883626606617879,0.11307841172637409,0.0032949816557468286
0.5436990661355825,0.4446185309817008,0.01168240288271478
0.8235743971614069,0.1679945405536907,0.008431062284902726
0.24987698977264095,0.7365546275510831,0.013568382676274861
0.4441872302517888,0.5421736404816887,0.013639129266523617
0.4777254615864417,0.5083573556792111,0.013917182734348775
0.7411715490104235,0.2508968289711242,0.007931622018454093
0.2189942891695901,0.7699246351692379,0.011081075661171844
0.2757374118166832,0.7181889719496943,0.006073616233622638
0.5984659346164304,0.3879323120706405,0.013601753312929827
0.5825909800850838,0.39992797459647617,0.017481045318438884
0.8266459741957566,0.14303195575147193,0.03032207005276953
0.8020817325554819,0.18086990939098174,0.017048358053535797
0.6970952179486534,0.2974826449757589,0.005422137075588097
0.665391662789328,0.29323851486755487,0.04136982234311569
0.333182902194062,0.6516079837012158,0.015209114104722827
0.4542370012269052,0.5338374804830227,0.011925518290072351
0.7315487832123792,0.25761533940213566,0.010835877385487361
0.38148532905796256,0.5864928623655522,0.03202180857648675
0.36273371501094964,0.6033259421440244,0.03394034284502811
0.7818227338833936,0.20940106923163357,0.008776196884973822
0.5201882201559638,0.4628313240709639,0.016980455773071546
0.4905788467314803,0.49578465520958004,0.013636498058938575
0.5111589123251645,0.4800554003520786,0.00878568732275917
0.5245334889605654,0.47116007359918505,0.004306437440249282
0.6532745585446704,0.33868087018151777,0.008044571273813668
0.6054556594920473,0.389990552920972,0.00455378758698116
0.22389989074605024,0.7336281958078509,0.042471913446098256
0.4463250567332628,0.5468040600175175,0.0068708832492192775
0.2910815956599895,0.6902308663578189,0.018687537982191933
0.5882761717417974,0.40217857817513053,0.009545250083073232
0.8556062252275253,0.13973161741384704,0.0046621573586280215
0.7709169512809891,0.2228358432496402,0.006247205469371761
0.4756713719075752,0.5072298901991344,0.017098737893292054
0.8457078816883783,0.15064070159761447,0.0036514167140052605
0.27042312168281546,0.69812487101008,0.03145200730710379
0.3709400378923381,0.6201047422314536,0.00895521987620902
0.711889118788759,0.2771344182117688,0.010976462999472499
0.8014905262821451,0.19470160179161566,0.0038078719262416827
0.6838381714396969,0.3095872503270816,0.006574578233220482
0.9006497865684805,0.09762750015855809,0.0017227132729594169
0.584766900091715,0.4106966018861581,0.004536498022129554
0.5399107300552154,0.45645888012544583,0.0036303898193384174
0.25018977027997874,0.7392269213297743,0.010583308390247919
0.7970266522169744,0.2001570222426176,0.0028163255404099283
0.6660850872182449,0.32222517472641415,0.011689738055339835
0.24722948047186205,0.727367993530325,0.02540252599781167
0.3382938077277019,0.6465276717352993,0.015178520536999323
0.6171452031969942,0.37382629270268686,0.009028504100318527
0.3258652268377523,0.6611820203578268,0.012952752804421862
0.708266679686517,0.2859137910743382,0.005819529239143317
0.5096699115665567,0.469591052845108,0.020739035588335484
0.3499850445154816,0.6088992724250099,0.04111568305950896
0.8697669436143749,0.12364232842266938,0.006590727962956495
0.6939109750916194,0.30077940897634214,0.005309615932039537
0.6128187144074477,0.3712847763044691,0.015896509288085222
0.710462102577848,0.27076933189573604,0.018768565526416387
0.8159725689701918,0.1777608080866,0.006266622943208182
0.6562949031998312,0.34193188339086,0.0017732134093062125
0.5067427792735447,0.47529359635274093,0.017963624373714775
0.662994260728075,0.3267483298455789,0.01025740942634515
0.8633900256635628,0.13107003282050378,0.005539941515932699
0.5202052384977764,0.4728544046888301,0.006940356813393288
0.68699576883767,0.3041773751586851,0.00882685600364254
0.8141642014631507,0.18245517204884196,0.003380626488008442
0.8380755269932999,0.16022909565977972,0.0016953773469181549
0.5434848767528788,0.43798217055786953,0.01853295268925243
0.5826509345299196,0.4008475546997716,0.016501510770309806
0.6878055085681273,0.29986513382713215,0.012329357604738854
0.7689829605357009,0.22607525217200639,0.0049417872922939855
0.4784450853460427,0.5120717045001199,0.009483210153835393
0.2855046884315985,0.7058361510487795,0.008659160519620335
0.5844857960409537,0.3833945561843193,0.0321196477747267
0.41422365573387676,0.5815777026254311,0.00419864164069262
0.6612782120489828,0.3291857019738868,0.009536085977132078
0.6790762164440993,0.3099571652861462,0.010966618269754265
0.4550537505284661,0.5313448510555522,0.0136013984159806
0.5744062602663176,0.42059140325393274,0.00500233647974862
0.8721964929282983,0.1263522132968336,0.0014512937748684374
0.5890740709104647,0.3995775864240615,0.011348342665474345
0.6476715160587311,0.339793558777412,0.012534925163855938
0.4530980880460437,0.5408395663091404,0.006062345644815672
0.564432839999901,0.422018244085634,0.013548915914465016
0.5943484453368814,0.38699120506804113,0.01866034959507665
0.6285258334433586,0.3646498118275499,0.006824354729092203
0.5821694118773998,0.41530322625562827,0.0025273618669711512
0.6130197872876132,0.3821770417738801,0.004803170938505471
0.43293484606934374,0.5488726233422949,0.01819253058836156
0.6417188468958146,0.3533894139315526,0.004891739172632607
0.7602954011102429,0.21764118976782207,0.022063409121938094
0.453574857231052,0.5286942731269841,0.017730869641961845
0.6167931723751401,0.36197914222311883,0.021227685401739606
0.4225662356133509,0.5679092977167075,0.009524466669941282
0.5859220269208654,0.4054011647438111,0.008676808335322703
0.23955901167685473,0.7484366105123997,0.012004377810744774
0.6982217141556034,0.29197516144533153,0.00980312439906482
0.7836505891943725,0.21212189468426584,0.004227516121360984
0.5479839633464169,0.4346320899922106,0.01738394666137246
0.6882563216700858,0.30577875101893615,0.005964927310978327
0.7563902896017165,0.2354611500147335,0.008148560383552035
0.29438577873720007,0.6634761830557963,0.042138038207004576
0.5041938396473415,0.4554271995304134,0.04037896082224486
0.8589690935657484,0.13571349259423635,0.0053174138400157766
0.367233760696995,0.6293407404879329,0.0034254988150739006
0.34764784332965404,0.6385783099567134,0.013773846713630671
0.3144323387859879,0.6613497173974211,0.024217943816588403
0.5540137247919665,0.434388216410015,0.011598058798018477
0.6087908120912016,0.383059566167527,0.008149621741270326
0.7355182497887384,0.2544250172868653,0.010056732924394235
0.38094672825113146,0.61121626397776,0.007837007771107385
0.7586677660979076,0.23627715248746986,0.005055081414621726
0.49787821679134625,0.49881517685987053,0.003306606348783258
0.8103430580288632,0.18549658522227588,0.004160356748859749
0.43990816103826746,0.5509422134802765,0.009149625481455165
0.6667685159031276,0.32631573445668666,0.00691574964018793
0.748044593390307,0.24474418259297698,0.0072112240167167396
0.5019695737322512,0.4953040746760209,0.002726351591727534
0.26288434217067047,0.6907815089555651,0.04633414887376431
0.7998288614567515,0.1934986625602838,0.0066724759829654996
0.5757184812231764,0.41261514246411224,0.011666376312711734
0.5660520867327031,0.43127145976055814,0.0026764535067395224
0.2995145853572263,0.681726510189733,0.018758904453036396
0.43994086114107267,0.5424855806858792,0.017573558173047347
0.23398236273203982,0.7240443982803964,0.04197323898756676
0.43624314700953953,0.5552824491183417,0.008474403872118372
0.6344426166162028,0.35411590479688443,0.011441478586912864
0.5280540722135135,0.4460798171597686,0.025866110626717103
0.42888827296478554,0.560193232574463,0.010918494460750104
0.5455962948116273,0.42323200679860906,0.031171698389762845
0.5406379055066415,0.44219120805809187,0.01717088643526464
0.6012099679711642,0.3910752278166532,0.007714804212184703
0.6687306729787401,0.3221037437195549,0.009165583301703068
0.5064015634731114,0.47397034515261516,0.01962809137427231
0.17603887007019803,0.8199769972555887,0.003984132674212779
0.5589564366412623,0.41848747337036785,0.02255608998836955
0.44516496058682065,0.5347008085117098,0.020134230901468445
0.8176596323442388,0.17647654384136557,0.005863823814395715
0.1972024641315953,0.7915235805238852,0.01127395534452314
0.4577614720519942,0.5268706148691226,0.015367913078884
0.5444150865006553,0.438149055513647,0.01743585798569615
0.558438916536104,0.41422210778579804,0.027338975678098083
0.27795368665165504,0.6855126667726686,0.03653364657567688
0.41052069654334616,0.5769722048721203,0.012507098584532032
0.6955492442501539,0.30007373406370846,0.0043770216861364515
0.7675266324064505,0.22455273155407401,0.007920636039474955
0.818415254862317,0.17784416373170334,0.003740581405980485
0.26991576441056514,0.7004494403205112,0.029634795268924728
0.5388624001731614,0.44365461964503866,0.01748298018180147
0.5164465977666317,0.46659061480032343,0.01696278743304556
0.8350381351053818,0.1527526932586471,0.012209171635969164
0.5239279168268565,0.47268018256664074,0.0033919006065034575
0.5492997187502926,0.4437740310509374,0.006926250198768824
0.7493595547286688,0.2451910099060884,0.005449435365243908
0.7714857410196599,0.22626551727062996,0.002248741709711002
0.5416112359186708,0.4520780442711257,0.006310719810203456
0.7668706140477503,0.2249007795268368,0.008228606425409896
0.24051706364072778,0.7460001545448363,0.01348278181443657
0.4318390288881944,0.5530102523024514,0.015150718809353597
0.44275232450560814,0.541648743481725,0.015598932012664223
0.37320305446272856,0.6037734089622534,0.02302353657501588
0.66255018881102,0.3342765243428572,0.00317328684612134
0.7777952319431488,0.21930979876055656,0.0028949692962949494
0.7407710255716543,0.24497109284172272,0.014257881586623432
0.3624032435030474,0.6150413744620246,0.02255538203492615
0.688081536585841,0.30867272928753264,0.0032457341266275033
0.5970305296056608,0.38749649606104375,0.015472974333295393
0.4968651517547576,0.49632083281891043,0.006814015426330536
0.6485466075303915,0.3475622493363039,0.003891143133304959
0.8402794480455199,0.1561588855135,0.0035616664409787585
0.2955839116859175,0.6959167427008328,0.008499345613249727
0.7234928435823559,0.27424288479925246,0.002264271618391019
0.5798774692830033,0.4116489497540246,0.008473580962971303
0.665871020106148,0.3232127064838171,0.010916273410035485
0.5048055075647133,0.47385863352114915,0.02133585891413814
0.5245572050318249,0.4575154495551293,0.01792734541304408
0.41035849348819026,0.5781828868716745,0.011458619640136183
0.7104867982752675,0.26909069896284726,0.020422502761885498
0.7131889982893496,0.28311725973636476,0.00369374197428455
0.5919311776703127,0.39744712141848176,0.010621700911204145
0.4947702575016932,0.4816137139481529,0.023616028550155543
0.6830378578305364,0.285786704991715,0.03117543717774889
0.806646484809931,0.1870899399331644,0.006263575256905446
0.6867093604018938,0.3100407483481526,0.0032498912499515677
0.7302353665615963,0.2592897227463189,0.010474910692087098
0.5449938184487333,0.4433382064824809,0.011667975068785693
0.5701854368718108,0.4188924884597723,0.01092207466841719
0.8151469593863933,0.18044672037283613,0.00440632024077117
0.4749853044307021,0.5083523688870644,0.016662326682232918
0.5342740479689395,0.4552571175982077,0.010468834432851216
0.40196698090713684,0.5835334266810008,0.014499592411862336
0.4040515949164191,0.5817520378218102,0.014196367261772962
0.43773057106394436,0.5463443594173333,0.015925069518719807
0.2651640356873193,0.7188723291183742,0.015963635194306512
0.7629607733058951,0.23159547405014433,0.005443752643963975
0.6337173065013311,0.35595328597660464,0.0103294075220658
0.38358199031120443,0.5823381614232465,0.03407984826554916
0.6322934462376287,0.3562378841545852,0.011468669607786218
0.4491288622030686,0.5354269471123673,0.015444190684564377
0.3678776138118645,0.6233200066139485,0.008802379574186277
0.6854663363890399,0.2988126863802626,0.0157209772306983
0.43492977936392613,0.5612357124848855,0.0038345081511910956
0.6663175614813127,0.2937223947541959,0.039960043764490694
0.7425565578135254,0.2506342233450703,0.006809218841405368
0.4109786424934615,0.5804042924132831,0.008617065093254968
0.7894594484451707,0.19612665357597,0.014413897978860552
0.467831990936792,0.5190576518000974,0.013110357263111704
0.6991335165941892,0.29137139257274863,0.009495090833062037
0.20058724360196695,0.7859582050311263,0.013454551366908677
0.4498076817922807,0.5382747317650559,0.011917586442662453
0.3265383451972267,0.6634284170515219,0.01003323775125238
0.3505455851895365,0.6109278546721121,0.038526560138352914
0.48505717146051874,0.5002684922976284,0.014674336241852754
0.536250599966018,0.4350827205881727,0.028666679445809477
0.22428479315899374,0.7149907714447695,0.060724435396238806
0.874726224794178,0.12075410995691799,0.004519665248900309
0.4906806874748734,0.5015895305639431,0.007729781961182694
0.5091576024711751,0.48562965645875844,0.005212741070067255
0.37703326914525925,0.6174551385353103,0.005511592319429107
0.22179076999385233,0.7651803000552475,0.01302892995089955
0.6968652172185792,0.2973439937852892,0.005790788996130629
0.7548890905214073,0.2313554290635297,0.013755480415062572
0.96523425516149,0.031724907629204234,0.003040837209305739
0.7560961470534444,0.23922488598750802,0.004678966959049233
0.5498901269079133,0.4177605935826023,0.032349279509483506
0.717441177289809,0.2667143457723705,0.015844476937819454
0.5074507152235646,0.47856386920303,0.013985415573403959
0.737871519820606,0.25934331111960723,0.0027851690597874173
0.7518080728926847,0.24329664941742507,0.004895277689888531
0.2018734730673163,0.7600739775450052,0.03805254938767847
0.41338002506672483,0.5685205573463664,0.01809941758690769
0.24595354371960498,0.7358745110833641,0.01817194519702928
0.7796737641940544,0.21476621862137427,0.005560017184573719
0.48281644082692227,0.5016380574483568,0.015545501724720297
0.7646809708509212,0.2308068818141667,0.004512147334912148
0.4188644022134777,0.5689536612752559,0.012181936511269536
0.7064347791049037,0.28854534320337055,0.005019877691725847
0.6901842508209104,0.3037525729387874,0.006063176240301773
0.3042976542153625,0.6528844858085875,0.04281785997605079
0.8158985619198678,0.17520981005812192,0.00889162802201154
0.3878627866820289,0.5896225188578413,0.022514694460131195
0.3772679793859418,0.6160097937316025,0.006722226882457036
0.798683027529497,0.19841770199676276,0.0028992704737401706
0.78921719025303,0.20677547707839106,0.0040073326685753675
0.5961071159489703,0.3962754832635953,0.007617400787435014
0.3749965989835834,0.613037855693423,0.011965545322993213
0.7512582052155731,0.2447156351798065,0.004026159604621436
0.4012031524272291,0.5690300056706665,0.02976684190210373
0.6665104776852611,0.320134168017356,0.013355354297384407
0.4025682429269452,0.5824275791803384,0.01500417789271626
0.24506426728436423,0.7422405404640678,0.012695192251570779
0.35994306606789483,0.6325143280322003,0.007542605899905362
0.6095115267650282,0.35699480223589963,0.033493670999069206
0.7322995137912369,0.26294764519092656,0.004752841017837163
0.670023995300458,0.3174041973326704,0.012571807366870772
0.5656873747724885,0.42583668938367697,0.008475935843833193
0.5784189938281692,0.4135401189201888,0.008040887251642823
0.2648598683910636,0.6614921586839215,0.0736479729250152
0.5722548597547455,0.4230278579855667,0.004717282259687571
0.8119709397172618,0.18414125983801746,0.0038878004447211213
0.3411303383649373,0.644564976899346,0.014304684735717707
0.5438515376495511,0.44375946368705327,0.01238899866339727
0.40975139245206754,0.5732863431090464,0.01696226443888576
0.6568721718126704,0.33347961297581874,0.009648215211512916
0.7939264991830843,0.20431294297155952,0.0017605578453582763
0.6054414869458471,0.3893710793940976,0.00518743366005665
0.4707776611951852,0.49784705115349653,0.031375287651318355
0.2589154168813651,0.720765224272587,0.020319358846050784
0.28406079143756846,0.7060731820427704,0.009866026519660441
0.6655460541037661,0.32348447855009604,0.01096946734613802
0.7346366000070377,0.23693939666993102,0.02842400332303078
0.8151931196243509,0.12964211148529833,0.05516476889034832
0.7730850790358691,0.22349070896138692,0.0034242120027416167
0.7577240087529005,0.2365498637670148,0.005726127480084623
0.7214783794051659,0.27452790778324926,0.003993712811585297
0.48500998347648777,0.4690350915162968,0.04595492500721561
0.8325864943288158,0.1568687252589943,0.01054478041219065
0.6755618207732427,0.3006730241421097,0.023765155084645894
0.45076184322810037,0.5071127572690707,0.042125399502829994
0.665983259172168,0.3269523638512085,0.007064376976622964
0.315298524357968,0.6679492710237115,0.01675220461831895
0.5071846597523891,0.4741235000645995,0.018691840183011028
0.6031195174290919,0.38732576713337274,0.009554715437532932
0.5869497023715858,0.3963977012213766,0.01665259640703792
0.3226451109645744,0.656642750962848,0.020712138072575652
0.45993191307428705,0.5242295343286737,0.015838552597040208
0.2649502538307581,0.717259239785326,0.017790506383914564
0.5547841192369865,0.4269100352877163,0.018305845475296675
0.7849608559092388,0.21086272089138997,0.0041764231993691595
0.4481769195066454,0.5193009095748408,0.032522170918511895
0.8191438160040565,0.17834077835258907,0.0025154056433525822
0.5207886869786734,0.4717127884781593,0.007498524543167377
0.3655532794352454,0.6210887275910938,0.01335799297366058
0.43698965398271716,0.5413811657440902,0.02162918027319206
0.6364388816540093,0.3578869121358141,0.005674206210177647
0.509973890825441,0.4800845984175917,0.00994151075696684
0.6111404593587263,0.38332987241893585,0.0055296682223355395
0.6616760193065521,0.3323110996632933,0.006012881030154114
0.6130101699234851,0.3798179063122006,0.007171923764313448
0.30432180285926824,0.6762401820654627,0.019438015075267805
0.3192354993702281,0.6661631620020533,0.014601338627718502
0.5942140899857155,0.39507521186259786,0.010710698151688198
0.4331199491039027,0.5534949279744455,0.013385122921650299
0.833331549077818,0.15894181096768142,0.007726639954497422
0.7898283703907446,0.19862591254529438,0.01154571706396165
0.7352760722154132,0.25961926777592864,0.005104660008659174
0.854760793733591,0.13840000857227144,0.006839197694136583
0.6201853632354355,0.3578695120117107,0.021945124752854924
0.31217775492965943,0.6567475685199319,0.031074676550406057
0.5112351838368578,0.46887979743920405,0.019885018723937005
0.46032948927441675,0.5211977171047623,0.018472793620821874
0.4557242071620316,0.5262444852042967,0.018031307633671494
0.5922957991478036,0.40345352105729704,0.004250679794898656
0.6571523991501621,0.3310896142561141,0.011757986593724418
0.35931855138638236,0.5992465641213537,0.0414348844922641
0.581584960671776,0.4061320971631956,0.012282942165028914
0.5883781258318663,0.40159184649516144,0.01003002767297203
0.8571058629700483,0.14085786976715295,0.0020362672627981106
0.3850474211560806,0.5819433622845863,0.03300921655933472
0.5622850531243683,0.42223164531317187,0.015483301562458042
0.3988305532257595,0.5928267977110839,0.008342649063156788
0.3786536105927453,0.6187163738873542,0.002630015519903702
0.6098410002248572,0.3852376540126697,0.004921345762472632
0.6753432433422316,0.3185083885466829,0.006148368111087126
0.4363129067423598,0.5503313204523151,0.013355772805326708
0.6242244305322101,0.36796935721197893,0.007806212255811197
0.7682303291972794,0.22928020116615633,0.0024894696365648605
0.7852711568888012,0.21081647167903725,0.003912371432162084
0.62283881243875,0.3703963463704572,0.006764841190794174
0.4016530577856862,0.5876439539348728,0.01070298827944143
0.8116036258792729,0.18277866738930162,0.005617706731422924
0.20649443586586058,0.7882391068355061,0.005266457298632795
0.4925120198736531,0.5030945339240509,0.004393446202296718
0.5913959536922138,0.3973313765108063,0.011272669796978831
0.37858893446177905,0.5996629944995043,0.02174807103871693
0.6331131052544268,0.354863694553777,0.012023200191796795
0.809374556849903,0.18207451828095153,0.008550924869145146
0.7718626680819133,0.21986121631912633,0.00827611559896074
0.4572423846839197,0.5127295513085336,0.030028064007549395
0.3734785459399171,0.6152450338262145,0.011276420233869202
0.5060350477663037,0.4838297667813181,0.010135185452377519
0.8504951353381883,0.14628466931072948,0.003220195351080598
0.3800785081468598,0.5931240012993575,0.02679749055378194
0.32613181271138514,0.6550244906698652,0.0188436966187466
0.5908424483818803,0.40210399850210005,0.007053553116019923
0.7533820803221986,0.2401281414685643,0.0064897782092363954
0.7045398908325785,0.2880447853195777,0.007415323847842949
0.3302943208014289,0.6290433887483357,0.04066229045023447
0.5992462615986206,0.3832705698090116,0.017483168592368294
0.2247379194148893,0.7639077181036461,0.011354362481464363
0.7578985935201926,0.238890978787453,0.003210427692354711
0.6990999527992025,0.2912916206637858,0.009608426537011406
0.5364864511695047,0.445843082806328,0.01767046602416875
0.3661006232301608,0.6106612772439195,0.023238099525920274
0.18442326629007197,0.8017558013032337,0.013820932406692417
0.5784655532679966,0.41092330820115486,0.010611138530850292
0.5451358712252602,0.44901060783922925,0.005853520935511997
0.7649829198946235,0.23206821343540654,0.0029488666699687962
0.3754436004628172,0.6089857176857223,0.015570681851460549
0.4820774297117473,0.497211470502416,0.02071109978583728
0.29608911431804047,0.6945847589761955,0.009326126705763098
0.6450329815894413,0.3442353805647611,0.01073163784579921
0.6065362418548678,0.3839967891463172,0.009466968998816003
0.7333469293168255,0.26357349590056534,0.0030795747826094203
0.8450629332328546,0.15241842896155827,0.0025186378055850416
0.3404420475962679,0.6473914404474826,0.012166511956248858
0.37363549200724755,0.6111471575218367,0.015217350470916905
0.3328747518505791,0.6604507621423656,0.006674486007055
0.4108883659915371,0.5732758539765909,0.015835780031871236
0.22341881908500422,0.7333674647885114,0.04321371612648574
0.47075486862512883,0.522575588886528,0.006669542488342017
0.6894631998850873,0.300058966958407,0.010477833156507958
0.5979690086291106,0.38990208601316606,0.012128905357724526
0.5433963578215627,0.44684462434119326,0.009759017837242302
0.7627192645903096,0.22174675252232637,0.015533982887363695
0.7392010789616449,0.24863926636238412,0.012159654675968546
0.4658786063926694,0.5197970917893172,0.014324301818014647
0.7447559803908986,0.24785563644934616,0.007388383159756406
0.5750071446036747,0.4034292242780167,0.02156363111830811
0.8156879078612185,0.18034685309004547,0.003965239048735878
0.6268691545265017,0.3609870382646628,0.012143807208836633
0.20337743260905058,0.7588206409233832,0.03780192646756475
0.6082778045318671,0.3524129487389929,0.039309246729138624
0.5712772356005469,0.4165187905603901,0.012203973839062972
0.4887142197395901,0.4829248237577418,0.028360956502668733
0.59331403237425,0.39833601157111526,0.008349956054636471
0.638337186044947,0.3291886631983166,0.03247415075673624
0.7065940195610575,0.27372634136762686,0.01967963907131778
0.6602558261073295,0.33276155549850195,0.006982618394165984
0.3737015904236415,0.6117187166858059,0.014579692890554472
0.2745834583009552,0.7129303768765295,0.01248616482251653
0.6660928042573324,0.3233246597553697,0.010582535987296112
0.5788472495121594,0.401988507523555,0.019164242964285295
0.43098732570539855,0.5479186762074894,0.021093998087110953
0.5405672748910016,0.45357376612177985,0.005858958987220439
0.7200534668344893,0.27750869709801995,0.0024378360674876735
0.6241687314006299,0.37076746932124677,0.005063799278123416
0.5955688246006079,0.3998728575554272,0.004558317843962121
0.4147527860589943,0.5696275967239008,0.015619617217106248
0.7875019672820678,0.2086296628317555,0.0038683698861785966
0.4827377996459746,0.49699043560438505,0.020271764749639938
0.859597590073325,0.13657061673882104,0.00383179318785335
0.4028307787204288,0.5819191348568316,0.015250086422740687
0.6106707420249738,0.3809350080809564,0.008394249894069474
0.6467737465969727,0.3465849445085793,0.006641308894449686
0.621635309644605,0.3753987959891575,0.0029658943662386867
0.5466297035287181,0.4404625612692987,0.012907735201982285
0.3410989793815473,0.6398926061170839,0.01900841450136879
0.44158716575865237,0.5448179011640795,0.01359493307726687
0.46642672615716496,0.5284928407095836,0.005080433133250095
0.5855076498413619,0.40090345925650733,0.01358889090213042
0.35107701367841665,0.6278054368118761,0.02111754950970699
0.7208560287710614,0.27565969455066125,0.003484276678275607
0.5928600944898181,0.3913924235113431,0.015747481998838037
0.5091374532497246,0.46210180305785997,0.028760743692414208
0.7676170273624131,0.22631472250514903,0.006068250132437539
0.6690543944792268,0.32282938191533034,0.008116223605444901
0.7120256679843467,0.2836202463441899,0.004354085671463672
0.412858845943277,0.580836899680354,0.006304254376368931
0.28219679065754777,0.6956380249185352,0.02216518442391604
0.6018286079357221,0.38852902560171004,0.009642366462568944
0.8321590178695519,0.16430716976786006,0.003533812362584708
0.5207337685215776,0.4702681827548886,0.008998048723530255
0.7889356011430683,0.20061558227551274,0.01044881658141863
0.6223073971202477,0.3752567242635108,0.0024358786162399716
0.43306472235092686,0.5459203299005465,0.021014947748526677
0.7084504834295313,0.28105727528441915,0.010492241286050493
0.45563832563535783,0.5376851754329619,0.006676498931680786
0.8168467591076705,0.17601127448078335,0.007141966411547333
0.7793846163021584,0.2150215968393093,0.005593786858531741
0.5837855045489528,0.3791131055114037,0.037101389939645193
0.5453362885687427,0.446263031965283,0.008400679465975532
0.699059819208369,0.2936756781432945,0.007264502648336706
0.47139385916210613,0.5024748197901284,0.02613132104776547
0.3737315225382558,0.6077156172493119,0.018552860212431677
0.3723736839849329,0.6143807554703422,0.013245560544724444
0.5818213819570299,0.4107270878568959,0.00745153018607207
0.6993103423592464,0.29257332540968795,0.008116332231064827
0.4995195420810609,0.4908667740683632,0.009613683850574518
0.45478684263354835,0.5344604403490408,0.010752717017409994
0.4905511107272691,0.4982543625396247,0.011194526733106738
0.7057197347037318,0.29010764703635217,0.004172618259918615
0.6908330298772832,0.28425312111093887,0.02491384901177455
0.16120563981413039,0.8225372044611575,0.0162571557247122
0.5327429576204301,0.4635266497427235,0.0037303926368475776
0.5941173915425865,0.40071165883253335,0.005170949624879983
0.37764860621581103,0.5944363067489549,0.02791508703523629
0.42931088617867447,0.556028277728884,0.014660836092441691
0.5308222112858628,0.4540233295438398,0.015154459170297679
0.9066408675766153,0.09156631329482356,0.0017928191285607855
0.5875962112155128,0.4057406103320658,0.006663178452421017
0.6651853750100994,0.3311916132840635,0.003623011705835075
0.454132014951071,0.5212076838106128,0.024660301238317705
0.49004518617324905,0.492427274636139,0.017527539190610203
0.6607785559189872,0.3304269446777803,0.008794499403230367
0.47186260330673563,0.5089880021839024,0.019149394509362705
0.7409685963622734,0.2518353904137734,0.007196013223953679
0.5985273278247598,0.38733122678525433,0.014141445389986497
0.639425640348065,0.35213337776604,0.008440981885896105
0.423193734971255,0.5352189526495025,0.04158731237924224
0.7762965845735951,0.21667168425135985,0.007031731175046154
0.6196317030219797,0.37332628290494363,0.007042014073076504
0.5045767501927239,0.48132846137257546,0.014094788434701432
0.6679228921839568,0.3260577004065104,0.0060194074095344515
0.42286507730908135,0.5681231046442237,0.009011818046694407
0.6820488647627931,0.3060133717257463,0.011937763511460496
0.6420229233955345,0.35118885434194597,0.006788222262523047
0.9197617876889721,0.0745364791013117,0.00570173320971539
0.6204331545854954,0.3720783867350907,0.007488458679413392
0.43735008822032334,0.5382528151729865,0.024397096606688796
0.7437874367910507,0.24953989365759852,0.006672669551350412
0.3920809569908412,0.5956677086290851,0.012251334380073335
0.766810640598054,0.2052581454006548,0.02793121400129256
0.7816967534028118,0.21117904460892956,0.007124201988256151
0.30194063517778,0.6746543825884058,0.02340498223381513
0.657823072801084,0.3309261016016466,0.011250825597268838
0.9173673504644054,0.08111135513019765,0.0015212944053962201
0.4445208282848556,0.5451632797494521,0.010315891965693599
0.3726000078643902,0.6083310583650973,0.019068933770515127
0.3808952763140589,0.6072800741200024,0.011824649565937562
0.6122334026624308,0.3850197736606351,0.002746823676934094
0.24990155076215412,0.7269020937273517,0.023196355510492858
0.4425301484175538,0.5420599018432399,0.015409949739207231
0.6566198750103852,0.3303609334465986,0.013019191543017616
0.5017006911006899,0.4797532023705994,0.018546106528711814
0.3841456309101299,0.6061927511154916,0.009661617974378868
0.7900848075118909,0.20563669553637792,0.004278496951734175
0.7184034265830525,0.2618049085574637,0.019791664859481736
0.22178397239857797,0.7079163305811493,0.07029969702027218
0.35284658667969543,0.5853369902163482,0.061816423103955916
0.7452523686210913,0.24927062111708692,0.005477010261820279
0.6660452836854255,0.3054656172158699,0.028489099098705083
0.7545847525277204,0.2413791198469143,0.004036127625368094
0.6318800636261078,0.3592997645135333,0.008820171860361768
0.8346125794819413,0.15732501722620257,0.008062403291857796
0.6787479644172272,0.31913115997021085,0.002120875612563184
0.6016888708438455,0.3821955401058061,0.016115589050349714
0.7770477311133513,0.21641053048125006,0.006541738405398646
0.8232208129050055,0.17276286968273705,0.004016317412255839
0.29474736206995816,0.699894586390048,0.005358051539994893
0.7933383857720999,0.1924508020489653,0.014210812178936945
0.5430807884450093,0.4175960884387353,0.039323123116255736
0.6864718514639269,0.3120509477939459,0.0014772007421250727
0.40400000587225804,0.5799768416010356,0.016023152526708242
0.6806261850061944,0.309576963131532,0.009796851862271434
0.947799021584169,0.04807395785933227,0.004127020556498916
0.7116074357794748,0.28265048540472,0.005742078815807085
0.6295760235578071,0.3588960052319862,0.01152797121020776
0.6746477567654576,0.31539182369856794,0.009960419535973888
0.6157757707453071,0.3732110645187761,0.011013164735917118
0.6080390533129045,0.38193801751645096,0.01002292917064591
0.501991375206453,0.4892872401887094,0.008721384604838558
0.6209387573665276,0.3706994515209427,0.008361791112528917
0.6703871648895718,0.3153283232376181,0.014284511872810775
0.25534772823187823,0.7239243277909969,0.02072794397712634
0.5103703731865507,0.4609907209052424,0.028638905908205423
0.635045782628762,0.3609244931996706,0.004029724171567575
0.7958218494875603,0.2024078333806015,0.0017703171318370094
0.6105749992256481,0.3770135335188005,0.012411467255551128
0.6284890649327886,0.3642255945586674,0.00728534050854468
0.5228211362430037,0.42278941343834686,0.054389450318648454
0.8917482055608277,0.10696563751977801,0.0012861569193935295
0.716721760507078,0.27620755984775286,0.00707067964516868
0.8540035665172756,0.14325754944609576,0.0027388840366309648
0.561209422075176,0.4248659783943482,0.013924599530475016
0.6825259591632159,0.30597271854858255,0.011501322288202052
0.8191321509195798,0.17725428659690395,0.003613562483516778
0.18212350178720374,0.7725412723525106,0.04533522586028414
0.7767173187738495,0.21582651211553935,0.0074561691106113485
0.48549812885135013,0.5061786298959398,0.00832324125271077
0.5889408408521773,0.39520510786541085,0.01585405128241146
0.24885112638058582,0.7274104434909183,0.023738430128496642
0.48712514187497447,0.49559608477052136,0.017278773354506137
0.7676670534635319,0.2260082500012153,0.0063246965352507555
0.6650680392705436,0.31075358700089784,0.02417837372855851
0.589170383853445,0.4014402925778987,0.009389323568656417
0.571031586869371,0.40510867720805555,0.023859735922572897
0.5824453117160137,0.4101791808695033,0.00737550741448074
0.5127422154371566,0.4535893711666042,0.03366841339623941
0.7359581200274411,0.2569866626306384,0.007055217341922148
0.14451560403943062,0.8436741466837031,0.011810249276866053
0.7524813438191811,0.23769433380121052,0.009824322379606884
0.7987859226731283,0.18320006745881776,0.018014009868054626
0.37219128937409374,0.6093540362648957,0.018454674361010042
0.3961760476403507,0.5882709800001129,0.015552972359534803
0.4205010060433468,0.5705825412893224,0.008916452667331558
0.8630183186755304,0.13559553407433836,0.0013861472501328763
0.40084500547149526,0.5754807895962738,0.023674204932231338
0.3530850017538111,0.6388627174895277,0.008052280756662516
0.43213995026179514,0.5529226287386948,0.014937420999511156
0.7260001883997182,0.26803275931161763,0.005967052288662553
0.8149762448399019,0.18220057897674768,0.0028231761833484633
0.8227691463709457,0.1685757868905762,0.008655066738477218
0.2838667922268207,0.6902817626013598,0.025851445171817897
0.793893498220734,0.20171402962274507,0.004392472156520834
0.7035261665761877,0.29015675360801674,0.006317079815796758
0.42544734404703594,0.5592994924176582,0.015253163535305262
0.3635714993467833,0.6189763209667942,0.017452179686421963
0.5213039319237187,0.45183080043386015,0.02686526764242034
0.46892883992709083,0.5213078177663107,0.009763342306598236
0.5242761907005321,0.46348948746324803,0.012234321836221768
0.663059241712924,0.327454288549854,0.009486469737222338
0.5910295857284584,0.40322069801958604,0.00574971625195441
0.522239217471083,0.4613816418511994,0.01637914067771975
0.6296135467256162,0.35916914121200366,0.011217312062379524
0.7291721402114784,0.26611729658613414,0.004710563202389281
0.6536585388679765,0.34247607252511175,0.003865388606910537
0.837942015342259,0.15750288283458197,0.004555101823158768
0.6706678609950196,0.3243307132981983,0.005001425706782255
0.6502793811314848,0.3448397159855299,0.004880902882987849
0.6538301508432744,0.33608329264482045,0.010086556511905535
0.30998536568719304,0.6786213636396152,0.011393270673191323
0.5460384120716864,0.44968507673559666,0.004276511192717703
0.4899405641069163,0.4979351386151933,0.012124297277889983
0.7161233327761467,0.27960320452585397,0.004273462697999241
0.3493236499128681,0.6100786147561493,0.040597735330981086
0.8149798465701603,0.17185086735091282,0.013169286078927088
0.7305361571723628,0.26305136717095945,0.006412475656680623
0.7499185396084138,0.24251604321884226,0.007565417172744426
0.4760230454421425,0.518202577685766,0.005774376872091728
0.6654438789331477,0.32665482242550603,0.00790129864134612
0.41596138195489624,0.5611397060976712,0.02289891194743335
0.8889858168487872,0.10615037135491298,0.00486381179629727
0.6153066514167427,0.3704380226936172,0.014255325889642994
0.4650606640706517,0.5255005866230326,0.009438749306318397
0.47656899373518374,0.5030139902895187,0.020417015975298686
0.34087671076013204,0.6445630715890137,0.01456021765085329
0.6691579445657266,0.3260196755947177,0.00482237983955572
0.8508494283719111,0.14465525237643673,0.00449531925165036
0.42059114857000884,0.573334167753404,0.006074683676587303
0.7341679532034046,0.2517597021553071,0.014072344641285603
0.3866343335007418,0.5859148029061882,0.02745086359307037
0.3283309123747182,0.6652773848486208,0.006391702776660683
0.4156241937783911,0.5780160980833936,0.006359708138217148
0.6005770548045879,0.3825950921317031,0.016827853063710544
0.5994970376948073,0.39643191112426307,0.0040710511809294424
0.7583855919346709,0.23793321625717714,0.003681191808150674
0.5954136968668652,0.39290135627065853,0.011684946862475407
0.3213079988418432,0.662939767600098,0.01575223355805897
0.453773028183393,0.5288881950872216,0.0173387767293877
0.6317840765077359,0.3604560856715636,0.007759837820699814
0.4630960661353194,0.5215017944771302,0.015402139387549356
0.7846750830678846,0.21053744050927203,0.004787476422842931
0.5822934893114754,0.4035655361475703,0.014140974540953637
0.6980445946556815,0.29233054866984115,0.009624856674476802
0.5127410259494322,0.4679784465478123,0.019280527502755863
0.39079831974274293,0.598859741662272,0.010341938594986744
0.5373470810916336,0.4552936359971305,0.007359282911237535
0.7912716646183737,0.20678007217831815,0.001948263203308385
0.3628784547095367,0.6209820072429167,0.01613953804754805
0.28851787239653054,0.6924748816310735,0.01900724597239587
0.5642196593469555,0.43166443383054875,0.004115906822492666
0.23784223549262865,0.7448492364724861,0.01730852803488376
0.7023886223345671,0.29432836646051724,0.003283011204916813
0.2417740205687186,0.7466623538642053,0.011563625567076893
0.6176736355204238,0.36908452758713883,0.01324183689243766
0.6476433231542028,0.32954431838726134,0.022812358458534923
0.4859909022885484,0.488544601610258,0.02546449610119319
0.7113252919323584,0.28602602689442175,0.0026486811732228752
0.863161127836198,0.13468750224706755,0.0021513699167367657
0.3857049163111451,0.603287008663575,0.011008075025280761
0.7007393271266781,0.2890193619060966,0.010241310967223818
0.4931165945500002,0.48226160771448534,0.024621797735515257
0.9273321471876423,0.06694680947760522,0.005721043334752063
0.7758714796121325,0.21796359247832645,0.006164927909540009
0.6493147646675002,0.34595077982064515,0.004734455511854447
0.7278345489062489,0.26084867285307073,0.011316778240679852
0.19204168256332496,0.7955048656239369,0.012453451812741139
0.33890508821656173,0.6385194391454508,0.0225754726379856
0.29219455853430987,0.6927264094927793,0.015079031972911038
0.6151627387957542,0.379213098223124,0.005624162981121558
0.34104724724989577,0.6305228985532327,0.028429854196872124
0.6136981943818972,0.3697629345343553,0.01653887108374647
0.34904136069405894,0.6373276307410196,0.013631008564920612
0.542544091889566,0.435602609016105,0.021853299094330352
0.3311409662837415,0.6435434079397286,0.025315625776530546
0.6708015853069306,0.31626374267295965,0.012934672020112562
0.39372458833414875,0.6000566777793723,0.006218733886479657
0.2037151465634683,0.7175221700085178,0.07876268342801235
0.5227196875137244,0.4732432038950822,0.004037108591192315
0.23799403990274298,0.7562974150366745,0.005708545060583082
0.8517055839990307,0.1426965622107379,0.005597853790232962
0.6473646304460252,0.3457055247975578,0.006929844756418045
0.7442746414012157,0.24935190310534094,0.006373455493442287
0.8268933034965688,0.1641662273996794,0.008940469103751129
0.4312101586882275,0.5415405627644942,0.027249278547279005
0.6241914285649809,0.3636754710725696,0.012133100362449419
0.3819277787754561,0.606979687369678,0.01109253385486747
0.7823130636213534,0.20687123815176,0.010815698226888326
0.6134057398735044,0.37971177957406976,0.006882480552426052
0.4689932805855728,0.5138052960898158,0.017201423324610825
0.6621389819753565,0.3292291541120774,0.00863186391256377
0.46243204648268316,0.5128109538445493,0.024756999672765324
0.5815213008268834,0.41056703106226455,0.007911668110850388
0.5901619692939877,0.40106266038437116,0.008775370321641137
0.9243830357059719,0.07367016299511354,0.001946801298915437
0.5232098572918272,0.46071226635733903,0.016077876350832986
0.18834611274908514,0.7876687217538925,0.023985165497023907
0.34874559617734124,0.5835531534917562,0.06770125033090182
0.5498796003266404,0.44763907266452047,0.0024813270088407374
0.5283616505227053,0.4640204206646141,0.0076179288126826655
0.5510148290986758,0.4411593523095809,0.007825818591742452
0.5058501616364661,0.488880858678494,0.0052689796850402875
0.26754840992760387,0.7175401997981077,0.01491139027428687
0.3706545780994822,0.6175794988359861,0.011765923064532446
0.8373788684825295,0.15873514621283039,0.0038859853046400083
0.49448833690399163,0.4982710937041935,0.007240569391813797
0.6633480337772807,0.32915338192143395,0.007498584301286355
0.653753191855084,0.3367837464641497,0.009463061680765435
0.5549085798573771,0.43795886607557943,0.007132554067042095
0.7394252363957147,0.24863122664523832,0.011943536959044987
0.2672229499301735,0.7283622384204499,0.004414811649377215
0.7598576960750609,0.2308941924634065,0.009248111461530885
0.8066434876112111,0.18913057411880918,0.004225938269979832
0.44761078983334357,0.5382085157240135,0.014180694442641018
0.4128392980621376,0.5531836103170229,0.03397709162083943
0.5825458418353024,0.38324313272201066,0.034211025442688184
0.5851176148606823,0.4016444329307998,0.013237952208517522
0.6681231385695446,0.32088027907607725,0.010996582354376566
0.5971271934640604,0.39557987713944953,0.007292929396489631
0.436195093146271,0.5487102313300666,0.015094675523660606
0.7090721979631176,0.284899429692826,0.006028372344056297
0.912311027176575,0.08447578652995845,0.0032131862934689243
0.21296793783692317,0.7511266165867907,0.0359054455762843
0.41725677933386557,0.5614712968960108,0.021271923770123925
0.5199361077228236,0.46603263778040066,0.014031254496775737
0.283108818443292,0.6827236455409746,0.03416753601573157
0.5643083034669514,0.4265292386805992,0.009162457852449506
0.6478103102424372,0.31863163724913784,0.03355805250842678
0.3118456811130608,0.6679909453618609,0.020163373525080183
0.43938874279642215,0.5522253445205473,0.008385912683032033
0.5262078528605058,0.45964685850495235,0.014145288634541753
0.34537098042042264,0.6184854914149533,0.036143528164623795
0.3973525702203913,0.575403755977666,0.027243673801942377
0.4575299461657155,0.5327028649176988,0.00976718891658664
0.3937887619959086,0.5829532965098434,0.02325794149424696
0.6950130069638037,0.2938071710748714,0.01117982196132582
0.5596085075652996,0.41859064250589634,0.021800849928803982
0.5159292668606679,0.4613279819431271,0.02274275119620403
0.3946607566186878,0.5787154564027169,0.026623786978594608
0.8013329233601061,0.19277971787927284,0.005887358760618541
0.15514660057146856,0.8383512987231164,0.006502100705415844
0.495497931760511,0.4905385287221757,0.013963539517313998
0.5801952415972795,0.38361989985027856,0.0361848585524413
0.6242714744199223,0.3680376882543046,0.007690837325774014
0.6934727185968256,0.3014036093731129,0.005123672030062156
0.14393944011837354,0.8384625530492965,0.017598006832329902
0.3444565049275613,0.574679249355567,0.08086424571687247
0.7263485531161067,0.2567895825616962,0.016861864322197204
0.6672238898757881,0.32943851663739343,0.0033375934868195376
0.8385340474139461,0.15504068509231483,0.00642526749373652
0.4543548975067975,0.529690304470332,0.015954798022870566
0.4313199714950028,0.5559707591002727,0.012709269404725023
0.2433337914814066,0.7489601037969073,0.007706104721685422
0.2814125711033874,0.6893878626117779,0.029199566284834045
0.25158437622413543,0.6886751692777829,0.05974045449807911
0.36363679539318794,0.6138788663793853,0.022484338227426185
0.4925272233202705,0.5015109446601633,0.005961832019565215
0.7693617411541729,0.22464707411566703,0.005991184730158447
0.800408899353591,0.189915750673004,0.009675349973404327
0.7321214775747783,0.2575572915424829,0.01032123088273744
0.20885722769079945,0.7740234996145837,0.01711927269461567
0.6945672986956748,0.28971402605766966,0.015718675246655506
0.3113209491913736,0.6774853696151227,0.011193681193503663
0.6372111029451362,0.34963424066380594,0.013154656391057992
0.8242865496341143,0.17307910173708685,0.0026343486287995184
0.610851307459627,0.38307115352399934,0.00607753901637385
0.3492663537047237,0.6238312736019527,0.026902372693323087
0.4326088254120851,0.5478435131670021,0.019547661420913152
0.5108263304626041,0.47435970019310575,0.014813969344288797
0.4195075953159173,0.567630719132463,0.012861685551621583
0.5907497912088452,0.3918800136211214,0.017370195170033992
0.8996913298962899,0.09940247658297707,0.000906193520730141
0.5441998343157907,0.4397662224763497,0.016033943207858406
0.821752504299183,0.17167757558638627,0.00656992011443017
0.7580769537180128,0.2229968329151185,0.018926213366868002
0.7543384539090213,0.2398752444170657,0.005786301673912142
0.4666437588339667,0.5086333739513512,0.02472286721468007
0.2555281833617858,0.7095229310110731,0.0349488856271413
0.5546557997115512,0.4262868282371868,0.019057372051263066
0.7489719302765536,0.23793221231789569,0.013095857405548826
0.7655238835119752,0.22993691409221212,0.004539202395811243
0.5792376264923282,0.4100884041847457,0.010673969322926738
0.46002140338507724,0.5168779546325638,0.023100641982362308
0.8560151337544387,0.1410123227139985,0.002972543531562042
0.6166608146216777,0.37712938445497685,0.006209800923344912
0.5275692239241031,0.46878084039378065,0.003649935682116183
0.39724321152084197,0.5883473528534375,0.014409435625720387
0.8025517306053094,0.194644685735635,0.0028035836590567394
0.8559831939268967,0.13782552461756628,0.006191281455535471
0.8729035910973901,0.11543407108227288,0.011662337820338433
0.4442969983989124,0.5413007723144063,0.014402229286680278
0.7598094930436439,0.23663082705140512,0.0035596799049554336
0.4108261718807977,0.5786593249131137,0.010514503206088922
0.6527552482531527,0.3301470742789682,0.01709767746787984
0.28003563795923286,0.7056572378757522,0.014307124165014623
0.6416620432373973,0.3507169941059577,0.007620962656645909
0.497237270256393,0.4931516834763897,0.009611046267218044
0.8707044706036451,0.11937513824016284,0.00992039115619288
0.6757856164114051,0.3103535916900169,0.013860791898578013
0.2723398262842989,0.6909349370856231,0.036725236630078914
0.8194129273280508,0.17423770609425002,0.006349366577699054
0.5791101099137151,0.41362253547967975,0.007267354606604875
0.34550203343352714,0.6295287037999444,0.024969262766530834
0.3030542332594343,0.6726062646405456,0.024339502100019377
0.3932143947023001,0.5927397564327842,0.014045848864915217
0.7444263497373498,0.2530135425485594,0.0025601077140903488
0.8853049976850056,0.1110446488294873,0.0036503534855074488
0.2443973930561021,0.7464875490495524,0.009115057894345531
0.35436591589409455,0.6357742308050087,0.009859853300898776
0.30053549417827313,0.6405537893635482,0.0589107164581772
0.5486919271995809,0.44846374108385584,0.0028443317165622907
0.7182844154883169,0.2767642003595307,0.004951384152153132
0.46351645802131397,0.5172558704434729,0.019227671535212633
0.6397742344381984,0.3477793113265113,0.012446454235289995
0.7806650933107445,0.21056753932631694,0.008767367362941297
0.8949968681049277,0.10059869363549773,0.004404438259576777
0.40949866765470905,0.5790095241394684,0.01149180820582064
0.37348261021079604,0.6104580922254854,0.01605929756372159
0.7035814720297268,0.29233449787764054,0.004084030092633542
0.9042676900990119,0.08801369576226639,0.007718614138720021
0.7295271770389009,0.2597427375591702,0.010730085401930418
0.28451202794305513,0.6973246509418283,0.01816332111511502
0.40720320762317064,0.5694200606669167,0.023376731709911926
0.5135967429971386,0.47006063146582133,0.016342625537038004
0.8343244559496716,0.1622525576319319,0.0034229864183954865
0.17452152075106042,0.8138838384683215,0.011594640780618122
0.6543676732012835,0.34204956749104476,0.003582759307671436
0.5169224086439701,0.47204025052738974,0.011037340828639702
0.8769534646064228,0.11806215195082327,0.004984383442750831
0.7432840309468268,0.24864524691656675,0.008070722136604975
0.6028641264955912,0.3901059235133569,0.007029949991053239
0.6447988159345414,0.35316456454562983,0.002036619519828493
0.39041030293853984,0.5946439676160378,0.014945729445421064
0.672572812087486,0.3187230548377698,0.008704133074745357
0.8698215718152387,0.1272506832986806,0.0029277448860791835
0.5539769832778516,0.4310596821492502,0.01496333457289801
0.9003997350705842,0.0925726661537481,0.007027598775667617
0.38150836104404207,0.615018153143795,0.0034734858121608972
0.2460839497339321,0.7423751646615991,0.011540885604468996
0.46543757135159214,0.5181308293185191,0.01643159932988943
0.7869937113132219,0.2070922818705694,0.0059140068162087086
0.6057837531160654,0.3883248055622039,0.005891441321730641
0.7838322081060687,0.20840913193872723,0.007758659955205202
0.8955805212951726,0.10205192280365355,0.002367555901174934
0.6945972958045675,0.30080527113011213,0.004597433065320761
0.7781770775869212,0.21825630954190292,0.0035666128711744475
0.5221267297500994,0.46897417091385657,0.008899099336042392
0.34507733650762185,0.6058533458901353,0.04906931760224304
0.42682523251864396,0.5653036442739904,0.007871123207364198
0.47539783146439146,0.5166317286846138,0.007970439850995197
0.35675967708235623,0.6230187648315276,0.02022155808611755
0.46697295891290147,0.5207515367340166,0.01227550435307913
0.9091621538542122,0.08913741312841744,0.0017004330173697234
0.6779029178855486,0.3165111273338041,0.005585954780646997
0.44047900156791003,0.5528572181497685,0.006663780282319952
0.7832442972542046,0.20872330149087112,0.008032401254922845
0.6210206849072973,0.3624514081099793,0.016527906982723193
0.5820188611218143,0.4051010670143977,0.01288007186378576
0.5511901248916937,0.44365413815895177,0.005155736949352477
0.21070109420117122,0.7697358655937026,0.019563040205124282
0.5127999248585643,0.4668494382866441,0.020350636854790927
0.7327422220958093,0.2640593002874271,0.0031984776167648774
0.746707376324924,0.2442463777169234,0.009046245958153079
0.2987914575302406,0.649454650782083,0.05175389168767454
0.6778429064052759,0.30029085936170363,0.021866234233020428
0.6993980241277665,0.294121863486866,0.006480112385366876
0.16881008180140097,0.8255090106700307,0.005680907528568387
0.40323466431577376,0.5704838404274247,0.02628149525680198
0.49687002530344915,0.47702614045129016,0.026103834245259395
0.6223797886533204,0.3710231862636791,0.006597025083000735
0.5462808000020495,0.42445173139240583,0.02926746860554648
0.5858461625708304,0.3994608191756363,0.014693018253534152
0.6997709251481518,0.29839023371941253,0.00183884113243602
0.5971402772542868,0.3825303685985898,0.020329354147122086
0.8676207908672007,0.127342984159557,0.005036224973243014
0.8141537022771954,0.18183845063682982,0.004007847085974843
0.6814069014486394,0.315247691836396,0.0033454067149647575
0.2421211195715782,0.741003737858426,0.01687514256999467
0.6118245721250416,0.3789421132063904,0.009233314668565406
0.7292051596033028,0.26860881073250015,0.0021860296641938413
0.4103450378027358,0.5729916904192823,0.016663271777980805
0.3494522210744071,0.6350133167433785,0.015534462182214884
0.5946739099562143,0.40198235785193537,0.003343732191850641
0.6154052308914981,0.37950118413452777,0.00509358497397414
0.34223112159221075,0.6521135152116876,0.005655363196097821
0.5429654275912373,0.43951344479203264,0.017521127616729203
0.6392787774226331,0.34789412872430125,0.012827093853066223
0.7785750645173635,0.215507979249261,0.005916956233373254
0.46672430494711503,0.5206361314809067,0.01263956357197747
0.8745529468955633,0.12146529547540026,0.003981757629033871
0.5023091805103443,0.4932609126779941,0.004429906811661061
0.6896121370699279,0.30774240180154433,0.0026454611285294163
0.346675478691416,0.6228944810290337,0.03043004027955153
0.7795683701820258,0.2158051484174666,0.0046264814005062506
0.7899333611372061,0.20419019123654014,0.005876447626255329
0.37661738706463677,0.5905359871249372,0.03284662581042566
0.2765026170613987,0.7111269416277528,0.012370441310847958
0.3642050667087742,0.6088808221834712,0.02691411110775516
0.5778171054082107,0.4160154604393682,0.006167434152419665
0.45082341610284654,0.5224086116916231,0.026767972205530732
0.894187369730602,0.10190226463612526,0.003910365633272217
0.6436622586700281,0.341519195428923,0.014818545901047728
0.6707668552547738,0.3133496014721522,0.015883543273076405
0.7212235593421927,0.2703350287802591,0.00844141187754728
0.6467336772571695,0.34597615044375557,0.0072901722990771035
0.40131385055984675,0.5882016431969074,0.01048450624324462
0.48298348378824285,0.5039865512879427,0.013029964923813262
0.5031963705565385,0.484467174217555,0.012336455225906316
0.35631509726045496,0.6240660924886716,0.019618810250873118
0.35755352924670897,0.6225479085970061,0.019898562156283276
0.5296488802128282,0.46494173007781564,0.005409389709357776
0.7322950612722535,0.2643244033483042,0.0033805353794427256
0.6630441845372225,0.32922417790736963,0.007731637555407323
0.4283508330005532,0.5579738795455845,0.01367528745386061
0.20598866680333403,0.7911950407052926,0.0028162924913735844
0.7386961957211728,0.2540261180292055,0.007277686249619625
0.2593549326471523,0.7241627307300278,0.016482336622818568
0.28617688508965405,0.6974276926129206,0.016395422297423252
0.6112231643145901,0.3791194069599047,0.009657428725504012
0.47627395823275803,0.5191152442209352,0.004610797546307032
0.39021758459902345,0.6003622470595236,0.009420168341453424
0.5528288663393093,0.4350582945235952,0.012112839137094973
0.4748876707537502,0.5212632296400175,0.0038490996062321187
0.3950155448469587,0.5803744481080423,0.024610007044998848
0.6620536481450542,0.3326549784824459,0.005291373372500205
0.7167105153110656,0.2805100419151081,0.0027794427738246693
0.6148709407765537,0.37864988087539825,0.006479178348047654
0.37288606711567523,0.6112488327998048,0.015865100084518573
0.3586664272751869,0.6238182956561967,0.017515277068614783
0.7864375243838618,0.20389126755408504,0.00967120806205342
0.46370552503396123,0.5323174409337498,0.003977034032287667
0.7656894615361913,0.23144860952485324,0.0028619289389556373
0.6973651597140906,0.27812679662055845,0.024508043665353255
0.7629662849937913,0.2292901998777337,0.0077435151284749515
0.31673651764769867,0.6791992310348068,0.0040642513174943985
0.7054750443642697,0.29166501958661534,0.0028599360491170954
0.5441482038880783,0.43819172083401237,0.017660075277909394
0.14540643975814846,0.8301438025830108,0.02444975765884143
0.3638255607098115,0.6292637116734215,0.006910727616766006
0.6806663475072378,0.30517173067410586,0.014161921818657082
0.4916700321066786,0.48926219796944265,0.01906776992387915
0.7325281860071992,0.2574427842281774,0.010029029764624381
0.3727969916449948,0.6028253966400172,0.024377611714988666
0.505616308795321,0.48948813175641076,0.0048955594482688
0.5045076900672845,0.4735423687865249,0.021949941146190907
0.6980534587491215,0.2940649253068801,0.007881615943999554
0.7248108707850501,0.2722181328066919,0.002970996408259121
0.6288966247728179,0.35218013226193823,0.018923242965242882
0.470901459033741,0.5072311971547234,0.02186734381153576
0.26411790764237086,0.6987104172919298,0.03717167506570098
0.6353111787472463,0.35338434983368877,0.011304471419064262
0.517822684073846,0.47339280026768576,0.008784515658470032
0.5386685225446645,0.44885611535172276,0.012475362103612565
0.4759914706301794,0.5063523489181916,0.01765618045162926
0.42127802340805676,0.556388114027841,0.022333862564101966
0.6282509358571363,0.3666222292609473,0.005126834881917312
0.5275372899374318,0.44954578358888636,0.022916926473682323
0.4481815981919864,0.5200553081661067,0.03176309364190765
0.37413215270789585,0.6221674148456138,0.003700432446492485
0.41789512853347954,0.5598873944973245,0.022217476969196334
0.5687549543217149,0.41384252087991064,0.017402524798373793
0.4323504106782099,0.5504020086811157,0.017247580640674432
0.5923770527600083,0.3992375739243344,0.008385373315658607
0.5875300939631125,0.40007054168472783,0.012399364352159645
0.6495455479327875,0.3401493496264861,0.01030510244072624
0.7207383509991616,0.26768571410086417,0.01157593489997576
0.4880170488756103,0.5039543262265368,0.008028624897853656
0.6539203909276803,0.34117310903922726,0.00490650003309294
0.264339775760717,0.7259504221284072,0.009709802110875689
0.7157847691338706,0.2820766815924153,0.0021385492737144617
0.46408182283619864,0.5211842881381495,0.014733889025652296
0.4808554328744173,0.5124650701674046,0.006679496958179928
0.8195931286407702,0.17325809400089115,0.007148777358337646
0.5118669222244442,0.4807281659052865,0.007404911870268594
0.7422060800769189,0.2508539866683019,0.006939933254779021
0.5747114519254455,0.3919718133090057,0.03331673476554822
0.6223476513184294,0.3753811905009176,0.0022711581806553124
0.5128856689317297,0.46712566324090216,0.019988667827366694
0.6840204824303006,0.31179183819254286,0.004187679377155492
0.5311859521732287,0.462398620731159,0.006415427095612846
0.2507637707957134,0.7136135962072818,0.035622632997006604
0.7753493246086507,0.20877567162082122,0.015875003770524115
0.7281955089062889,0.2654675125354501,0.006336978558262722
0.38585743017300056,0.6002864247124314,0.01385614511456839
0.28171173560245855,0.6912279674680829,0.027060296929457398
0.6228315550923126,0.3619531312206153,0.015215313687073068
0.6635406662199534,0.3158960746470633,0.02056325913298194
0.6426905773560584,0.32919043376977386,0.028118988874167392
0.502711893486848,0.4896966873775904,0.0075914191355605145
0.7772335372850744,0.22071965015633288,0.002046812558592187
0.5164732329841446,0.46963265304271506,0.013894113973141078
0.5662840325156996,0.42170823001227364,0.01200773747202554
0.3592667508688527,0.6135239526861543,0.02720929644499443
0.5045076900672845,0.4735423687865249,0.021949941146190907
0.5117788390193657,0.48058772002927796,0.007633440951355805
0.39648479173686824,0.5936584785178766,0.009856729745257272
0.43087003167245036,0.5454702336118711,0.023659734715679077
0.5701978429032717,0.4255739788193622,0.004228178277366852
0.8421418153749027,0.1410812235578405,0.016776961067256565
0.6225886440013766,0.3659834217698058,0.011427934228817483
0.38640296026995596,0.6029324077801058,0.010664631949939527
0.656878348439255,0.33503214163189887,0.008089509928845018
0.38898831372389625,0.5814286624193041,0.029583023856797338
0.5867189037154136,0.39509082493296804,0.018190271351620966
0.7110435725252393,0.2817586278850101,0.007197799589749428
0.47577224695263237,0.508661361705427,0.015566391341939005
0.3829964272974173,0.5990552666329951,0.01794830606958805
0.31456741564889656,0.6761973094094151,0.009235274941688515
0.6724828658175437,0.31956659914132984,0.007950535041125313
0.9355439134180366,0.06298076451392047,0.0014753220680429576
0.2739936135696041,0.7213431336910995,0.00466325273929766
0.3826376130300863,0.6057317296498254,0.011630657320089346
0.6762524675721007,0.32090525018144117,0.0028422822464585135
0.4831747153144276,0.5066355806387726,0.010189704046798703
0.38495268996147425,0.6065542679039875,0.00849304213453796
0.4571901449269232,0.5385946588683614,0.004215196204714685
0.8299189870499911,0.16932590604461548,0.0007551069053916556
0.5543766904771443,0.44222837723735064,0.003394932285505359
0.7100401153447049,0.27927076719121574,0.010689117464079459
0.7890673630192659,0.20088766703904815,0.01004496994168565
0.8518802006661979,0.144524886127737,0.00359491320606652
0.7826289450023852,0.21209281435024058,0.005278240647374591
0.35177624411841013,0.6121580465453952,0.03606570933619415
0.5061227015991295,0.4792052845247244,0.014672013876146844
0.8123485638709588,0.18680915314147678,0.0008422829875649417
0.8461288621920713,0.14740913594033458,0.006462001867597679
0.3442373565471347,0.6406560578991547,0.015106585553708574
0.6585125330026436,0.30541769248458017,0.036069774512774794
0.19334706863998144,0.7261619222705092,0.08049100908950899
0.8348940565118216,0.16314412844558981,0.0019618150425881964
0.4959049425433912,0.49258473471588926,0.011510322740720103
0.6485632377224574,0.34251037639891346,0.008926385878629138
0.3172934909865461,0.669252187178894,0.013454321834560539
0.609640216038794,0.3792428844792685,0.011116899481939078
0.5801435255981289,0.4172105767959542,0.0026458976059147957
0.6242699650894917,0.3533272873107403,0.02240274759977003
0.5112560108611546,0.4814483838949323,0.007295605243913474
0.739561758474591,0.25637896753311584,0.004059273992293177
0.6286130555932252,0.36719639433335205,0.004190550073423986
0.6647708922040743,0.3241943782556073,0.011034729540320459
0.39155268864286763,0.5856327671158105,0.022814544241324817
0.786875052902594,0.2096261389341031,0.0034988081632996116
0.4684435592183949,0.5185511094528817,0.013005331328723162
0.4359691669295146,0.5478615943938421,0.016169238676640024
0.7958843990602212,0.20255950843758044,0.0015560925022002035
0.33293208301735916,0.6561398682841744,0.0109280486984667
0.544274118159466,0.44410982650789577,0.011616055332636963
0.5681954068904347,0.4197001338614652,0.012104459248102405
0.4332698762959087,0.552529746555698,0.014200377148393731
0.7903635527993299,0.2021972692155512,0.007439177985121174
0.7649824723363448,0.23270923690202872,0.0023082907616255254
0.41822137116109337,0.568696369504398,0.013082259334509511
0.5650231966743946,0.4203159959930062,0.014660807332599642
0.2741499210612801,0.7127540815725989,0.0130959973661211
0.4753273502668605,0.4915469530384149,0.03312569669472489
0.3394752666033778,0.6429833026026462,0.017541430793973682
0.5009489563726198,0.48003931049058507,0.019011733136795068
0.6545284614568838,0.34344681715018716,0.0020247213929278514
0.3101801696522988,0.636289365465508,0.05353046488219372
0.29177637985781657,0.6788829734295511,0.029340646712633936
0.4416936132136507,0.5538004325605353,0.004505954225815431
0.510674360615564,0.47557406821072434,0.013751571173711669
0.8189935162606718,0.17818360680362538,0.002822876935702255
0.7758436640918388,0.21887772188165647,0.005278614026503909
0.4008632242143312,0.5815070088925274,0.0176297668931406
0.48272063461255704,0.5055271610683563,0.011752204319086117
0.33711088531012506,0.642905624747926,0.019983489941949237
0.2194810741828533,0.7354357555848399,0.04508317023230592
0.663744701961976,0.3183877201112638,0.01786757792676051
0.4651622307933853,0.5237588019262326,0.011078967280382882
0.46362820208518524,0.5247451922531754,0.011626605661638617
0.4314003154341313,0.5576310033422045,0.01096868122366547
0.27896481213870006,0.709619230720787,0.011415957140512032
0.30168032281186036,0.6840407733168682,0.014278903871270919
0.6592586453414495,0.3185189552324593,0.022222399426089706
0.6165543083053378,0.37655389954405455,0.006891792150608493
0.6192592932454224,0.37460358180234704,0.006137124952230841
0.8504663322752858,0.14374531163859597,0.005788356086114538
0.4830758411808711,0.5030883192080609,0.013835839611066644
0.33974703000236134,0.648506747831486,0.011746222166152814
0.45519179843174395,0.5272385643214202,0.017569637246838535
0.6237202472254557,0.3667567570582527,0.009522995716291232
0.4967131924947975,0.4856028033267064,0.017684004178496422
0.3537166965200532,0.6387546031557537,0.007528700324195868
0.6001395581361944,0.39449846653006154,0.005361975333744554
0.6494493277435842,0.34457459739724905,0.005976074859166344
0.720288010797021,0.27318583947449754,0.006526149728483639
0.17175733319512898,0.7991310939186017,0.029111572886268342
0.6857023957790139,0.31061665551603207,0.0036809487049531977
0.2762916484674373,0.7137953854894972,0.009912966043066428
0.7027866355568911,0.29169310453748837,0.00552025990561898
0.9186309044927236,0.0774182155800236,0.00395087992725133
0.760653246469693,0.23168760675399083,0.00765914677631278
0.44254313053650135,0.5499250205578591,0.007531848905638175
0.44585331784008975,0.48397345229184696,0.07017322986806376
0.7302717993676643,0.25896328571587685,0.010764914916457341
0.7137879540642339,0.23253102231862122,0.05368102361714372
0.3138109112431527,0.6422779542801419,0.043911134476704056
0.29164566266321096,0.6993554793709236,0.008998857965866247
0.6164917761053849,0.373818946859718,0.00968927703489701
0.5440813743949959,0.44610661575865024,0.009812009846352773
0.3354272572053365,0.6563137945337378,0.008258948260924616
0.8501687323382116,0.14710559411949994,0.002725673542287954
0.39565119987615543,0.5678192324051059,0.03652956771873884
0.5416762814217714,0.4388835336664444,0.01944018491178441
0.7195909213565481,0.26967832558055815,0.010730753062891615
0.700217460602668,0.2978242453455208,0.001958294051811886
0.6285236256551815,0.3661526714013946,0.005323702943422421
0.7927334294598599,0.19672173695892786,0.01054483358121214
0.6847286883695172,0.30694113444000554,0.008330177190476847
0.6173769571300889,0.3621111797232633,0.020511863146651845
0.4754136279981624,0.5087560071307393,0.01583036487109688
0.4128490046638213,0.5574984598729609,0.029652535463219405
0.6121824604540018,0.37265023370719313,0.015167305838805396
0.7429102568804913,0.24403226990909904,0.013057473210411693
0.736452663630923,0.2506672612955818,0.012880075073493945
0.6636110930904587,0.3231109879291988,0.013277918980343433
0.6727604607320106,0.3230812797670454,0.0041582595009439114
0.7071693166972375,0.29073456252408947,0.002096120778670853
0.6035099932481801,0.38873120779655734,0.0077587989552623205
0.49520204483093166,0.48333954035062526,0.021458414818443725
0.5506275777537728,0.42504848311289495,0.024323939133333732
0.4377716607290495,0.5464786045377483,0.01574973473320307
0.4834300063141359,0.504163547436191,0.012406446249673424
0.30164825382514243,0.6689737533284251,0.029377992846429394
0.5276262848064647,0.45973507574013434,0.012638639453402128
0.5940097469134282,0.4017220563441014,0.004268196742471505
0.4672914213934174,0.5176143986013821,0.015094180005202207
0.37173751168617586,0.6035884082588119,0.024674080055010653
0.5376355891465411,0.447471685671782,0.014892725181677604
0.4101774472607891,0.5806594189460921,0.009163133793118897
0.44807150200336804,0.5406971043495281,0.011231393647104564
0.6093660183358223,0.3655522961608695,0.025081685503307527
0.55647714361979,0.4388207080022119,0.004702148377998667
0.7595820461050546,0.23649754985573299,0.003920404039210856
0.8033887597363524,0.18603242547624968,0.010578814787398208
0.6106819825734104,0.38572213201372585,0.0035958854128645486
0.8507194284527347,0.14483048903263876,0.0044500825146249505
0.6522581578681932,0.32396694901545103,0.023774893116355618
0.6922628373188281,0.30317849363100435,0.004558669050170477
0.696031722425208,0.29234534108912996,0.011622936485660916
0.6935889092882519,0.29963280542409415,0.006778285287654255
0.48182646993550937,0.5098885611043646,0.008284968960125963
0.7264270460114705,0.265110824462761,0.00846212952577037
0.6097858289525004,0.3793225197194793,0.010891651328019444
0.5284459729858656,0.4643769497335108,0.007177077280622727
0.4793041059114181,0.5028763360267492,0.01781955806183344
0.3148689010297575,0.6710606919759229,0.014070406994320115
0.47208922232013106,0.5231968811494854,0.004713896530384388
0.34256343958887847,0.6336331608951643,0.023803399515954834
0.6444805185502414,0.34570946630533766,0.009810015144422115
0.4947318461577401,0.49770324504183167,0.007564908800429053
0.9538401620312432,0.04477757146576137,0.0013822665029962356
0.5136700795794132,0.4649640531542555,0.021365867266332595
0.6341096886921369,0.3626604918174128,0.0032298194904517774
0.6960681198109581,0.27285662645813286,0.03107525373091042
0.36482768698217327,0.61665883136976,0.018513481648067338
0.7588437235503247,0.2287443648102111,0.012411911639466974
0.8032635731578989,0.19279315870693192,0.003943268135168637
0.2833779628701821,0.7052157399456976,0.011406297184120614
0.674602117559193,0.31597289115980987,0.009424991280996825
0.5300021065484968,0.44370716912224145,0.026290724329262667
0.8482801702883018,0.14530950913346702,0.006410320578230831
0.28569289407910586,0.7018049463103408,0.012502159610552484
0.4246085401050749,0.5648265679625522,0.010564891932373704
0.6818480547562268,0.31509731304985794,0.003054632193915501
0.5504648913997583,0.43467475365759267,0.014860354942646706
0.5606952773086995,0.43356024918887354,0.005744473502427575
0.5489511631015728,0.43852561020533154,0.012523226693095713
0.5590142513502314,0.4307436447393473,0.010242103910421688
0.34033452248887214,0.646907694707635,0.012757782803493222
0.7116022453356436,0.28034574386582267,0.008052010798532757
0.6941477018701655,0.2814461375856321,0.024406160544203033
0.401980448553739,0.5795790469098934,0.01844050453636766
0.6127231912641427,0.377548037052664,0.009728771683193247
0.5191516754931697,0.47427306247981954,0.006575262027011422
0.6385959433730968,0.35618315322097066,0.005220903405931915
0.2594159217651124,0.6898332116763641,0.05075086655852612
0.49627273009334516,0.4919648684268021,0.01176240147985304
0.6089049797567914,0.3813359158458751,0.009759104397332227
0.5996517035636486,0.39443874986790667,0.005909546568443697
0.7452588026014615,0.24871937079271447,0.0060218266058220705
0.13415515867314465,0.8545675112894613,0.011277330037393056
0.8106351679372938,0.1864549452828365,0.0029098867798681635
0.6182225225605383,0.36732599509660013,0.01445148234286211
0.6477177904887012,0.34006050562408274,0.01222170388721611
0.5663093496778777,0.4264888621788215,0.007201788143300896
0.48576927925098995,0.4810930556667111,0.03313766508229654
0.5738484411029944,0.416214321793549,0.009937237103455754
0.6409241767500874,0.34471895556048926,0.014356867689423581
0.7155290306138128,0.27239014743818857,0.012080821948000357
0.5871013559000833,0.4056999531330074,0.007198690966908775
0.7029872555104865,0.28892045036348857,0.008092294126022723
0.7622629155253392,0.23056513483748658,0.007171949637175573
0.5197667289010144,0.45491121101477516,0.02532206008421214
0.5549036258142881,0.4364048678837247,0.008691506301988505
0.35808767081556697,0.6208327780536645,0.021079551130769928
0.22506075339015147,0.7663760401415647,0.008563206468282495
0.7636649866184054,0.23179736254749245,0.004537650834102935
0.45977046188110027,0.5323995622513499,0.007829975867551695
0.35943610449337293,0.6244969970975054,0.016066898409120827
0.3766377406346615,0.6067184930491869,0.016643766316152518
0.6793630568780613,0.3128167343318044,0.007820208790133076
0.5790195280015021,0.4023669360500817,0.018613535948417106
0.5997966251861334,0.39183441270954994,0.008368962104316289
0.5646612977509272,0.4152364231063897,0.020102279142682034
0.47572811559901723,0.5157802063243604,0.00849167807662176
0.2596909640052037,0.7277274081323327,0.012581627862464358
0.5865928773566759,0.40926569204509095,0.004141430598233229
0.46936450824414644,0.5020097906539212,0.02862570110193331
0.7144578618431331,0.27646070430477004,0.009081433852097176
0.5693364785856359,0.4183101847759159,0.012353336638447772
0.6118965285099798,0.372556875214576,0.015546596275446722
0.4175959259944644,0.5584290108685162,0.02397506313702065
0.7703570331836591,0.2264365436330535,0.003206423183285293
0.8766837474697646,0.11807354103906628,0.005242711491166978
0.32924004867630163,0.6566492910352415,0.01411066028845525
0.21457562922733187,0.7611540122382485,0.024270358534421825
0.7153682814312196,0.27429915679460964,0.010332561774170789
0.3585069790842459,0.6286595602018635,0.012833460713889001
0.9291575984444383,0.06892225137375492,0.0019201501818060258
0.9021695284969239,0.09521506026940356,0.0026154112336722168
0.34064451972849064,0.6227949873971899,0.0365604928743187
0.26535786336868405,0.7122895059221801,0.02235263070913435
0.3863770627761152,0.6043275548246314,0.009295382399252986
0.1896267256263943,0.8017702888270548,0.00860298554654966
0.6957839450994344,0.29453526384507295,0.009680791055491376
0.8773547131575052,0.11924412457391834,0.0034011622685760014
0.42001114655496674,0.5690365201883633,0.0109523332566698
0.44062401445656063,0.5545518025763948,0.0048241829670439525
0.33935827943821334,0.6538443815353502,0.006797339026435981
0.811718751208995,0.18711226696739272,0.0011689818236116554
0.5384509676840604,0.44097896423442673,0.02057006808151253
0.8175496231914561,0.17619090657361072,0.006259470234934981
0.4924193746868181,0.4948039165704673,0.012776708742714983
0.6237930425185182,0.36851510313782165,0.007691854343661865
0.309573532872184,0.6550214836702193,0.03540498345759804
0.3258463128144665,0.6442848572611222,0.029868829924410218
0.712391739621345,0.2825865562634063,0.005021704115250652
0.7204021611065236,0.27065646605902344,0.008941372834450102
0.6660324066442994,0.33024612642948425,0.0037214669262174436
0.3798467403962445,0.6061144731344709,0.014038786469282595
0.6347117638994859,0.35158364460581076,0.013704591494701102
0.3657567509052918,0.6236067978823232,0.010636451212384752
0.2901044978386132,0.6965827060695864,0.013312796091802113
0.8446235264681994,0.13901252716700693,0.01636394636479239
0.44206011846715504,0.5406424007863476,0.017297480746497854
0.6700409879393698,0.31383693326903034,0.016122078791598597
0.22771896954614243,0.7562246819807096,0.016056348473150045
0.24419701687969642,0.7458712690717065,0.009931714048596097
0.432968530479786,0.5429776670523184,0.024053802467895572
0.2035666841156276,0.7885946920812376,0.007838623803135226
0.30618353571995366,0.6366482389598224,0.05716822532022461
0.5519583370374552,0.44066198116654054,0.007379681796003681
0.6656404173567227,0.32608837655005407,0.008271206093222428
0.30921262974603697,0.6764059038676151,0.014381466386348718
0.713646127724788,0.28098760076426216,0.00536627151095048
0.6664495487454066,0.3266897143729362,0.0068607368816583705
0.6663620800031472,0.3245554381364084,0.009082481860441527
0.33711088531012506,0.642905624747926,0.019983489941949237
0.651996590879891,0.3432819752994081,0.004721433820701129
0.7706724371946576,0.22644508031517455,0.0028824824901690057
0.42931212769231625,0.5581714383011921,0.012516434006491639
0.5212833143095207,0.4615373538297582,0.01717933186072038
0.5280216134171767,0.4517535144142792,0.02022487216854401
0.2999624877867682,0.6756727076622284,0.024364804551004635
0.42590097149904416,0.5548491655486824,0.019249862952274478
0.34531751607088174,0.6362057221600549,0.01847676176906219
0.7181428252783171,0.2753442861627505,0.0065128885589297685
0.414686372502427,0.5767886326613494,0.00852499483622217
0.4123940644573237,0.5806862752709692,0.006919660271706731
0.5403594591405689,0.44037509462193397,0.019265446237498377
0.5108944296631645,0.46653147685792623,0.022574093478908302
0.5192115052120944,0.47173414236877376,0.009054352419132185
0.5957422482099162,0.3679011304909387,0.03635662129914626
0.6513455244535903,0.32732152022603905,0.021332955320371872
0.5255560570928058,0.4604064243998018,0.01403751850739324
0.23777381366082886,0.7438125572791264,0.018413629060044255
0.20406141528028227,0.782959480879689,0.012979103840027803
0.2430948695631486,0.7476436443455368,0.009261486091314223
0.4317482954434589,0.5557741367551216,0.01247756780142129
0.3070085729449372,0.68247592905535,0.010515497999715111
0.41548260028454753,0.564764712283641,0.019752687431813274
0.5610040178784939,0.4297239784812977,0.009272003640208698
0.606239328314654,0.38646460676726535,0.007296064918082785
0.4780564146352766,0.5092615998845508,0.012681985480171241
0.8605519873080415,0.13673809250313299,0.002709920188825739
0.47226494022390303,0.5146681496664879,0.01306691010961095
0.668625691812384,0.32285610878079923,0.008518199406817369
0.40702133031296767,0.582733269433202,0.010245400253831612
0.6858286374917975,0.3049797314759179,0.00919163103228388
0.6935132803070404,0.2946129653062246,0.011873754386734646
0.8787100681068599,0.11975696106168876,0.001532970831448727
0.4740068385647083,0.5205800110359065,0.005413150399386394
0.4445948356100705,0.5490043104716447,0.006400853918285113
0.6660452836854255,0.3054656172158699,0.028489099098705083
0.5032620770877937,0.4908481255677889,0.005889797344418082
0.33275537883843453,0.6568698357371909,0.010374785424372998
0.8207794864862702,0.17060467056540357,0.008615842948326721
0.26550733732370363,0.6869962525750982,0.04749641010119796
0.7116155444438401,0.285202914328998,0.0031815412271618744
0.5489236602570445,0.44424497762492193,0.0068313621180359
0.7337074500287599,0.25552552419516694,0.010767025776069507
0.675321802647284,0.31684908559701835,0.007829111755700072
0.5459448038331586,0.4310315388252208,0.02302365734161981
0.8000930449345969,0.19278038652591806,0.00712656853948865
0.4567604260084592,0.5328704545794403,0.010369119412101136
0.5780348258516733,0.4110300230211996,0.010935151127127696
0.44988827567488,0.5339442999683522,0.016167424356768836
0.5612664541183103,0.42749172764076343,0.011241818240928375
0.374843882953927,0.6050592307255607,0.02009688632050998
0.37742258254000405,0.6116711642753581,0.01090625318463889
0.7171758979563787,0.27694323352671607,0.005880868516903724
0.2959618851420444,0.6783756544027089,0.025662460455244004
0.5472574228467181,0.42701305521981914,0.025729521933463395
0.9192437285346003,0.07769728768441442,0.0030589837809829536
0.6688558272265359,0.3221456506607546,0.00899852211270837
0.5843778341530139,0.38866305759489334,0.026959108252090726
0.311420072719728,0.6743088858264951,0.014271041453774756
0.3505042153779159,0.6391564691880732,0.010339315434012123
0.41983269106573734,0.5603203657486107,0.019846943185650067
0.5530356281834211,0.4416506993892448,0.005313672427335327
0.37395427480388244,0.6087622645471039,0.01728346064901556
0.6488508622053499,0.347409133686724,0.0037400041079249844
0.5060290865101105,0.4915928301530932,0.0023780833367969207
0.6286016200316324,0.36739842001074585,0.003999959957620705
0.4285648702990598,0.5649201941700684,0.006514935530872066
0.5259753005714302,0.463102499507,0.010922199921568796
0.3154479127363988,0.6754137631479288,0.009138324115673307
0.3740357231820247,0.6091044660877093,0.016859810730266274
0.24009537310849818,0.7468933492723583,0.013011277619143615
0.45716593256430427,0.535419095838492,0.007414971597204538
0.65852887840266,0.3345994390996916,0.006871682497646951
0.397964260806178,0.5738728464441715,0.028162892749651888
0.5331679951557537,0.44967371221800645,0.017158292626239774
0.5719474913793091,0.4175264993479729,0.010526009272718304
0.4411758406547562,0.5478246049560074,0.01099955438923493
0.38020091060971484,0.602989485097597,0.016809604292688123
0.5661937507180035,0.4227166133745297,0.011089635907467822
0.7813668784987219,0.20587507324278573,0.012758048258491486
0.32794735886043086,0.657320131790503,0.014732509349066992
0.7214933117959436,0.2735786433174278,0.004928044886626415
0.5221987562695329,0.46673620537958094,0.01106503835088784
0.7809772177999873,0.20173467146245186,0.017288110737561712
0.5962743936516666,0.39125360193304887,0.012472004415284427
0.32761364061431697,0.6594021208421992,0.012984238543482319
0.8353559083911506,0.15873799705570005,0.0059060945531490385
0.8481784125378709,0.14823955239542116,0.003582035066708672
0.5931974019911213,0.4005466619461362,0.0062559360627446135
0.23226623015268877,0.7372177336231583,0.030516036224153095
0.38658676011619475,0.597333603227994,0.016079636655810324
0.6545320062218262,0.3438326386395097,0.0016353551386659294
0.8084160433030938,0.18394375079764458,0.007640205899261623
0.35224579231201886,0.6365942762126616,0.011159931475320553
0.3508038529216011,0.6422922279435458,0.006903919134854
0.4743828839264574,0.5161286488551703,0.009488467218374689
0.7551379606420533,0.24070011153024404,0.004161927827702147
0.7282007925543239,0.25514525609513433,0.01665395135054171
0.9593091757273429,0.039126954245991184,0.0015638700266638367
0.3306631786412432,0.6520055621020141,0.017331259256742507
0.29832681434227964,0.6970563288149968,0.004616856842723114
0.8814738888356491,0.11411681640481273,0.004409294759538923
0.6038648566708162,0.38912221597278135,0.007012927356404292
0.4474262704414557,0.5359556968839821,0.0166180326745605
0.49619520822609375,0.4628087950101955,0.04099599676371047
0.357721252255132,0.623185438025329,0.019093309719537117
0.6544410492098599,0.33256407952603034,0.012994871264108653
0.3670992371410498,0.6194668681222737,0.013433894736676225
0.5802634618250757,0.4114674452906797,0.008269092884241974
0.8532113943193919,0.14220723697644744,0.004581368704162484
0.14763213429203514,0.8426528219112835,0.009715043796680927
0.8178693049253221,0.17539397266225626,0.006736722412421287
0.6385358535510048,0.3496954465326946,0.011768699916303006
0.5852616878486313,0.39245563491054264,0.02228267724082826
0.9140606291849415,0.0762302133122204,0.009709157502837377
0.5001862133975381,0.4847023226935647,0.015111463908896216
0.5591610009504545,0.42542581930079093,0.015413179748755324
0.829956387105535,0.16536076432827113,0.004682848566191354
0.6855438164025606,0.31170254310128304,0.0027536404961586354
0.47947289810891214,0.5114982787680521,0.009028823123036683
0.302184503956881,0.6885021494789956,0.009313346564125644
0.4108741126369298,0.577290610949974,0.011835276413094281
0.7473582820786984,0.24668903600970138,0.005952681911602393
0.5586479699898333,0.43522251958725966,0.006129510422908189
0.3863905618089311,0.5972555224561775,0.016353915734890246
0.7604155287528546,0.22893384503070013,0.010650626216444834
0.6159072583440086,0.379642332638946,0.004450409017045142
0.4370306732208452,0.5441644745585295,0.018804852220624203
0.5411239079299291,0.4495285984290603,0.009347493641011725
0.39272263002676966,0.5858845942183537,0.021392775754875342
0.3138197804742217,0.6636121233582882,0.02256809616749188
0.3824202658399606,0.610037951005265,0.007541783154772911
0.8441101669809428,0.15010593567377964,0.005783897345276269
0.45157564021188484,0.5295115618946737,0.01891279789344066
0.6287844649286695,0.36050073147831563,0.010714803593015593
0.31930343555286084,0.6589490514814722,0.02174751296566583
0.39786457063862424,0.5499382904501561,0.05219713891122017
0.6408357174200698,0.35410088780158383,0.00506339477834787
0.6027970331625327,0.3899553516065054,0.007247615230961241
0.6576891074851047,0.3308523332848114,0.011458559230083327
0.5864627098231037,0.4076763291005705,0.005860961076324104
0.37258392209825647,0.6217804926513485,0.005635585250397371
0.6793790776384276,0.31752056355948244,0.00310035880208947
0.6074172772128522,0.3854304277752693,0.007152295011877392
0.8889878158865165,0.1078309898665712,0.0031811942469135842
0.5745939632045299,0.4210961374231003,0.004309899372369287
0.5954038171462644,0.3961094079708901,0.008486774882847133
0.7754853996760149,0.22161059851197856,0.0029040018120058994
0.6774024128095655,0.31683245561130996,0.0057651315791251625
0.8177581216029868,0.1769115326644058,0.005330345732609103
0.7735449644543603,0.22464235054322892,0.001812685002407514
0.6747474249758233,0.32076343538163343,0.0044891396425456075
0.6981968650137828,0.29465402779853944,0.007149107187678029
0.3074036153507505,0.6608456277591886,0.03175075689005954
0.41981394560006047,0.5470934349215748,0.033092619478364164
0.6896242228335606,0.30432934870712647,0.00604642845931101
0.589150866664228,0.3928583291886104,0.017990804147161386
0.9176056922838004,0.08094003039966965,0.001454277316529178
0.6731741862992403,0.32341711872091344,0.0034086949798454304
0.612880590361678,0.3732903798557635,0.013829029782558245
0.5364338730853423,0.4577856145676806,0.005780512346976159
0.7969983816047014,0.20033436957867712,0.0026672488166184856
0.30575576881151767,0.6889374802346936,0.005306750953787388
0.5337675471189887,0.4511852599933628,0.015047192887649304
0.38379941762707115,0.5984684437135059,0.017732138659422678
0.6150445640570139,0.3690402436867831,0.015915192256202536
0.7723142044088033,0.22478964441333607,0.0028961511778610675
0.6034537972212958,0.38914309204081804,0.007403110737886538
0.45465399261113226,0.5403798571273182,0.00496615026154899
0.2971309558237562,0.6318026590135376,0.07106638516270715
0.5114060573931413,0.4827011860036569,0.005892756603202717
0.4971823762096585,0.4816382345775666,0.021179389212774024
0.6019904440222541,0.3888399019443533,0.00916965403339224
0.2579513230837099,0.7196650287365963,0.022383648179693932
0.777747127011144,0.220647198331806,0.0016056746570498022
0.7803127789976293,0.21329616030208717,0.006391060700282958
0.6396557242872369,0.3572173187188236,0.0031269569939403933
0.8269846452953764,0.1616106099096725,0.011404744794953814
0.611866252945914,0.3738484564350549,0.01428529061903091
0.6404841740572497,0.35701751892509836,0.0024983070176521917
0.3836799447369528,0.5924272865652727,0.023892768697774243
0.7950746053441538,0.20177206698146619,0.003153327674377966
0.5267666103535461,0.46908718986153225,0.004146199784920405
0.49856131676682097,0.49148936487354294,0.009949318359636326
0.3053872961329773,0.6786365895390942,0.015976114327929506
0.1631244534612738,0.8137414942317948,0.0231340523069317
0.6127707755695772,0.3783651806404295,0.008864043789994242
0.586435526213678,0.4074617316689608,0.006102742117360198
0.835470143047534,0.15584466081937046,0.00868519613309568
0.24548210172526105,0.6881745987605887,0.06634329951414844
0.8374752931217979,0.16082920850599222,0.0016954983722100498
0.6322032668969804,0.3518539437662669,0.015942789336755567
0.7747124027423664,0.2208642951295967,0.004423302128036581
0.44273908468052453,0.5228855673907713,0.03437534792870475
0.6791024673721323,0.317745308919393,0.00315222370847352
0.5310490805111815,0.43225491749974715,0.03669600198907177
0.5795484857635594,0.4163759670116496,0.004075547224791561
0.5760960372291142,0.40384487085128756,0.020059091919598846
0.7921705273522484,0.20481290965273272,0.003016562995017256
0.2702508449234472,0.7204257807796283,0.009323374296925886
0.798631039785566,0.19760765926851545,0.003761300945919448
0.26327419436158,0.6893623049337113,0.04736350070470821
0.6918829880442108,0.2998646170012656,0.008252394954524523
0.5156518469252204,0.4618174073831451,0.022530745691635674
0.25377757413580293,0.7373072086301704,0.008915217234026346
0.7276171527189098,0.26061764559493555,0.011765201686154247
0.427264113275053,0.5478642138439435,0.024871672881002168
0.29577367431882645,0.6951207040120547,0.009105621669119594
0.7914824791212794,0.20272516267931548,0.005792358199406567
0.6075406834756201,0.38071638292498317,0.011742933599396826
0.5462482221167244,0.440895980724997,0.0128557971582799
0.33719510475019293,0.6471078658359912,0.015697029413814564
0.6118097950833187,0.3785329224158802,0.00965728250080178
0.14970594225046427,0.8284724898226881,0.021821567926848362
0.4740320091548285,0.5226350665779536,0.003332924267216554
0.7562697084363197,0.2389140073691453,0.004816284194535489
0.480189385707326,0.5039643602717755,0.015846254020897836
0.4750353995364796,0.5145036025709849,0.010460997892535937
0.5612208825752625,0.43327929748906907,0.005499819935669346
0.7885099450399238,0.20766600321342235,0.0038240517466556377
0.6315306298931084,0.36550736585699656,0.0029620042498931525
0.5464028488991565,0.43181903612976286,0.021778114971082816
0.2579862033797818,0.7302896941493819,0.0117241024708372
0.6202762165021017,0.37114521990975713,0.008578563588143042
0.7084829037814171,0.27722295038387523,0.014294145834707686
0.64200969096153,0.3487273306263452,0.009262978412125946
0.4686460970201148,0.4989060997000675,0.03244780327981662
0.2041752524429189,0.7715926184485659,0.024232129108513877
0.7207456434725471,0.2635081714561048,0.015746185071345373
0.35579941945436344,0.6381518179408195,0.006048762604816957
0.43261035691067634,0.5533181607494654,0.014071482339859227
0.24063569196484055,0.7088755752748326,0.05048873276033026
0.2563318857303216,0.7281049988894503,0.015563115380227767
0.6029251208475547,0.3880083710792623,0.00906650807318363
0.5558729863770895,0.43936729395338253,0.00475971966952599
0.2960293216878488,0.6690801210546509,0.03489055725750135
0.559140644167428,0.4354176865662688,0.0054416692663054175
0.7867660858425932,0.20700017471326057,0.00623373944414354
0.8402116091169898,0.14676049276624645,0.01302789811676242
0.46240824529040936,0.5124390659802848,0.025152688729306448
0.820485508838619,0.16649024716145702,0.013024243999923048
0.6375025076094413,0.3507704397843877,0.011727052606167732
0.37466103157996955,0.5904341979609252,0.03490477045910404
0.6389323844324456,0.3514976204125694,0.009569995154984084
0.3995738235129714,0.5777189327024296,0.0227072437846005
0.4148433355605668,0.5550071256252572,0.030149538814174613
0.7724885946982506,0.2067809988685976,0.020730406433151535
0.24720711239511106,0.7050300742148784,0.047762813390012177
0.5452861890784461,0.42686154055154985,0.027852270370003537
0.39405519339391937,0.5915027536724873,0.014442052933593675
0.6048751249319567,0.38410418561512943,0.01102068945291315
0.3465002383959507,0.6363672338208508,0.017132527783198296
0.5926802044226407,0.38592989778281206,0.021389897794546836
0.649933427983722,0.3477294852028329,0.002337086813445661
0.6565381937747641,0.33540386057153176,0.008057945653705125
0.7807471220977269,0.21580341585255172,0.003449462049719641
0.9103166066024972,0.08655992990503084,0.00312346349247197
0.4077805360134307,0.5836537598655711,0.00856570412099781
0.7194746073021163,0.275762371149456,0.004763021548426452
0.47062282794352633,0.5283400555221479,0.0010371165343272166
0.24088517512092872,0.7281163570469883,0.030998467832084275
0.4719859222213106,0.5054687967142264,0.022545281064464243
0.770319558667033,0.21809047632775636,0.011589965005211016
0.7320763425857387,0.26410753554163163,0.003816121872628997
0.36776932920538374,0.6111617819148897,0.021068888879726497
0.3122733716122664,0.6713626136095155,0.016364014778217428
0.4637375606945069,0.5119594521623769,0.024302987143116895
0.1565073063680455,0.8142946743958961,0.029198019236057162
0.23723565331565855,0.7001626796167886,0.06260166706754948
0.5291300601558122,0.4575934555724251,0.013276484271762446
0.4259015341314397,0.5574698358203865,0.01662863004817522
0.6576492933033121,0.327732960924299,0.01461774577238873
0.7370776364338218,0.23893845684196244,0.023983906724215368
0.23667181494867412,0.7555106611190306,0.00781752393229296
0.6584125763214099,0.3308021429759379,0.010785280702652134
0.6117679141605034,0.383989073081465,0.004243012758032407
0.5607530583849838,0.40576430641393796,0.03348263520107972
0.6274741416261463,0.36590958515976313,0.006616273214090565
0.23999302615703677,0.7491620372817238,0.010844936561238359
0.4410097556777431,0.5544273766161035,0.004562867706153361
0.7645530672692773,0.22770563401757876,0.007741298713144765
0.5698851787036051,0.42292165099439816,0.00719317030199578
0.6680961480957248,0.31756361115484266,0.014340240749432367
0.33148124152252306,0.6584653229702174,0.010053435507259212
0.4065746402195957,0.5820809300461828,0.011344429734221203
0.7183241653253688,0.2751569635601633,0.006518871114465927
0.594284036235044,0.39576438613160714,0.009951577633348906
0.7542161664981917,0.24056298156614905,0.005220851935661726
0.6967875896321841,0.29498393005672896,0.008228480311085919
0.6318347961752718,0.3578375044902786,0.010327699334450156
0.31674417980770264,0.6609956103733731,0.022260209818922596
0.6100123064237374,0.38342296980323076,0.006564723773034317
0.7340348829703276,0.2583508141973675,0.007614302832302321
0.5778571839507678,0.4194675712063127,0.0026752448429209967
0.7953305586851379,0.20096049604530253,0.0037089452695601077
0.7044860087107027,0.28179949567453144,0.013714495614764939
0.47948820165955625,0.5002568767475993,0.02025492159284404
0.37626464951401556,0.6102321054359598,0.013503245050024123
0.4502300167429385,0.5363702544711382,0.013399728785923874
0.3112435088673875,0.6763964751531638,0.012360015979449024
0.25239592356124985,0.7288318983562877,0.01877217808246287
0.7821713410892265,0.20696919697334742,0.010859461937428443
0.3578213622353229,0.6142362689528408,0.02794236881183684
0.5336642033450291,0.4589764219827988,0.007359374672170144
0.5744790502111335,0.4210951523953001,0.004425797393565745
0.7848733914312964,0.21135767731448332,0.0037689312542201394
0.43755072207258816,0.5453660597112066,0.017083218216204857
0.564812350708038,0.4215455359588383,0.0136421133331247
0.637569900909838,0.3427734097546925,0.01965668933547097
0.5668188413226491,0.4111712278200377,0.02200993085731309
0.5919605928421892,0.4031948040672159,0.004844603090596273
0.8822340855224428,0.11375310525026733,0.004012809227290017
0.419071935440673,0.5682878515478866,0.01264021301144105
0.2848499429147493,0.6745320866252664,0.04061797045998662
0.7168346468978124,0.2727085977358417,0.010456755366345681
0.7004106040128619,0.29221213617991426,0.007377259807225176
0.5727963309634309,0.40375552535373377,0.023448143682834308
0.5622256701219324,0.42571192288711324,0.012062406990952955
0.15694489939871356,0.7461460239809488,0.0969090766203378
0.573611966496764,0.4113002851954441,0.015087748307790763
0.7224311217932233,0.2729724914048953,0.004596386801881054
0.3531315368095006,0.6389815730963461,0.00788689009415313
0.5215283934089101,0.4458289884170855,0.03264261817400387
0.7178710656479106,0.27418349593564323,0.007945438416443627
0.2722487044026594,0.6866359516264694,0.04111534397086877
0.4919912371684973,0.4984745323783273,0.009534230453174782
0.8793402098391832,0.11889836134399795,0.0017614288168177684
0.839105535841413,0.15688379937663383,0.004010664781953327
0.6329859515450953,0.35212608636900206,0.014887962085901645
0.6848017235697295,0.3053383988970399,0.009859877533232558
0.6554092073605762,0.34185074947389865,0.0027400431655258974
0.3938312876953815,0.5991857945461551,0.006982917758464911
0.5909289055368689,0.38172951912063535,0.027341575342495397
0.7019894563532787,0.2561303986070312,0.04188014503969178
0.9414896013090109,0.05503938008777903,0.0034710186032090593
0.2415032255135942,0.694567432410072,0.06392934207633395
0.6032405654246615,0.3944154184998411,0.0023440160754979395
0.78871565855638,0.20423300706068398,0.007051334382935177
0.570269995059476,0.4262444708952193,0.00348553404530418
0.7310683215883229,0.25876085969064755,0.010170818721031162
0.255541079788298,0.734760666532591,0.00969825367910926
0.38025663062494286,0.589549927799473,0.030193441575584665
0.5698229098326317,0.4221670548459441,0.00801003532142377
0.5443256667526154,0.43079979605997587,0.024874537187408535
0.5751749604842461,0.4154777411503572,0.009347298365395992
0.40028260433532703,0.5767237044528141,0.02299369121185876
0.46053183471801107,0.5342019209926238,0.0052662442893640395
0.7293043477227885,0.26143616940055675,0.009259482876654589
0.6192859429947501,0.36511279401996977,0.015601262985280714
0.5453281006063402,0.4418389115949872,0.012832987798670087
0.880568359207449,0.11444022117102032,0.0049914196215302435
0.44902525242231006,0.5334645407836874,0.017510206794002798
0.6818099507833504,0.31204360904849243,0.006146440168158985
0.46433853891274784,0.5305752148734559,0.0050862462137973045
0.6259305613068331,0.37112600478389357,0.0029434339092713757
0.5543890660454146,0.43006421340801587,0.015546720546571434
0.6413731062462704,0.34947051657399236,0.009156377179740324
0.3141552165029362,0.673247837055234,0.01259694644182867
0.5602166722115612,0.42882738377381374,0.010955944014623352
0.48017712990556527,0.503907054464787,0.015915815629647175
0.3651121903565818,0.5799127512789111,0.054975058364506627
0.21558231841183198,0.7053090312551754,0.07910865033299333
0.5348880568453833,0.45034895146664133,0.014762991687975948
0.49800682963891607,0.485147909030322,0.016845261330761325
0.7874248906691331,0.20919038856153543,0.0033847207693322853
0.25222787496407606,0.7422335500019814,0.005538575033942355
0.5609815931572721,0.43645128107946723,0.0025671257632612476
0.6021063911883056,0.3896782496109988,0.008215359200695363
0.7182656066758285,0.2783024996711256,0.00343189365304351
0.6573166375717427,0.33617844194939217,0.0065049204788627055
0.2202326046053296,0.7423700794876399,0.03739731590703008
0.49221072169620156,0.48587377174048735,0.021915506563309588
0.33779393400099106,0.6390265853200422,0.023179480678967235
0.5086124398605453,0.48170219445118656,0.0096853656882697
0.33506605042445536,0.6003681693195414,0.06456578025600197
0.5652064167775035,0.4283382924787756,0.006455290743719231
0.5448546489063733,0.4389023326358825,0.016243018457744885
0.758766587574877,0.22183504967298984,0.01939836275213242
0.7586702081019454,0.23293775371822667,0.008392038179828979
0.29974890221304556,0.6830698849501269,0.017181212836827213
0.4616897891021465,0.5280176872036094,0.010292523694246039
0.42292843890168025,0.5650472599789655,0.01202430111935574
0.5987519883821325,0.3916240431782181,0.009623968439647048
0.4653058547547275,0.4978095579008938,0.03688458734437978
0.24139436156845626,0.6954974189180908,0.0631082195134543
0.5226996568337545,0.46060089730470444,0.01669944586154089
0.35510068685293283,0.5975403544272002,0.04735895871986848
0.3955856445904024,0.5948623269995266,0.009552028410070976
0.25743637733289676,0.7328407836969528,0.009722838970153039
0.7279338924942075,0.24758295346840745,0.024483154037383305
0.604447253667298,0.38947233964457223,0.006080406688129623
0.315632582618221,0.6347169464571285,0.049650470924648936
0.8161091925345392,0.1762048863148585,0.007685921150605917
0.3627547545521566,0.618215506630362,0.019029738817483086
0.7430605157242287,0.253020883413089,0.003918600862683482
0.49039211382919046,0.48089102145536045,0.02871686471544881
0.3791371669135879,0.6085886567113321,0.012274176375079968
0.47368631789559507,0.48912040494817866,0.037193277156225876
0.7286959588776719,0.2621996984680489,0.00910434265428016
0.3638576118424672,0.6294223256047934,0.006720062552738474
0.674304780245692,0.3182787182875971,0.007416501466710618
0.23524850791116245,0.7285416615179404,0.03620983057089577
0.35231618468385,0.6395137416449863,0.008170073671163881
0.6190111652848924,0.37267136092170483,0.00831747379340248
0.7273661421466081,0.26420977387124894,0.008424083982141244
0.8337865685585457,0.15798835293598876,0.00822507850546542
0.7686543296196378,0.22450447208541977,0.006841198294943476
0.37602770250727996,0.6192096512955886,0.004762646197129502
0.26244183384481284,0.7011735476475105,0.03638461850767538
0.874746947223408,0.12284633155646607,0.0024067212201247397
0.28623768602313904,0.708468738630576,0.005293575346284782
0.43848214363859045,0.5262622364960509,0.03525561986535916
0.7844203231734289,0.20710057976198135,0.008479097064589792
0.18949139110490912,0.8027908805971532,0.007717728297937503
0.4641165977529857,0.5256101915228366,0.010273210724177995
0.60611129956048,0.3814637755441679,0.012424924895349857
0.23706255010969254,0.7293132370507543,0.03362421283955076
0.7327460330096143,0.26349073492207026,0.0037632320683160373
0.673068909769705,0.32428779426713567,0.002643295963159135
0.6359760682657927,0.3401189419638482,0.023904989770359288
0.6252562657423386,0.35709555979512375,0.017648174462538187
0.7588377494559192,0.23701460860115497,0.004147641942924056
0.6874776708060103,0.3044684734942398,0.00805385569975075
0.4165216219662595,0.5764548970428558,0.007023480990884326
0.6550060080395086,0.3396414332799135,0.00535255868057783
0.442474631533952,0.5492646941420587,0.00826067432399142
0.6618520958582521,0.3213687776331389,0.016779126508609483
0.7163804427289715,0.2767918043524428,0.006827752918586732
0.47996006843764094,0.5073436433233118,0.012696288239047013
0.6169273591712889,0.3771951772014279,0.005877463627283265
0.6074130795838305,0.3885589443516607,0.004027976064508109
0.520577826822456,0.4610483829197141,0.018373790257827892
0.583517617843206,0.40705399816735593,0.009428383989439649
0.4373966642742414,0.5555956144135409,0.007007721312216417
0.22647548232059758,0.75863414294773,0.014890374731673981
0.893236531215056,0.10536236796055899,0.0014011008243833753
0.21895376110979167,0.7437896074806092,0.037256631409599734
0.6107038360637463,0.3705620011084545,0.018734162827798936
0.3093742798134146,0.6579535156725194,0.0326722045140636
0.22676436848433015,0.752220498403445,0.021015133112225935
0.22844674401173332,0.7634727836185692,0.008080472369698097
0.8392614434883128,0.1570623541612304,0.003676202350456272
0.7549973910920712,0.23836454790276831,0.006638061005159564
0.3205192788426264,0.6721086541222252,0.007372067035146041
0.6435351435417135,0.3530557852020247,0.0034090712562594664
0.6438428146614771,0.3509621278921234,0.005195057446399137
0.6649328007909213,0.3272274424732914,0.00783975673578704
0.3378832860462458,0.656599827255029,0.005516886698726696
0.7310614995846014,0.26102096076939824,0.007917539646000431
0.34136672531216383,0.6015782009211793,0.05705507376665563
0.5193539660440195,0.4700070060158446,0.010639027940135349
0.7099534964644161,0.2818802153433727,0.008166288192211619
0.6572884188557572,0.3371133238591741,0.005598257285067895
0.1849241120747878,0.8024509211679478,0.012624966757266643
0.7632062157172547,0.22318407028691373,0.013609713995828996
0.7238669578228847,0.2731406898261332,0.002992352350982893
0.6759405117380214,0.3131530215648589,0.010906466697119541
0.5707352948676899,0.4145345578907438,0.0147301472415673
0.21285363558216455,0.738857550518839,0.04828881389899545
0.6632691078806566,0.33099342143030835,0.00573747068903541
0.40346129255941265,0.5687863244019675,0.027752383038619988
0.28699595883752405,0.6901400956417738,0.022863945520701374
0.5466051641833531,0.42510053476990295,0.02829430104674281
0.7026910622510493,0.2928419019802733,0.004467035768674594
0.48598042836081407,0.5041816739184134,0.009837897720773644
0.5717953319962908,0.4091679333144315,0.01903673468927837
0.6318239053156237,0.35643185297404145,0.011744241710335458
0.4615278333677146,0.5219779083559976,0.016494258276287917
0.29221811409127546,0.6661797920353014,0.04160209387342479
0.8426259994581315,0.15297133373175603,0.004402666810112201
0.3358263269730081,0.6563973543722126,0.007776318654775236
0.5865592327562784,0.4014229810950324,0.012017786148689412
0.7799537616201038,0.21581026619571758,0.004235972184176726
0.8320254272119587,0.16038942417716479,0.007585148610878153
0.4425458262643105,0.5427849467807507,0.01466922695493845
0.23557195039775045,0.7348389908911106,0.029589058711138816
0.3751577701475716,0.6115197672162117,0.013322462636216111
0.31505636180892793,0.6706674576448521,0.01427618054621934
0.6802021568221429,0.3036982738647482,0.016099569313109394
0.4168769751723646,0.538472183603699,0.04465084122393803
0.26697587317999033,0.6818016347709702,0.051222492049039885
0.7283324733965802,0.2688987398695471,0.002768786733871815
0.6280060860723038,0.36328025837762523,0.00871365555007036
0.35976571483048586,0.6130794886311673,0.027154796538345488
0.10830564126945652,0.87643377127285,0.015260587457693413
0.33859851939307056,0.6461633558841459,0.015238124722780466
0.6183147308113882,0.3707623472125584,0.010922921976052635
0.47201848738924385,0.5138614465154479,0.014120066095308746
0.5193498917376614,0.47687248688021383,0.003777621382123897
0.3822555952446192,0.5900920241235792,0.02765238063180267
0.3000054345633099,0.6892673961149658,0.010727169321724355
0.6889845589304538,0.29650675206084476,0.014508689008701607
0.6833007121195047,0.3141198484838001,0.002579439396692052
0.6408606216686136,0.3481254421064052,0.011013936224982496
0.36478690580603124,0.6213747784494321,0.013838315744536476
0.4533316569246256,0.5282953973825396,0.01837294569283341
0.6629620162485427,0.3273410032429037,0.009696980508554066
0.8408328281737273,0.1550917966930284,0.004075375133245337
0.6894504296623475,0.302185625962748,0.008363944374904324
0.1829393676441671,0.7191758638195782,0.09788476853625418
0.8337985531585078,0.1633620007331697,0.002839446108322205
0.3807473212730447,0.601162163679503,0.018090515047454014
0.6269868950917203,0.3577097295092528,0.015303375399026334
0.6692503890115044,0.3105270682091426,0.02022254277935199
0.8819855380054217,0.11048453443871585,0.007529927555864559
0.5948734112437585,0.3705999405212528,0.03452664823498992
0.7803013715851059,0.21424644160305206,0.0054521868118396506
0.5225767526572689,0.45748545898364135,0.019937788359088805
0.48488414555306614,0.4976279329247368,0.017487921522196203
0.7845606510665895,0.1955666954214748,0.01987265351193637
0.41762888724995445,0.5578193274636192,0.024551785286424772
0.5327972181239287,0.45578732728531174,0.011415454590758153
0.8739302951166555,0.10433909995222544,0.021730604931120227
0.5682180972304532,0.4241882553692265,0.007593647400320707
0.28790163995489504,0.6733714168900146,0.03872694315509003
0.8804412020666663,0.11506417754803483,0.004494620385299249
0.6365903703809207,0.3563743174033561,0.007035312215721449
0.7830064728360518,0.21169686689506248,0.005296660268888134
0.2724027332824129,0.6539075662520255,0.07368970046556182
0.7843635087620172,0.21291089572130434,0.0027255955166778987
0.6830454228740669,0.31141149470804275,0.0055430824178897544
0.28888775851984305,0.6785340724774739,0.032578169002681845
0.38999971482894247,0.6059712553830184,0.004029029788040218
0.3316645141955977,0.64263628166218,0.025699204142222615
0.5690680302476244,0.4245043723971707,0.006427597355206466
0.43960966728043593,0.5414137597575545,0.018976572962008734
0.7754233919721263,0.21977594586268978,0.004800662165183606
0.23146327224614052,0.7434511502111688,0.025085577542691678
0.9086772499804364,0.08796338935121949,0.00335936066834307
0.3571282467918407,0.638015527348406,0.00485622585975331
0.2111088707199237,0.7385720978750149,0.050319031405061575
0.3732705131817217,0.6068017016125618,0.01992778520571608
0.49478509706742324,0.5018492241543392,0.00336567877823839
0.34372379848562373,0.6429887615616356,0.013287439952742404
0.35532106982363654,0.6399579049562059,0.004721025220156461
0.622522073615708,0.36543034765970256,0.012047578724588616
0.4307034284151617,0.5261101874562906,0.04318638412854441
0.4958499708939189,0.46980978604935786,0.034340243056723584
0.57562293268082,0.41434271401590633,0.010034353303272714
0.7889150487162983,0.20697112434320283,0.004113826940496921
0.6964261815031925,0.29140249016003755,0.012171328336771132
0.3207113428922246,0.662754339463169,0.016534317644607093
0.6121130241869405,0.3810139655647141,0.006873010248344512
0.6464399209214255,0.3474339287102355,0.006126150368338686
0.35690064112502756,0.6131441854980885,0.02995517337688286
0.5543043710961336,0.4132061559208096,0.032489472983056995
0.8461844377425952,0.15004158059275693,0.0037739816646462023
0.5668677653319486,0.42598521830998465,0.007147016358065428
0.5094560198550964,0.4795877570564838,0.010956223088421462
0.7050090576880076,0.285460309342835,0.009530632969158782
0.7673326752074141,0.22873099052150442,0.003936334271083653
0.5835232679221677,0.40486883754958175,0.01160789452825071
0.4875620890880519,0.49905865280696854,0.013379258104980075
0.5520570882504144,0.42505253511724234,0.02289037663234296
0.4010464107351243,0.5798481624181525,0.019105426846721955
0.4381470012341388,0.5382761410476317,0.023576857718230586
0.316704523876909,0.672781642230389,0.01051383389270366
0.5142640566849453,0.4586639957988737,0.027071947516180667
0.48760078937266593,0.5005815162827618,0.011817694344572376
0.6185345521846289,0.36180419261586033,0.019661255199509228
0.272215797392387,0.7087304549727281,0.019053747634884346
0.5413750265319317,0.4468943944775255,0.011730578990542025
0.35758479061767995,0.6284424785767301,0.013972730805591737
0.28880906421764885,0.6597312569228537,0.051459678859498856
0.5018592492516991,0.4914447800335425,0.0066959707147560684
0.6240197068209057,0.35801878006017424,0.01796151311892041
0.42462431707864906,0.5692645054725651,0.006111177448786111
0.2945889650449476,0.6457731922110553,0.05963784274399562
0.4382333111067497,0.5502388071945414,0.011527881698707209
0.6824346392532507,0.30840235649537084,0.00916300425137632
0.5122547486732983,0.4755788336807423,0.012166417645958319
0.5007606345644672,0.47145906802904414,0.027780297406489848
0.7479346166844477,0.2496331799430692,0.002432203372483571
0.7270881539178158,0.26470289206550496,0.008208954016677076
0.43634619342573877,0.5486178388924642,0.01503596768179702
0.6940435992862616,0.3019133563792252,0.004043044334512925
0.8010792653570636,0.19223672733910044,0.006684007303836961
0.8210905171866901,0.1726692670977894,0.006240215715519643
0.899973572491044,0.09661824645540672,0.0034081810535503913
0.4435943943767445,0.533588675657102,0.02281692996615464
0.6127304786221214,0.3816208352295388,0.005648686148339559
0.47807639960713194,0.4971005838504414,0.024823016542426225
0.3851910685198787,0.5825115477121653,0.03229738376795618
0.639812912670323,0.3442419334971289,0.015945153832545314
0.46506673237072266,0.5252995522582594,0.009633715371017381
0.4335701046263915,0.5541207195412583,0.012309175832350359
0.2638376139304879,0.723234122743938,0.01292826332557644
0.5842518253147221,0.40704414248653387,0.008704032198740202
0.21247194350517465,0.7502443883598834,0.03728366813494147
0.24361090900796875,0.74109252742026,0.01529656357177153
0.5014056398827559,0.48672439196692513,0.011869968150318478
0.5437053716567569,0.4389247175839405,0.017369910759300722
0.3525911785310686,0.6421592966574078,0.005249524811523111
0.5902824675811517,0.40503563941118653,0.0046818930076618056
0.6729026194231064,0.3232942038600789,0.003803176716814366
0.4197711712383527,0.5617104075468724,0.018518421214777182
0.5990077836755554,0.3778303655217851,0.023161850802661157
0.4083040620956567,0.5662278850505369,0.025468052853805802
0.3543199760790397,0.6234061994126373,0.02227382450832223
0.4901216290389385,0.5014781022712731,0.008400268689788338
0.3871481829861331,0.5983875259213189,0.014464291092549696
0.56165867845296,0.4331445162747857,0.005196805272256088
0.5251093145525277,0.46830742962418487,0.006583255823287449
0.6660452836854255,0.3054656172158699,0.028489099098705083
0.421564493197364,0.5636041565344886,0.014831350268147135
0.5884722069831977,0.4062781365083136,0.005249656508490217
0.274217652119629,0.7154318513896246,0.010350496490747603
0.45472724243562934,0.5052303601942808,0.04004239737009118
0.68365614740226,0.3108552864400405,0.005488566157698708
0.8204898868486047,0.175860567844833,0.0036495453065632367
0.7897740839332094,0.20599038161393698,0.004235534452855834
0.4864295801594586,0.5064757354988955,0.0070946843416457095
0.5957112279080226,0.39550987695644513,0.008778895135531272
0.8959410625043527,0.09956485816423508,0.004494079331412557
0.45298258243322786,0.5195094319003668,0.027507985666405745
0.3636536844599147,0.605959554682962,0.030386760857122788
0.7232394250773712,0.2713844142979997,0.005376160624628442
0.40989368944695453,0.5826496641039661,0.007456646449077716
0.2747472076063362,0.7079269335357055,0.017325858857959713
0.4413804419283228,0.5567490581167372,0.0018704999549397617
0.3654845418512469,0.6126478061253157,0.021867652023437417
0.42782157742285337,0.5377831431380851,0.03439527943906085
0.38963665078123805,0.5888483217215211,0.02151502749724188
0.3114030946917216,0.6745881030462214,0.014008802262057422
0.506752360888845,0.4773812530148679,0.015866386096287623
0.3409436491223253,0.6267709472730809,0.032285403604595544
0.5400733638898124,0.4451329279976464,0.014793708112541019
0.5396496531627589,0.4519592464128892,0.008391100424351093
0.8865002517585868,0.10690029247776567,0.006599455763644992
0.5725950520003682,0.4143929213469149,0.013012026652717116
0.4752517304251442,0.5221192643340286,0.0026290052408272126
0.7430869984149797,0.24651724591841256,0.010395755666608124
0.6650680392705436,0.31075358700089784,0.02417837372855851
0.7020701381898115,0.2847700612157857,0.013159800594404058
0.49508746418904204,0.4953260944549636,0.009586441355993956
0.6841861930988484,0.30699432739017823,0.008819479510973586
0.5894706897742693,0.4008018162653004,0.009727493960431079
0.4659062257619156,0.5267255282346398,0.00736824600344603
0.29188092183667635,0.6963689367507493,0.01175014141257521
0.48380870084730593,0.5055956202745229,0.010595678878172098
0.6937931917035937,0.2996409144379646,0.006565893858442353
0.876004576603453,0.12310616009080055,0.0008892633057459533
0.25080319812429674,0.7096252892254686,0.03957151265023415
0.6942644648404159,0.2962953906072837,0.00944014455229991
0.5347732480333358,0.46212119669251517,0.0031055552741488567
0.34210780651076994,0.6348454278587367,0.023046765630495597
0.41486328488016155,0.5745777639159658,0.010558951203873046
0.34328314297238033,0.6362027466435666,0.020514110384052275
0.5593074470275082,0.4239370480095739,0.016755504962918936
0.6377980721991544,0.35404046785728366,0.00816145994356089
0.4141768877682948,0.5738925789129369,0.011930533318769011
0.5263618174533707,0.4490164038290235,0.024621778717607047
0.7411209067391837,0.2500689035166709,0.00881018974414317
0.6317053722945765,0.35010408241262125,0.01819054529280496
0.5985009027110856,0.38097276021947013,0.02052633706944397
0.5547002947802101,0.4280160454968779,0.01728365972291121
0.2567712761837691,0.7331036746259797,0.010125049190249988
0.29136418585421564,0.6882252587063773,0.020410555439405977
0.6172478703241946,0.3756778288989258,0.0070743007768790875
0.5755796766653378,0.4067678012646163,0.01765252207004749
0.6343366997334374,0.3605797947919751,0.0050835054745881885
0.7903727229498965,0.2075097378744592,0.0021175391756429606
0.2524372119860435,0.6938794334183681,0.05368335459558808
0.19930520129024343,0.7702106151155371,0.030484183594219467
0.5245984983122877,0.46595109695112885,0.009450404736584688
0.7013813772987342,0.29253827454603926,0.006080348155227568
0.5351407626613616,0.42111148053299613,0.04374775680564329
0.5524917005640165,0.426007855151887,0.02150044428409563
0.36081227095589286,0.627622859781943,0.011564869262167305
0.7630227893305632,0.2272372368984473,0.009739973770989209
0.5102456373014522,0.4650312626556032,0.024723100042944635
0.4877688409181529,0.4939258993414506,0.018305259740396394
0.30122075758893496,0.6829281730151299,0.01585106939593432
0.4274146376654096,0.5580102666166956,0.014575095717895498
0.29580559589870986,0.6755868127017659,0.028607591399523936
0.8091071150138138,0.18160249823241864,0.009290386753767756
0.2511914700980605,0.7205512639002388,0.028257266001699775
0.6868545685951584,0.30817641472597196,0.004969016678869108
0.2358544365171844,0.7463220790999899,0.017823484382825282
0.4287584250872487,0.5612303872160037,0.01001118769674708
0.5870846008336219,0.4081742320254496,0.004741167140930565
0.9376289451633519,0.05756625174805347,0.0048048030885957495
0.7419737729052414,0.251812722187376,0.006213504907380845
0.4851640010046574,0.5054763317257474,0.009359667269595244
0.4612924686712275,0.5135536001235457,0.02515393120522944
0.5037144769530786,0.47862355447120064,0.017661968575722723
0.4633853467457721,0.5279175822377756,0.008697071016454625
0.6714985058352438,0.32079946349848787,0.0077020306662664816
0.8973365710366943,0.09865416883472104,0.004009260128585945
0.35419389847263566,0.6284629160255775,0.017343185501787123
0.3149308618624174,0.6623143729056187,0.022754765231962022
0.3933873135896883,0.5988904792927437,0.007722207117567722
0.3956227810892416,0.5775682413342987,0.026808977576461824
0.24134185258131402,0.7364268142956748,0.02223133312301179
0.5827811036069862,0.4052567225036829,0.01196217388933206
0.5011380949175466,0.48918331481887395,0.009678590263581066
0.6922330399823482,0.30343143521310467,0.004335524804545463
0.557685194034018,0.4388135333947943,0.00350127257118933
0.3635899507897371,0.6255238605768326,0.010886188633429685
0.5638976007244809,0.4331450667819608,0.0029573324935589255
0.4954665408590517,0.4990625993985383,0.0054708597424094445
0.3724316563738383,0.5733106768476547,0.05425766677850859
0.5172654826549169,0.45774821235612273,0.024986304988962767
0.33983943927868826,0.6148691774430396,0.04529138327827347
0.3727032314423663,0.6164372885274831,0.010859480030151771
0.45977222287265673,0.5191671021675486,0.021060674959794596
0.8510604428397635,0.14642978673690338,0.0025097704233338672
0.6754949286999468,0.3217063662658592,0.0027987050341945594
0.5924782674734076,0.39472768089276006,0.01279405163383345
0.4788914554034378,0.49145448732079405,0.029654057275769783
0.4848906618038098,0.5113048691116309,0.0038044690845592914
0.22594550573840744,0.7616404527851455,0.012414041476448182
0.45841056845910527,0.533031211061973,0.00855822047892286
0.5200741821991655,0.44075449151318147,0.039171326287652436
0.26324041273111054,0.705724831367343,0.031034755901546012
0.5664623499603001,0.42306859764818744,0.010469052391511486
0.466890836123,0.5236635246346938,0.009445639242307163
0.4542217701257393,0.5323937230016722,0.013384506872589791
0.776730539092548,0.2204187077473109,0.0028507531601414246
0.36248041524053526,0.5939691579109179,0.0435504268485475
0.7114289182450543,0.2808332935132073,0.007737788241739174
0.37551147044494626,0.6141088583398733,0.010379671215178887
0.8038079745077541,0.18262719404950561,0.013564831442740547
0.9364483856827058,0.06150957787414727,0.0020420364431468357
0.2044856901985289,0.788757448942515,0.006756860858957942
0.34717755095765834,0.6136919053968598,0.0391305436454833
0.3001717355691294,0.6637300875801503,0.0360981768507209
0.654941211030752,0.3380899666994089,0.006968822269840172
0.2932580086052391,0.6944327814779567,0.012309209916804993
0.49515111092602604,0.46407523253138816,0.04077365654258494
0.6233507825885398,0.3614171964811899,0.015232020930270969
0.4981575478082023,0.4976396253953825,0.00420282679641371
0.5908835713854489,0.40054645641519926,0.008569972199352124
0.27398947311067495,0.6934368743000303,0.03257365258929526
0.7364155010177048,0.2608838700586009,0.0027006289236947492
0.465953221262165,0.5078020453413039,0.026244733396530686
0.48629180116697057,0.49919026630169355,0.014517932531335973
0.9134641700581774,0.08353207947435766,0.0030037504674635253
0.5075484315646192,0.485097356500074,0.00735421193530733
0.4563708475834203,0.5272557997285011,0.016373352688079625
0.7124851345045914,0.28084673368608326,0.006668131809324698
0.7543109842032937,0.24346090132292247,0.002228114473782716
0.4711639492299435,0.5095585776692748,0.019277473100782115
0.2695664846319792,0.7175908596343443,0.01284265573367761
0.4216996872902383,0.5295914210469441,0.04870889166281638
0.7381989955150297,0.2525730324168986,0.009227972068072103
0.8792900577936813,0.11674445356995053,0.003965488636370018
0.4619920709869588,0.5210128040778195,0.016995124935222514
0.2728758462580103,0.7040491888355532,0.023074964906436412
0.5740037826253914,0.41443479493876617,0.01156142243584056
0.8390776035645651,0.15166178525862908,0.009260611176806785
0.505304667310916,0.47188021238180383,0.022815120307279585
0.627605681253486,0.3591837869214174,0.013210531825095503
0.8072072342281809,0.18985027071691155,0.0029424950549070076
0.17864288071249398,0.7946117030304329,0.02674541625707067
0.4520419827845323,0.5272011104366917,0.020756906778776736
0.6816529935575951,0.28396151103998457,0.03438549540242095
0.7699689355088535,0.2276529367415079,0.002378127749634601
0.454601992502963,0.5360410712733302,0.009356936223707576
0.46739514301423896,0.5239542102605542,0.008650646725208207
0.5564299560781159,0.4404627868081815,0.0031072571137012828
0.6778196812500015,0.31937043826956096,0.002809880480437951
0.5746245257588074,0.41680307795524113,0.00857239628595346
0.5649999545331097,0.42831076695015496,0.006689278516735044
0.6646298786016448,0.3332836208205568,0.00208650057779888
0.9003389889742481,0.09408951209888038,0.005571498926870399
0.3016063101415154,0.6797050313707402,0.018688658487744904
0.24866613930424963,0.7280559132088277,0.02327794748692412
0.3908275387405555,0.5950778815341894,0.01409457972525631
0.4924283682830493,0.4987438290145233,0.008827802702427922
0.4371822807806125,0.5551967255301191,0.007620993689269776
0.679916227529433,0.3129471340622962,0.007136638408270882
0.35063221353493773,0.6317812711116567,0.017586515353407585
0.46263860884007996,0.5280198440000043,0.009341547159916776
0.6929377986922602,0.29051893107763826,0.016543270230102457
0.6569135275090231,0.3307040337326087,0.012382438758368553
0.91485259116755,0.08191434818808073,0.0032330606443668995
0.7315385820011162,0.2603324026220907,0.008129015376794831
0.46652301437705573,0.5220645540588259,0.011412431564118213
0.71330833624188,0.26826038952701053,0.018431274231109726
0.25022860957124443,0.737902103306326,0.011869287122428209
0.5840954722337552,0.40963074458046106,0.006273783185783034
0.5376449686638978,0.45693960547535745,0.005415425860744019
0.42152053159510167,0.5672355710293192,0.011243897375576245
0.3776108268322079,0.5932992427378442,0.02908993042994947
0.8637483227408779,0.12412715448883556,0.01212452277028662
0.8378917759351489,0.15268839608358603,0.009419827981267677
0.48156991572024305,0.5023773412622233,0.016052743017532612
0.7531420943973665,0.24361860048725298,0.0032393051153799244
0.3127260081452993,0.655825785946171,0.031448205908531826
0.6030755748961935,0.3836183134496493,0.013306111654158582
0.6543452590715446,0.3400959113524043,0.005558829576048205
0.4453901299095335,0.5494517758502532,0.005158094240210031
0.31825738108540347,0.6560341659609602,0.025708452953639705
0.5049096197679037,0.48423869355047217,0.01085168668162669
0.6898825091631923,0.30335330750063927,0.006764183336165775
0.37821441171088815,0.5948457160509506,0.026939872238158948
0.7465175281618825,0.24756052395068642,0.005921947887430652
0.37713118278248536,0.6188233895351503,0.004045427682362448
0.7944912792781204,0.20072088326442653,0.004787837457449151
0.35276867008371526,0.6113432072179051,0.03588812269838226
0.42864858858029603,0.5533935502606426,0.017957861159060323
0.494432149114775,0.4948116973790475,0.01075615350617692
0.3539101374717002,0.6297782349331469,0.016311627595152377
0.43837100324993156,0.5547112793648817,0.006917717385187009
0.5651761327822178,0.4327607687026679,0.002063098515114141
0.664745823669907,0.33036549882786853,0.004888677502224098
0.8931505367146192,0.10171704277930274,0.005132420506078049
0.648283734046536,0.34409266837343616,0.0076235975800266415
0.1627495686858972,0.8234302049754688,0.01382022633863216
0.5447482220422623,0.44351208164899314,0.011739696308745187
0.556401797595128,0.4261146606144543,0.017483541790417643
0.3328569413345865,0.6588719311641028,0.008271127501310293
0.7270799809955537,0.2686827556429764,0.004237263361469241
0.5292098527364362,0.4476038463244479,0.02318630093911499
0.5507548482723362,0.42754356992615294,0.021701581801511053
0.4239163453930791,0.5441398132859157,0.03194384132100624
0.25268658177982156,0.7407970765319716,0.006516341688206293
0.43428253312918413,0.5533803907229854,0.012337076147831659
0.4835188767591448,0.5053746173598762,0.011106505880979415
0.3706910770133897,0.6172444899112339,0.012064433075377393
0.3221197335223925,0.6553928359985876,0.02248743047901928
0.6780788920624441,0.3178768618845855,0.004044246052969629
0.6809023850301842,0.3086116436730462,0.010485971296769776
0.48268077993530933,0.5120030263464418,0.005316193718250033
0.5183628551975961,0.46190460579285414,0.019732539009548803
0.34514086797972776,0.6385720279617267,0.01628710405854485
0.5639925500163501,0.4232770615230772,0.012730388460571524
0.7131720003119716,0.28090099466009677,0.005927005027930904
0.2419986791618288,0.7387087899091008,0.01929253092907025
0.5309177387772157,0.4441929005975797,0.0248893606252038
0.5869787086902204,0.4013218185210648,0.011699472788714109
0.6163106366619534,0.3673723029984897,0.01631706033955553
0.24001398948214847,0.7448838744338077,0.015102136084044614
0.8730660818617872,0.12240569054817685,0.004528227590038209
0.6823164450196856,0.3135253540207486,0.004158200959566792
0.40670750708951475,0.5831099624348327,0.010182530475654157
0.48119835402550354,0.5119039959337922,0.006897650040704616
0.5321722178163941,0.4573450046710604,0.010482777512544969
0.8309313004039093,0.16382433239312102,0.005244367202969843
0.5293350123788039,0.4415787407896688,0.029086246831525726
0.5581534500677949,0.42112532387733176,0.02072122605487329
0.9028356304737889,0.09521207533792135,0.0019522941882889973
0.6166914910980621,0.3741046181197841,0.009203890782152373
0.44104232745985145,0.5192030200493053,0.039754652490843166
0.44867800141929765,0.548943360955093,0.0023786376256097206
0.6556898684778951,0.3423777592614285,0.0019323722606752747
0.7356030450135046,0.25839090001413745,0.0060060549723560475
0.44760369295394814,0.5322587505844981,0.02013755646155501
0.5853997480226605,0.40755469815920337,0.007045553818136965
0.7963566094187499,0.20213735401139435,0.0015060365698540607
0.5583851308891955,0.42819539119956396,0.013419477911241165
0.6856519681161146,0.30273954256930097,0.011608489314583631
0.4040981773807957,0.5752724962649873,0.020629326354217242
0.3847416839873643,0.6101552554045354,0.005103060608099538
0.3252051279642305,0.6622568621104201,0.012538009925351905
0.48027697295235044,0.5005137512842404,0.01920927576341059
0.36960508087642757,0.6230353424703141,0.007359576653256675
0.8897315554224761,0.10810323695880822,0.002165207618716967
0.5328128273503343,0.448860385158965,0.018326787490702198
0.9061685774759487,0.09158252104148318,0.0022489014825677767
0.40897539523458715,0.5851808206433656,0.0058437841220481904
0.6709320428938201,0.3171145249155144,0.011953432190665775
0.3571511507573474,0.6318198567315962,0.011028992511056728
0.6900685050193206,0.30449303954396845,0.005438455436709395
0.8905825070761046,0.10616325815779518,0.0032542347661016417
0.5345887923470238,0.448145686721099,0.017265520931878473
0.42346615249577374,0.5460012739521732,0.030532573552056085
0.7301342891062487,0.26129950006812686,0.008566210825625028
0.29344428187543187,0.6513397283659733,0.05521598975859368
0.40857774144966436,0.5801452847056544,0.011276973844680752
0.4147142148587879,0.5692914748984228,0.01599431024279016
0.7123803337946922,0.2858746986853073,0.001744967519998639
0.5378128648033237,0.418716532759311,0.04347060243736829
0.4412188894180813,0.5514332095357063,0.007347901046213094
0.7436507498699487,0.24185779388452724,0.014491456245523745
0.45828799746325855,0.5312774485534663,0.01043455398327414
0.5910842465474861,0.4040794340387488,0.004836319413763076
0.3968441320443068,0.5898668501840698,0.0132890177716208
0.428469448735133,0.5350295832799702,0.03650096798489708
0.34121698868521866,0.6467120754685839,0.012070935846197952
0.5648055867739573,0.4251200317943846,0.010074381431657118
0.8123351426401993,0.18406079174521597,0.0036040656145852716
0.33091045562563093,0.5912294728760165,0.07786007149835258
0.869583314157595,0.1257979331100833,0.00461875273232199
0.7283557798247855,0.26408723939848283,0.0075569807767322935
0.7785198981911998,0.21684938502390752,0.004630716784892676
0.5001869699372998,0.48095653473417893,0.018856495328521777
0.6872037230461104,0.30118103338610985,0.01161524356777757
0.7693430986426101,0.22578904950891782,0.00486785184847132
0.8345238002089709,0.15883401532839267,0.0066421844626357585
0.3109521488578947,0.6787510412097261,0.010296809932381325
0.3968841741269342,0.5961616591667785,0.006954166706287204
0.5203702169571162,0.45191708451870194,0.027712698524181973
0.2582277912847599,0.7017110217400169,0.040061186975222596
0.2316517684737639,0.7548967740606685,0.013451457465568055
0.7646809708509212,0.2308068818141667,0.004512147334912148
0.5856102064872719,0.4036098965834109,0.010779896929317074
0.43105496545193245,0.5619351993036672,0.007009835244401191
0.5918607622779546,0.38671088671420994,0.02142835100783698
0.37390636693327134,0.597682761001947,0.02841087206477938
0.6385803124702427,0.3511796307578527,0.0102400567719064
0.6893093464248551,0.2986686682382372,0.012021985336905126
0.6343232951627839,0.3541039146409947,0.011572790196221866
0.26358723927139616,0.7161327997147786,0.020279961013826054
0.7316468770771514,0.2625744133150157,0.005778709607832986
0.7056485902864899,0.27552056391049284,0.018830845803019382
0.408961018955429,0.5832744187117535,0.007764562332816492
0.608677227000289,0.36952141393851967,0.021801359061190566
0.328816519270085,0.6607378727491445,0.010445607980771533
0.9010300705170751,0.09627151024326898,0.002698419239654115
0.520637697224207,0.4650995879101056,0.014262714865686595
0.3257540208648944,0.635858322708998,0.03838765642610743
0.5033644614073467,0.47336000334392286,0.023275535248731452
0.8364411085275801,0.15947919954298878,0.004079691929430155
0.8914968074292436,0.10564282494314021,0.0028603676276181098
0.9078497218895056,0.08887768738878753,0.0032725907217076933
0.7004036360081382,0.294484852983686,0.005111511008174408
0.8998589579870585,0.09964716899531968,0.0004938730176204529
0.7589805228804042,0.23942460647955355,0.0015948706400421085
0.6431561326651322,0.3433126151458679,0.013531252189000484
0.6846809638517981,0.30510047139856505,0.0102185647496379
0.539326242922449,0.45382153844020284,0.006852218637347709
0.4296676848028207,0.550961224554438,0.019371090642739133
0.6041226184590582,0.35080408429621857,0.04507329724472252
0.4024467455821351,0.579851368510085,0.01770188590777993
0.4449268519913894,0.5460289155372143,0.009044232471396692
0.3967083521116022,0.5771198618680338,0.026171786020364452
0.6741475842280589,0.32059867368575545,0.005253742086186074
0.6800303734288077,0.31341067063875466,0.006558955932436469
0.4495811942119821,0.5296306320000976,0.020788173787921017
0.4158713013579121,0.5794292181088164,0.00469948053327031
0.32471459501465527,0.6613808206624832,0.01390458432286165
0.7839797266738631,0.21221700063205873,0.0038032726940765028
0.6178252785149728,0.3639188374173994,0.018255884067625357
0.5914317555893546,0.3995754345463742,0.00899280986427082
0.6423466226147102,0.343660945886492,0.01399243149879701
0.7497937411096596,0.24505043840917023,0.005155820481168843
0.5493434978924652,0.437558644424448,0.013097857683084892
0.6285470456257353,0.36557988377039,0.005873070603874788
0.373133356861789,0.5877607732777358,0.03910586986047447
0.3794955908051868,0.6066611546265797,0.013843254568232582
0.8811601358260349,0.11337821932668862,0.005461644847275946
0.4506506950517779,0.5288517041763439,0.02049760077187649
0.7101283278245678,0.2809768523331168,0.008894819842314225
0.1960501905033124,0.722045229980358,0.08190457951632868
0.24623025912550398,0.7490367648946822,0.004732975979815591
0.4917495971928949,0.4812612316881613,0.026989171118944853
0.7606143609279309,0.2232699332979466,0.016115705774121816
0.28348625619155426,0.6914050254202757,0.025108718388169582
0.6305276627170717,0.34952491601599117,0.01994742126693747
0.6463583589951954,0.342162132627174,0.011479508377632109
0.6581820713230894,0.3261641736082477,0.01565375506866386
0.6876820012344383,0.3069267801163482,0.005391218649212675
0.5930253704115556,0.39184845397702844,0.015126175611415446
0.38774606428512304,0.6061250480362377,0.006128887678641471
0.41312157680168626,0.5744846020121203,0.012393821186192979
0.26067746696398325,0.7357057235281462,0.0036168095078696408
0.4066182338524388,0.5697451814081698,0.023636584739390506
0.8815231787631745,0.11494387411996895,0.0035329471168567238
0.30425770582891554,0.6829497617703066,0.012792532400777889
0.5702259350461955,0.4208721908052732,0.008901874148531125
0.7151812678082435,0.27866527535499497,0.006153456836761285
0.5689381274091175,0.40982947843445194,0.02123239415642946
0.7935812661330172,0.20258567051851692,0.0038330633484648176
0.6628095795017379,0.3224992142532369,0.014691206245025255
0.6033054529480237,0.39403440561658276,0.0026601414353945377
0.6918846570979199,0.2976426910837008,0.010472651818377988
0.9197298469126219,0.07666518046088193,0.0036049726264948214
0.8565851519163247,0.13678731788698567,0.006627530196688388
0.7623000117958056,0.2341013646643986,0.003598623539795977
0.38909021776791924,0.5882122505092199,0.022697531722861264
0.43091861438943463,0.5411920540698706,0.027889331540695072
0.39258608643989734,0.5917723124826749,0.015641601077428745
0.47437895063230234,0.5072970893162343,0.018323960051465398
0.633654238513756,0.3547955991184681,0.011550162367774636
0.8573043661243218,0.12372293509857375,0.018972698777104505
0.6089310349893715,0.34436311312666934,0.0467058518839569
0.5436267317492711,0.42384566901655635,0.032527599234173164
0.5075703110053819,0.4789663567633077,0.013463332231311737
0.6883167976495403,0.30633674039826925,0.0053464619521887925
0.4772980602917049,0.5179455947315322,0.004756344976759638
0.46863103275645845,0.4963392483833334,0.035029718860209724
0.5017793252576508,0.47650847205303243,0.02171220268931875
0.4309829273434559,0.5579937243834565,0.011023348273087529
0.5096432974198479,0.4744395373802498,0.015917165199902127
0.2021439640398077,0.7421949555762064,0.055661080383986775
0.814597491547426,0.1768153088888917,0.008587199563680063
0.33054323171087635,0.6246502386231156,0.0448065296660062
0.5270931321709031,0.45612938908182094,0.016777478747274702
0.23278729622633815,0.7161920791403934,0.051020624633269195
0.5059960027454816,0.4804557364747287,0.013548260779788436
0.7349933683626776,0.25241358917140183,0.012593042465920785
0.8111394028083544,0.1859910947711482,0.0028695024204948272
0.3360619579776108,0.6407723536151007,0.023165688407287232
0.5503161803402354,0.434489323160127,0.015194496499638319
0.4969767238084955,0.4813543928738661,0.021668883317637774
0.16899141635631523,0.7931106255082576,0.03789795813542687
0.34569220711370785,0.6457417669000328,0.008566025986259319
0.8042912184290656,0.18229581035827425,0.013412971212660342
0.48782538057597813,0.4714305030482696,0.040744116375751316
0.874799704406965,0.12219394761938245,0.003006347973653993
0.42898308426184195,0.5544547200474782,0.016562195690679335
0.46391934732979195,0.5301403969285032,0.00594025574170621
0.4478722809494637,0.48918443321578997,0.06294328583474602
0.4426019432643414,0.5480520043529109,0.009346052382744913
0.41607968764821535,0.5580692439694421,0.025851068382341746
0.5310428094198218,0.4601656577172107,0.008791532862966177
0.8336928044249633,0.16256803042929685,0.0037391651457399895
0.4164021180120357,0.562788345019403,0.020809536968560003
0.6122834932615353,0.3779030058280291,0.009813500910436807
0.6288929603254175,0.3544245910983729,0.01668244857620974
0.5110834456768769,0.4731854338185675,0.015731120504555968
0.5985760117129221,0.3996998514656177,0.0017241368214596805
0.7796388327248182,0.21493404867051033,0.00542711860467188
0.3516343842207268,0.6289865837686186,0.019379032010652372
0.564310319759402,0.42538501611812257,0.01030466412247585
0.6771548838192256,0.30791557398828523,0.014929542192488387
0.8247765391823325,0.17368247049000493,0.0015409903276633406
0.7604130310239978,0.2370058688847149,0.002581100091287041
0.6687120945058601,0.31701854420953307,0.014269361284605788
0.9127015654185896,0.0840934906722515,0.003204943909159176
0.3603884703674843,0.6128322331142761,0.026779296518239452
0.3335543827316244,0.6072558514582634,0.05918976581011176
0.6519720719782215,0.34020873263964724,0.007819195382132889
0.7740471611878676,0.2222332442911928,0.0037195945209388707
0.7073232685020355,0.29042681074327276,0.00224992075469134
0.7084852487775889,0.2835526576407423,0.007962093581668727
0.6181546298612273,0.3703083915698092,0.011536978568963331
0.44206439700779665,0.5134013121339358,0.044534290858269564
0.2091828749991426,0.7757644300173688,0.01505269498348685
0.6475078832716492,0.34686913411210923,0.005622982616244333
0.43180990845625444,0.5608841988250272,0.007305892718717623
0.522593642710918,0.47353627643696544,0.0038700808521164778
0.4987187688486501,0.49060037135921875,0.01068085979213107
0.4658883603620777,0.5072390834711968,0.026872556166726458
0.781790080443715,0.20933504114954396,0.008874878406742484
0.4499370112078611,0.5401231013529787,0.009939887439158674
0.6443172618690487,0.34405035240983994,0.011632385721110694
0.7900093583401555,0.19264001653776464,0.017350625122078606
0.6478391209023415,0.34784189070994814,0.004318988387710449
0.7738089197445481,0.21781185658794963,0.008379223667501217
0.5339176395932882,0.4595267566373939,0.006555603769317007
0.3751326299015056,0.5502027908628702,0.07466457923562336
0.5776852088609882,0.41597987180103846,0.006334919337972937
0.5631243493341469,0.4347869450616316,0.0020887056042207496
0.6715740026933941,0.32313376799283633,0.005292229313774095
0.7056038185463342,0.28660136701127203,0.007794814442391964
0.2252801703886011,0.7609875944797683,0.013732235131630929
0.40355349300218274,0.5536281178639647,0.042818389133852164
0.8023220617257434,0.19503121213081365,0.0026467261434409955
0.49548899784508516,0.4988108020800832,0.005700200074830658
0.4854206680696251,0.49769599182727275,0.016883340103102093
0.3870645110331201,0.6063965667536223,0.0065389222132565365
0.5906525649010228,0.3980166455164506,0.011330789582526174
0.5570216032209057,0.4377021197388078,0.005276277040284394
0.46681138499151464,0.5177740965156282,0.015414518492857748
0.4554862194905913,0.5266412187896229,0.01787256171978664
0.7526846661915095,0.2424730476720472,0.004842286136443377
0.5993907777236627,0.3896739954961433,0.01093522678019332
0.4839558770847659,0.48143308003558416,0.034611042879649785
0.33613981928827824,0.6536838535722541,0.010176327139466246
0.4028682496957603,0.5315172759253771,0.06561447437886335
0.514052467398194,0.44062231473530844,0.045325217866498464
0.30678378062081596,0.6802182280960217,0.01299799128316204
0.2935831321461718,0.67217685791327,0.03424000994055663
0.781252248209796,0.2140535150825511,0.004694236707652156
0.4167980558738204,0.5643654167557622,0.01883652737041728
0.5925454565948308,0.40286085915046915,0.00459368425470071
0.13332158861972804,0.8481624725120314,0.018515938868241353
0.48690944234520167,0.5088910588085831,0.004199498846215434
0.6407717570470164,0.3574770871573358,0.0017511557956441414
0.538808298162982,0.4561369747655018,0.005054727071518345
0.6456165318242141,0.34994895653680025,0.004434511638985572
0.35669304343110536,0.6226965553229684,0.020610401245924507
0.6979724603298072,0.29283443488593097,0.009193104784259514
0.6418041614871421,0.35333553251521066,0.004860305997649097
0.5174665505320506,0.4798079960624658,0.0027254534054829463
0.7176547510583517,0.25597187973299224,0.02637336920865824
0.6702974164309715,0.3202017467551052,0.009500836813924201
0.4883508158352712,0.4859909700639307,0.025658214100798174
0.30501573668118515,0.6799172548572296,0.015067008461583344
0.4395542532402689,0.5472602788560343,0.013185467903696357
0.6092975904516129,0.3501124248293364,0.040589984719051446
0.6204845886356483,0.37124452184020085,0.008270889524151066
0.3975281910651589,0.5859043583220945,0.016567450612747787
0.33683078035770975,0.6558272808688704,0.0073419387734195325
0.45292591243042074,0.5314403250419895,0.015633762527588763
0.21857837174556863,0.775757607837886,0.005664020416547539
0.2510272838750658,0.6952155915650453,0.053757124559889145
0.7071731523144591,0.286055593059357,0.006771254626183372
0.6346457079129677,0.3529826563171051,0.012371635769924604
0.22492694143040648,0.6452288098500192,0.12984424871957462
0.41139736910726304,0.569636065081025,0.018966565811710693
0.4440090393896784,0.5483711870627831,0.007619773547537383
0.6998251684037662,0.29658259813374327,0.0035922334624906745
0.2861859836870879,0.6860227169480182,0.027791299364893676
0.6703915228240107,0.3224728037242979,0.007135673451690893
0.3928757906432275,0.591985620918654,0.015138588438117547
0.4324675757101177,0.5516474589750211,0.015884965314861915
0.7590351966863473,0.2329864424947018,0.007978360818948383
0.44475994379171874,0.5332898549379389,0.021950201270341238
0.4384561204813822,0.5412875567198762,0.020256322798739634
0.4527354085215261,0.5078100127001567,0.03945457877831863
0.3652226824579413,0.6260901248209814,0.008687192721076386
0.8344353960581485,0.15921795707961972,0.006346646862229841
0.4244524472165604,0.5577612115847451,0.017786341198695505
0.7606471091817232,0.23335664371105924,0.005996247107217576
0.39129227050882615,0.5797749555706817,0.0289327739204929
0.3641484382788245,0.6289356057220822,0.006915955999092053
0.4318026521157034,0.553328500011836,0.014868847872461118
0.4303292291649293,0.5293994484529573,0.040271322382114456
0.6670332517376791,0.32776051060605,0.005206237656272394
0.4323001148521012,0.5587791665506997,0.008920718597199324
0.8568606871765729,0.13890470203972285,0.00423461078370109
0.6616201263798991,0.3227714828712355,0.015608390748864769
0.7075935070027529,0.2735091993614906,0.01889729363575732
0.602289496776637,0.3913520730617116,0.00635843016165151
0.7478588125487975,0.24298098041300648,0.009160207038195568
0.34416518013728764,0.6382417845623152,0.017593035300396385
0.1826504804473647,0.8090006699502246,0.008348849602409683
0.9278406988798006,0.07002746928573397,0.002131831834465382
0.29744429434676883,0.6677108094381868,0.0348448962150413
0.5555857726609061,0.4375071847280734,0.006907042611020389
0.6168997521775792,0.37198186374406206,0.011118384078358242
0.4866988786629398,0.4848595225627706,0.028441598774288816
0.4164828071950241,0.5648099043510136,0.018707288453965108
0.8198586852370944,0.1769821153351138,0.003159199427793809
0.6407238607770384,0.35149907659180385,0.0077770626311580646
0.6387807380832119,0.3454326125288797,0.015786649387908733
0.8794141671790879,0.11986839261131134,0.0007174402095986223
0.768668868919822,0.2262638056349602,0.005067325445218245
0.6783230466195473,0.3038327697715632,0.017844183608891253
0.4849235518630576,0.508020514644835,0.007055933492107092
0.5022211760177607,0.4806915487796105,0.01708727520262842
0.6433074445321769,0.34597914211165853,0.010713413356163878
0.33981496240165815,0.5564654877077321,0.10371954989061213
0.6861137822704555,0.3029785475118124,0.010907670217731884
0.7085494340356373,0.28554579176543,0.005904774198932072
0.3013728872075721,0.685419138262177,0.013207974530249453
0.7493699651965168,0.24717965015119547,0.003450384652289243
0.8195618433346059,0.16407345655153754,0.01636470011385636
0.74310593212472,0.25072836394291714,0.00616570393236085
0.8439189466694169,0.15279428104512724,0.0032867722854574228
0.6105804252952783,0.3806416403613053,0.008777934343415953
0.6701165854771274,0.3122987293584786,0.017584685164393873
0.35909747352571564,0.6303012613085014,0.01060126516578198
0.3065780961725976,0.6813134971087148,0.012108406718688925
0.485038559907287,0.48648751746089225,0.028473922631820896
0.6627574963639483,0.3249571977325781,0.012285305903474136
0.9197025066862246,0.07703237280377483,0.003265120510000057
0.518277769006476,0.4253947307584116,0.05632750023511106
0.17682826351787054,0.774771592262242,0.048400144219888745
0.2943803111678682,0.6892788883557434,0.016340800476388143
0.3027381634674833,0.6804424799729244,0.016819356559593938
0.3703672975327002,0.612992733488347,0.016639968978952046
0.665549743775714,0.304183812153996,0.030266444070290034
0.42495084041265896,0.5645401783273104,0.010508981260029871
0.49641421533247093,0.49409420824640815,0.009491576421119807
0.29791507298862074,0.6956013331617056,0.0064835938496735366
0.41667588329805383,0.5631113634145691,0.020212753287376668
0.8565131991279356,0.13164175421688004,0.011845046655184537
0.9004474660208441,0.09496877203535938,0.004583761943796638
0.25407689836075187,0.7138769735055489,0.032046128133698164
0.3868649289888497,0.6113548113966153,0.0017802596145346733
0.5548099349274641,0.4280877942483655,0.01710227082417003
0.5113564524105273,0.4789581769450933,0.009685370644380941
0.2662666678196002,0.7258054414033354,0.007927890777065493
0.6068164597171714,0.38893422633477204,0.0042493139480561
0.36705001705430984,0.6238386513027864,0.009111331642903916
0.41314448951833366,0.5706703540193782,0.01618515646228951
0.6391730633503526,0.33360565339749126,0.027221283252157672
0.26789994163662156,0.7195641771728177,0.012535881190560268
0.41201260970652087,0.5850368431095451,0.002950547183931585
0.6681269421920241,0.3142201911355576,0.01765286667242101
0.573842499891379,0.4187513023881284,0.0074061977204932265
0.6457212441268679,0.3480031354545012,0.0062756204186305556
0.6872416122741157,0.3082504773393546,0.00450791038653056
0.2854228599214232,0.702385108780765,0.01219203129781392
0.5841933316945318,0.4030403295846385,0.012766338720831452
0.27307871713551246,0.6836227139598685,0.04329856890461809
0.2925019683854212,0.6803347829429047,0.02716324867167465
0.7140187422919011,0.2811696187571397,0.004811638950959665
0.3095225360308967,0.6725992455229389,0.017878218446162046
0.42945736622488395,0.5623950793389823,0.00814755443613311
0.7287785476187404,0.26318290564078284,0.008038546740476892
0.5669840903020931,0.416231622279472,0.016784287418434428
0.39860642067364804,0.5863711799268829,0.015022399399468
0.5626255660185155,0.4168546505040228,0.020519783477463246
0.5757117146501208,0.4113751106580996,0.01291317469178006
0.5396123008906399,0.4579040684462828,0.0024836306630782383
0.7363917727047459,0.25805037522339663,0.005557852071856842
0.7940417729411647,0.20222572387208482,0.0037325031867497466
0.831165745863018,0.1648303234475588,0.0040039306894236815
0.32965501977471623,0.6593315121761076,0.011013468049177237
0.6101460554481506,0.3853229430926963,0.004531001459152556
0.4877085675439597,0.5018539069348543,0.010437525521184411
0.368111950706581,0.554977183986204,0.0769108653072158
0.7523716360754145,0.23848287469710397,0.009145489227481493
0.4969946518257382,0.48474171542415184,0.018263632750108578
0.6334144935588796,0.35343469243622316,0.013150814004896191
0.39921142126017123,0.5920559565199738,0.00873262221985553
0.4514540212241847,0.5324453536539016,0.01610062512191176
0.6710611839107554,0.3177837584763595,0.011155057612884914
0.5843974085972878,0.3991760285354703,0.016426562867240653
0.22416412376861333,0.7428510030991239,0.032984873132264475
0.34082777293584643,0.6460315167070357,0.01314071035711877
0.48473105480153605,0.507727452275388,0.00754149292307358
0.3816736624923904,0.6014934792853598,0.016832858222247973
0.48073104608765016,0.5092754799277831,0.00999347398456547
0.28928636204458635,0.6925177441184726,0.01819589383694206
0.27891561543554716,0.6953112763835877,0.025773108180864628
0.44074754795074306,0.5405336447422228,0.018718807307034263
0.7283923386299933,0.24993017695057246,0.021677484419432635
0.7688779304415869,0.22852474696381891,0.0025973225945953387
0.46091252699959284,0.5295310025320493,0.009556470468360327
0.5677027285314,0.424920109378994,0.007377162089606343
0.8437648837313296,0.15404658831399612,0.0021885279546721456
0.7966951997885946,0.19687391265572923,0.006430887555678158
0.4650448200148053,0.5290322733728452,0.0059229066123488465
0.5245149076619541,0.4356355610459488,0.03984953129209696
0.6764980902791474,0.30568795168678986,0.017813958034060183
0.37461054396227444,0.6129891734197749,0.012400282617947782
0.45055405108438734,0.5326846102912687,0.01676133862434302
0.6884602362450151,0.3098899184780018,0.0016498452769834816
0.6637773782215532,0.32814342847446454,0.00807919330398396
0.39962653306904067,0.5817364621276743,0.018637004803284368
0.6660452836854255,0.3054656172158699,0.028489099098705083
0.6122731306083343,0.3735676882971393,0.014159181094526912
0.2992653326029588,0.6583730984205358,0.042361568976505726
0.8217854510155868,0.1748725721726486,0.0033419768117652925
0.5547748046255286,0.43102679691665013,0.014198398457821863
0.5645001050747186,0.42789573228172206,0.007604162643561897
0.5038779748227503,0.47358794151119094,0.02253408366605853
0.5062805969471134,0.4798101406637056,0.013909262389181285
0.30350845588687114,0.6555667498343004,0.04092479427882723
0.5522445873248488,0.43286164405439476,0.014893768620757189
0.7221364743270252,0.26649845278493517,0.011365072888039542
0.6772592170085219,0.3117275984998361,0.011013184491641029
0.6789039095560078,0.316386860936873,0.004709229507118758
0.33380514598037403,0.6604715986363133,0.005723255383310418
0.3408876634792652,0.6463145553544141,0.012797781166320535
0.48070925670642156,0.5072777872892306,0.012012956004348712
0.6930623505664683,0.2904618318247593,0.01647581760877124
0.43428213138306243,0.5581190577242315,0.0075988108927056205
0.5684095089554857,0.4223624045362984,0.00922808650821629
0.5581508200246594,0.4288221450770949,0.013027034898247072
0.2157804284396346,0.7374625308747362,0.04675704068562853
0.489652816095723,0.49184196113173184,0.018505222772544624
0.48508497801496225,0.5042428301970552,0.010672191787983521
0.28777253284947424,0.6955850747339979,0.016642392416530174
0.5553858205914544,0.4293252111705312,0.015288968238012294
0.49843592066560816,0.480825454991191,0.020738624343200382
0.7795742310232958,0.20861801395361734,0.011807755023090106
0.7381627971645077,0.25465296690787476,0.007184235927617134
0.44730221003583126,0.5444531471949239,0.008244642769244753
0.4884711040968966,0.49841358758414633,0.01311530831895746
0.46985046307112677,0.5051489797895873,0.02500055713928502
0.7392906166501315,0.2541320855179683,0.006577297831901263
0.5579282809460255,0.4346647509610757,0.00740696809289941
0.6071041874157135,0.385038643625333,0.007857168958952483
0.4311600164676247,0.5588220374374047,0.010017946094968885
0.555782777162978,0.42041013944486016,0.023807083392163548
0.28754883305035017,0.6693757158906729,0.043075451058973056
0.4746675752328245,0.5128994969131804,0.012432927853995406
0.575598018399741,0.41183898507604727,0.012562996524213913
0.6281557409662996,0.353892830682049,0.01795142835165327
0.57754825919416,0.40118976037017795,0.021261980435661302
0.25382655634586915,0.7188858697615635,0.02728757389256349
0.6575680260813095,0.3356802306556089,0.006751743263080548
0.5761659018263243,0.4162253405129712,0.007608757660703766
0.2985116954363816,0.6749022147128554,0.026586089850763966
0.5629280202040248,0.4310978370862177,0.005974142709757662
0.7024109190171574,0.2884871176192371,0.009101963363605485
0.5450753048242882,0.4500261030769105,0.0048985920987998
0.525248318917142,0.45480348688949646,0.019948194193361402
0.5211581611593915,0.4562496852455956,0.022592153595012755
0.2165864347961823,0.751848775790236,0.031564789413580284
0.44552545703924995,0.532412079277732,0.022062463683018313
0.2787103189400418,0.6888866161013658,0.032403064958592936
0.3192057446118642,0.6633633645829883,0.017430890805149497
0.5162899910398066,0.47196803267425014,0.011741976285942951
0.8396379622932295,0.1579353027259561,0.002426734980814639
0.6690317740215932,0.32419267364932275,0.006775552329086248
0.5967818724830646,0.37984473279273023,0.02337339472420357
0.6821074043272136,0.3152974903539032,0.002595105318885068
0.2589040360702159,0.7232073719234952,0.017888592006288426
0.3776296088611568,0.6051560484097839,0.017214342729057894
0.6011770951886236,0.3828630591517705,0.015959845659605485
0.4976321583475604,0.49752262712607587,0.004845214526363756
0.8359857717615627,0.1566894226083856,0.007324805630052367
0.4648720514009997,0.4960845490480375,0.039043399550963656
0.6539306692249087,0.34007305543757543,0.005996275337515917
0.32988824680414874,0.6574001286042667,0.012711624591583454
0.38634890705050706,0.6040576113708387,0.009593481578655349
0.8521887659526474,0.14189546591132993,0.005915768136020407
0.44393638266138946,0.5414380410734562,0.014625576265154549
0.602567449504473,0.3775421226506753,0.01989042784485214
0.5376362835126531,0.44078172044178016,0.02158199604556755
0.5336035691117434,0.4462229771531982,0.02017345373505849
0.3723759921037918,0.6084252945071453,0.019198713389063638
0.4990032035480471,0.4938248111042137,0.007171985347740062
0.8286701757581905,0.16336538972462616,0.007964434517183342
0.6990340338036168,0.2913001263013208,0.009665839895061803
0.41164825902930496,0.582065515550459,0.006286225420237411
0.5686053739031155,0.4247533901404242,0.006641235956462403
0.8135419565606035,0.17609433753319084,0.01036370590620607
0.46153686451028214,0.5238462265284507,0.014616908961268002
0.49791885279256454,0.49749795753327897,0.004583189674156965
0.5984257235993767,0.3110786775176463,0.09049559888297695
0.6317950002791476,0.3628614066960978,0.005343593024756446
0.6643826948851339,0.330673853063295,0.0049434520515713445
0.503351713198867,0.4685666410122245,0.02808164578890907
0.6499986182815054,0.3428436014174905,0.007157780301002481
0.384160504961651,0.5931819503822303,0.022657544656116378
0.3778487448903218,0.6096793720986172,0.012471883011060449
0.6092021276085714,0.3722688779780516,0.018528994413375962
0.4272461394414341,0.5470890973438638,0.025664763214702485
0.48171661699335216,0.4945547332386718,0.02372864976797603
0.6323279575817465,0.34872653424184025,0.01894550817641492
0.8301583882673381,0.1615660335359438,0.008275578196716801
0.5007847833791426,0.48193746026993245,0.017277756350924104
0.7377331293158516,0.2545992313015195,0.007667639382629881
0.4240853975498672,0.5650600329974903,0.010854569452640421
0.24336938150902432,0.7467005324174077,0.009930086073567925
0.41692080813475785,0.5380194525606377,0.045059739304603594
0.6997257334312602,0.28107322425485476,0.01920104231388478
0.8400859231443986,0.15593595695062226,0.003978119904980178
0.34309461165583993,0.6371276727343661,0.01977771560979352
0.56947650895622,0.40216402564527554,0.028359465398504393
0.581069694311709,0.4057515543476871,0.01317875134060303
0.24889757820590824,0.7387223071552907,0.012380114638800014
0.592943095417661,0.402545105373914,0.004511799208425181
0.27602531636955674,0.7161417954822332,0.007832888148206697
0.2894864913380107,0.7042063554008355,0.006307153261156116
0.5126878653441119,0.46820632386938926,0.019105810786496365
0.4313793807315809,0.534454294727655,0.03416632454076554
0.47357632676109984,0.5192826854102666,0.007140987828633727
0.3299107967940795,0.6632779413865025,0.006811261819418769
0.6229169626333115,0.35875231671791885,0.018330720648773068
0.732438848863672,0.264658641873366,0.0029025092629605376
0.5922160338602337,0.37951076639568043,0.0282731997440845
0.5950409323131448,0.3928048361097185,0.012154231577136165
0.4638692634273102,0.5213505620802598,0.014780174492429618
0.7268674156579403,0.262817615719716,0.010314968622342673
0.7369453315128778,0.2587597712158784,0.004294897271241291
0.862314891693641,0.1343024420290588,0.0033826662773020154
0.7567260121720444,0.23036608681393675,0.012907901014018518
0.4587602695998788,0.510690520413794,0.030549209986327167
0.5240685755225335,0.4637799386898924,0.012151485787573711
0.34429431769737945,0.6397475832515752,0.015958099051045345
0.4481226833393581,0.5274755144206393,0.024401802240003635
0.6085559294165234,0.3861245955845908,0.0053194749988868025
0.39974555371682235,0.5659561318360895,0.03429831444708803
0.836406449876972,0.1611532786604956,0.0024402714625294604
0.6496432390084214,0.34201042625526595,0.008346334736311035
0.3980559038814515,0.581015109183096,0.020928986935453007
0.8670635330298168,0.12907444204036336,0.0038620249298182262
0.873790564868777,0.12352559628252002,0.0026838388487050056
0.42447604315225446,0.5528153029256063,0.02270865392213974
0.39192935478222785,0.5788843505743743,0.02918629464339816
0.5268155501069595,0.46607618188317146,0.007108268009868115
0.7056972222817653,0.2853529385804124,0.008949839137821226
0.5621354591638661,0.43445536989240413,0.0034091709437316393
0.3659626653033168,0.6232694846901655,0.010767850006519877
0.8000011614967015,0.19727312142107378,0.002725717082226251
0.4075064690816475,0.5667691861679979,0.025724344750355673
0.7013683573651471,0.2953469994628421,0.0032846431720101
0.2320255479545108,0.7121240375534549,0.05585041449203169
0.8358544077915186,0.16146317496551965,0.002682417242961023
0.5740404118116148,0.410670090218821,0.015289497969561042
0.44061703199157937,0.5547088167423379,0.004674151266081107
0.31000961713384956,0.6535017563771893,0.03648862648896065
0.6149635788369147,0.37475568561814254,0.010280735544944627
0.509920507705763,0.47988285960538024,0.010196632688855971
0.6232738093087643,0.3693967226795543,0.0073294680116815026
0.6838702856579836,0.3039012321917399,0.012228482150274849
0.3587678233047967,0.6226641865662373,0.018567990128964547
0.4362019495425687,0.5414278805722066,0.022370169885226877
0.2756648372976936,0.6972625557573938,0.027072606944911683
0.6628918938689604,0.31970553334728696,0.017402572783752807
0.7574718866596182,0.2352148209027251,0.0073132924376578465
0.18562358213721603,0.7898129086755632,0.024563509187219595
0.45129378091029854,0.5138636954757888,0.034842523613912026
0.24731007097645388,0.7027407404119966,0.04994918861154885
0.2267934772144414,0.7334734423901107,0.03973308039544565
0.504575510646313,0.4708864999785574,0.024537989375126943
0.5847975361254864,0.4014854675382974,0.013716996336218023
0.8832117742733718,0.10875663260931748,0.008031593117311395
0.6950140526793451,0.2953865463597041,0.00959940096094941
0.22179646990383756,0.6923346697950894,0.08586886030107213
0.769093957347738,0.2257137327651488,0.005192309887109203
0.4710371435457297,0.5057374814783779,0.023225374975891878
0.46714298577242064,0.4636025413070803,0.06925447292049941
0.7781051107885638,0.21538407665517847,0.006510812556257619
0.34383862073673177,0.6485855058431722,0.007575873420094857
0.8408783177643705,0.15704206567869103,0.0020796165569406805
0.5422962086855987,0.4426247955152241,0.015078995799177907
0.5608393797299366,0.40007211321905584,0.03908850705100803
0.7204301670479123,0.2726937165056224,0.006876116446465936
0.6318925008603784,0.3594055435453664,0.008701955594255815
0.7085738858089976,0.2640821820344307,0.02734393215657142
0.6663298782140007,0.3232597976991849,0.010410324086813461
0.5310109482687412,0.44730407910266157,0.02168497262859738
0.290617528511403,0.6960765547178283,0.013305916770768438
0.57787080159738,0.41673910023409055,0.0053900981685282515
0.8141879441038159,0.18238649431395074,0.0034255615822322144
0.6522710362401845,0.3438041097733654,0.003924853986448991
0.5662278614237255,0.4131228799285985,0.02064925864767577
0.8649349373968512,0.1266688500157883,0.008396212587359394
0.5312331865142456,0.44735968690171013,0.021407126584043385
0.9133628771291111,0.08389554623825156,0.0027415766326369696
0.6186426569173109,0.3768444650567607,0.004512878025927802
0.6647835495043206,0.32798841148146923,0.0072280390142098775
0.5110037639339788,0.46810017310580054,0.02089606296022183
0.806035265039388,0.18160128308862383,0.012363451871988465
0.455270861884566,0.5427328971925177,0.0019962409229139564
0.40897539523458715,0.5851808206433656,0.0058437841220481904
0.6893136388080197,0.30559783845775185,0.005088522734229546
0.43109180093485017,0.5459571831631435,0.02295101590200711
0.33372237087117784,0.6230733107314856,0.043204318397336794
0.4339447936722365,0.5283301177870922,0.03772508854067052
0.37152277553558194,0.6119844179827879,0.01649280648162972
0.5827827695899684,0.4086812999346554,0.008535930475375472
0.6643406514086655,0.3317722581653878,0.0038870904259449865
0.6768211562592736,0.31477550077099115,0.008403342969734787
0.6345040219225463,0.35721793426463,0.008278043812825216
0.46219593162654193,0.5278203107058902,0.0099837576675684
0.45102374984883503,0.5120265527459578,0.03694969740520823
0.5995828879183136,0.38368827374520004,0.016728838336484763
0.28046437589238593,0.6928487083645282,0.026686915743086244
0.42432122785489346,0.5725778395930773,0.0031009325520279843
0.6339425014927645,0.3593075281842291,0.006749970323004657
0.5488744679303521,0.44472243649998594,0.006403095569660654
0.5370528969397428,0.4506209432448385,0.012326159815418038
0.8840464795188754,0.11352679227531075,0.002426728205814593
0.6051667410575292,0.38281519590420926,0.012018063038263728
0.42003476072212725,0.5595983702251368,0.020366869052735152
0.5869177556637377,0.3895915320222998,0.023490712313963245
0.9034086151213664,0.0951355213409479,0.0014558635376842332
0.16447971742750472,0.8238075154642474,0.011712767108246152
0.5311862629508135,0.45539680704637486,0.013416930002813627
0.6342206986733792,0.35091680476968223,0.014862496556938583
0.237270050285485,0.7103286318224925,0.05240131789202413
0.36616169354539657,0.5720792287098938,0.06175907774470949
0.5757473549120573,0.41648852023047456,0.007764124857469386
0.6535960008837959,0.3449572214114631,0.0014467777047423342
0.631753363023798,0.3576733394861775,0.010573297490024997
0.45497815963419247,0.5404138641674131,0.004607976198396426
0.5230465314208249,0.4475771290857607,0.02937633949341419
0.355188035489694,0.6291802438859303,0.01563172062437298
0.711343734093781,0.2858729225878251,0.0027833433183938176
0.7258246181095305,0.24896187293552985,0.025213508954937954
0.558549034502565,0.4270275290173534,0.014423436480082676
0.21894064388943774,0.765341372717256,0.015717983393307516
0.5219990939561555,0.4527543972145229,0.025246508829321255
0.5172782875663716,0.45448905149679714,0.0282326609368314
0.4475292633867238,0.5462469289406227,0.006223807672653837
0.3847577084898404,0.589855604340017,0.025386687170144046
0.7376274057657572,0.25847071104285463,0.0039018831913883913
0.542618286457926,0.4456484844792621,0.011733229062812702
0.5133441392542064,0.4646053258302142,0.022050534915579387
0.7139049859972693,0.2816655908095817,0.004429423193149996
0.6411080334009678,0.3409641351461583,0.017927831452875027
0.335699062818531,0.6481551026247888,0.016145834556679315
0.9144841858659918,0.08337666850564471,0.0021391456283629683
0.24989710153672226,0.7405972650847208,0.009505633378556137
0.5614998254572515,0.39610621825914766,0.04239395628360202
0.5541213790573315,0.41646109140603194,0.0294175295366372
0.2809429573708074,0.6750516498279793,0.044005392801214266
0.5575850224127423,0.4237582139553531,0.01865676363190527
0.6625243963400361,0.3262866742355243,0.011188929424440445
0.4024175009067779,0.5894602415001188,0.008122257593103928
0.6499385978504385,0.3453424487089914,0.00471895344057133
0.7110862136289023,0.27567163582586107,0.013242150545236111
0.8873847936100414,0.11059814004082343,0.0020170663491345746
0.3830251997391444,0.5763089084197672,0.040665891841089416
0.4637502688888777,0.5262450544571519,0.010004676653972542
0.7676342291578603,0.2261986059636494,0.006167164878490705
0.5000272362504508,0.49571565047658556,0.004257113272965054
0.2836498840750693,0.6968196283347141,0.019530487590212555
0.7342648967664226,0.2583523807741782,0.007382722459400006
0.3924303253684567,0.5925355518052461,0.015034122826295638
0.8631352507683758,0.1337796597867178,0.0030850894449050894
0.35066298416565295,0.6155289861695962,0.033808029664750584
0.37412745982705536,0.5949499809371237,0.030922559235819748
0.46834925167689917,0.5140306892086868,0.017620059114412404
0.4686108967779933,0.5052911018347692,0.02609800138723582
0.578166295838023,0.4146893915440342,0.007144312617939361
0.4037284624574441,0.5896577249658612,0.006613812576693383
0.5334217880196725,0.46220330337727045,0.004374908603055829
0.49577557696415975,0.49932480978514904,0.0048996132506908254
0.9344601734808811,0.059433334206895165,0.006106492312220999
0.5423657070892608,0.4511121795965593,0.0065221133141794094
0.6120286321058255,0.3795875041592691,0.008383863734906792
0.9135231112040088,0.08499682110223701,0.0014800676937538294
0.6963713931402904,0.28718681794629497,0.016441788913414638
0.6030074673128356,0.3841312362129386,0.012861296474226798
0.4798216438355346,0.5092868579684976,0.010891498195968262
0.5679479431884966,0.42377737347095357,0.008274683340548383
0.4355412058460555,0.5412163577079405,0.023242436446003482
0.6921306921205066,0.2967544413952736,0.01111486648422106
0.5470392660871982,0.43842806006198515,0.014532673850819302
0.723986307336382,0.2735605065814123,0.0024531860822064543
0.8027402868663684,0.1923629766752546,0.004896736458377002
0.8552758057640001,0.14089570536638932,0.0038284888696098122
0.5393024736705113,0.4250168332402856,0.03568069308920261
0.6231001425615849,0.36010057817078517,0.01679927926762941
0.4354361341419383,0.5354283094195879,0.02913555643847269
0.8373788684825295,0.15873514621283039,0.0038859853046400083
0.6990073482889078,0.28623930799847236,0.014753343712619438
0.5435890995288228,0.4404972934206526,0.015913607050525327
0.5058275097043589,0.4853171005421315,0.008855389753509165
0.39267068458375354,0.5940110948823535,0.013318220533889808
0.3258942466126099,0.6709138710188881,0.003191882368500973
0.3427561238505356,0.6341105600288967,0.02313331612056639
0.8701566029909427,0.12656956157146423,0.0032738354375957224
0.7351236571389863,0.25556512990820407,0.009311212952809114
0.6164491688445622,0.37902084027410765,0.004529990881329764
0.8012062802144772,0.19576662072784612,0.0030270990576778006
0.31147572728615375,0.6680524576859773,0.02047181502786919
0.4792623043817247,0.5136484787679438,0.00708921685033199
0.7793774281170256,0.21448495625618424,0.006137615626790571
0.3602619051802608,0.6337192702983901,0.006018824521349034
0.39053881441067356,0.6071498795127478,0.002311306076579314
0.343198386432587,0.6297482481705259,0.027053365396886908
0.5409887442980208,0.4518069570460898,0.007204298655887676
0.20729249917260983,0.7708215572496102,0.021885943577780762
0.42143203908934723,0.5512796111157482,0.027288349794904722
0.4331528851266084,0.5555430929808195,0.01130402189257216
0.22202646552709507,0.7708473912642814,0.0071261432086215356
0.5533907559498422,0.4257536936075566,0.020855550442598705
0.4732500983264615,0.5182401646063513,0.008509737067187294
0.3705922808784383,0.6156459717328912,0.013761747388674018
0.7853721244371181,0.21268319553973497,0.0019446800231483923
0.7011694551752643,0.2896311256962559,0.009199419128477347
0.6146271697153528,0.381658652850992,0.0037141774336564306
0.8321687259692241,0.1631281712582889,0.004703102772488752
0.15650943326199787,0.8121744288942717,0.0313161378437286
0.5746341089777377,0.41627701615940116,0.009088874862862632
0.673275788081052,0.3210650831528891,0.005659128766057429
0.8962450030184188,0.10021202926498082,0.0035429677166009545
0.5208716455838893,0.4634901928488177,0.015638161567294195
0.4637206792290986,0.5262443324160563,0.01003498835484555
0.525902490274284,0.440543600026216,0.033553909699501665
0.7429623723918329,0.24659946268808414,0.010438164920082533
0.7397864335254133,0.2568979284017365,0.0033156380728528428
0.47929570034464947,0.5091495738434708,0.01155472581188058
0.7022187828524775,0.2953545847825895,0.002426632364929718
0.6931479160817494,0.3014494470920035,0.005402636826249012
0.5586904925276691,0.4349915642915049,0.006317943180825126
0.4511568466717474,0.5375765115517991,0.011266641776454022
0.26879040813022187,0.7056700193132359,0.025539572556542038
0.7108969617704529,0.27600481649557274,0.013098221733973552
0.2757099035427803,0.6527350843805773,0.07155501207664273
0.35239531700841314,0.593933598991938,0.05367108399964827
0.7454151392799543,0.24711955185984572,0.007465308860201002
0.7232012051475756,0.2737568304096529,0.0030419644427711803
0.7874176798610247,0.20934887393707874,0.0032334462018947198
0.7956883126018823,0.20039106454808553,0.003920622850032543
0.4503206315896636,0.5377833131087599,0.011896055301576561
0.5950257763170947,0.3708705837141687,0.034103639968737214
0.5679712310097298,0.4183042984780892,0.013724470512181014
0.7124508388882447,0.28389242804740517,0.0036567330643523187
0.42871876076567605,0.553682771613073,0.017598467621252632
0.16250304198218857,0.7466326975209795,0.0908642604968311
0.602033075319949,0.3842488894602774,0.013718035219773092
0.414919130738323,0.574411772761484,0.010669096500193554
0.5493491570371211,0.4244434298867553,0.026207413076123585
0.6933229081371217,0.26237595546209397,0.044301136400785056
0.6603701279800391,0.3350329820187938,0.004596890001164492
0.6684041845280149,0.32057844319046447,0.011017372281519933
0.39732960782358334,0.5932166053832821,0.009453786793132801
0.20767391160443832,0.7336975963146735,0.0586284920808893
0.9044289882986859,0.09137880181022569,0.004192209891086329
0.856301228441376,0.1413395359117987,0.0023592356468258063
0.44506027500885675,0.5396249384357662,0.015314786555377637
0.3845182693971508,0.601557685428565,0.013924045174283636
0.43470318839036454,0.557696821587961,0.007599990021675041
0.2930959503756807,0.6971142789536866,0.009789770670631557
0.2763525676521956,0.6671796419943792,0.05646779035342208
0.8729027971623976,0.12406734547157981,0.0030298573660226063
0.7631910236290105,0.22924240196157109,0.007566574409415222
0.5056923552735471,0.48584680220920795,0.00846084251724576
0.22972285806469706,0.7523169791003547,0.01796016283494914
0.26304379232984476,0.712568843393354,0.02438736427680259
0.4863693752286699,0.5043363319681902,0.009294292803138504
0.5254969229504463,0.4690178111270637,0.005485265922489275
0.5851745646462905,0.4049065847447626,0.00991885060894522
0.1928128860915725,0.7414498769917544,0.0657372369166741
0.36709018882576266,0.6072309133036733,0.025678897870562524
0.8638437896489438,0.13219637545858592,0.003959834892473217
0.6028436026551467,0.38103036215604275,0.01612603518881084
0.649371109075272,0.3440879508039512,0.006540940120777726
0.5703887077008588,0.42563631032509675,0.003974981974044784
0.5754173924030678,0.4194497418583843,0.0051328657385477285
0.38134568756968756,0.6050766446733976,0.013577667756916025
0.20232450018767337,0.7461493737978636,0.051526126014462506
0.5104164347535198,0.4593395950390166,0.030243970207462115
0.6847317299575029,0.31095309889446815,0.004315171148027288
0.791561638507029,0.2051904880690572,0.0032478734239131646
0.5198056289319543,0.4708100022443997,0.009384368823648776
0.5186623678339465,0.46761623663155816,0.013721395534493766
0.4730981567178693,0.5107770978478222,0.01612474543430749
0.4860366518355772,0.4940572827314363,0.019906065432987723
0.5224371046759249,0.471392918526931,0.006169976797143991
0.37046006813412274,0.6111312561677709,0.018408675698107627
0.6704307383936124,0.32400132543858473,0.005567936167800402
0.32142443199165305,0.6743423481324129,0.004233219875933839
0.6244232795589786,0.36465172081464575,0.010924999626376622
0.6272203536689391,0.36455533037822835,0.008224315952832883
0.5169726807241719,0.4788712949662394,0.0041560243095882625
0.6501099422121653,0.33900267022924324,0.01088738755859134
0.5876066716256734,0.4032987244355046,0.009094603938821284
0.27362676510954204,0.6658677793440798,0.0605054555463782
0.4606540376009953,0.519899434429203,0.01944652796980095
0.692670620747115,0.2923488303314278,0.014980548921456142
0.4717928620279603,0.5180856135867771,0.010121524385263562
0.9191733110257123,0.07857834262634476,0.002248346347941835
0.18996082445492718,0.7929637838291836,0.017075391715887987
0.7149239143871942,0.28319213183225234,0.0018839537805528256
0.5334464706090128,0.46387969734870005,0.0026738320422858585
0.4455483327880813,0.5372851417980069,0.017166525413911584
0.6244409830153257,0.3633494724013521,0.012209544583322504
0.398261958924793,0.5730481508604579,0.02868989021475045
0.725407956363527,0.26631875449753506,0.008273289138938407
0.2547237568475554,0.6990275425239856,0.04624870062845847
0.4428680877325941,0.5237752998875325,0.033356612379872176
0.45334746030736917,0.5280142986843127,0.01863824100831832
0.4395515447683593,0.5499007550872897,0.010547700144352244
0.47142771699941244,0.5110957032750089,0.017476579725579332
0.4351645536617185,0.538988065878733,0.025847380459545845
0.6387436453841299,0.3413653252485763,0.019891029367293787
0.27785025463373464,0.6961589913799539,0.025990753986310365
0.2532564955801517,0.7112095677708676,0.03553393664898175
0.726837523404001,0.26187885078641804,0.011283625809582715
0.555904346162685,0.4313470004676811,0.012748653369633905
0.739193855453043,0.25565944989658307,0.005146694650373683
0.38050743675099236,0.5792398358326939,0.040252727416314346
0.5100289362454102,0.4839172356993926,0.006053828055196574
0.5778230535431828,0.4172622034598714,0.004914742996946599
0.5215069361865501,0.4566973699186546,0.0217956938947949
0.7137807693513996,0.2776072527640781,0.00861197788452158
0.661712420355163,0.33079722805110506,0.0074903515937325285
0.407635567926291,0.5585358555847989,0.03382857648891199
0.6852074620978231,0.31176866247102286,0.0030238754311524983
0.573173338587645,0.4216815183057361,0.005145143106620361
0.36937237298214715,0.5944005860862224,0.03622704093163168
0.47885528456880894,0.5154598365948329,0.005684878836359499
0.6274414415261889,0.3672909475652214,0.005267610908589099
0.2563706091302051,0.7371789875023623,0.006450403367431047
0.7639287630087209,0.23212405872745592,0.003947178263823008
0.46309047412741483,0.5309421952301063,0.005967330642479203
0.7247954208858451,0.2719694481689837,0.0032351309451752954
0.5703034892063968,0.41691461316035616,0.01278189763324663
0.3459496456524174,0.6405380405882913,0.013512313759293083
0.4028360474838583,0.5673943740098961,0.029769578506246466
0.46976750152641944,0.5129639585144384,0.01726853995914164
0.30812591941214285,0.661509068664602,0.030365011923254713
0.3121337941313422,0.6733638131876383,0.014502392681020005
0.6839885158136557,0.30751381730491084,0.00849766688143437
0.7396831627691232,0.25573858419646905,0.004578253034407358
0.4295074085992264,0.5595602649288803,0.010932326471892927
0.659829066422721,0.3353797702698391,0.004791163307441341
0.47979820488138586,0.5080401096908017,0.0121616854278126
0.7516942876644133,0.2458188354257702,0.002486876909818108
0.46392762015424815,0.5038590766424242,0.03221330320332714
0.6404618863914107,0.32432019338484985,0.03521792022374003
0.4400021113064179,0.5480888856476256,0.011909003045956377
0.18855625734209866,0.6696452064563801,0.1417985362015216
0.4295170556360052,0.5563429213242824,0.014140023039712821
0.39060187142878783,0.574072932473475,0.0353251960977365
0.9098343798519388,0.08803248511184537,0.0021331350362147764
0.9175563886926785,0.0762683867055618,0.006175224601758591
0.7990956613849364,0.19721564939146663,0.003688689223596176
0.8650891373967681,0.1320585711981278,0.002852291405102392
0.6317314554018862,0.3467996228809553,0.02146892171715845
0.6272469529144039,0.3563415803700978,0.016411466715499375
0.5838621903556731,0.40885418836662707,0.007283621277699987
0.46267876867340957,0.5170598227404442,0.020261408586146324
0.8786722168003349,0.11855377180548637,0.0027740113941813003
0.757698880136785,0.23840801824089497,0.003893101622321993
0.5303174096186872,0.4609351105568796,0.008747479824434032
0.47888164151775897,0.510694348059797,0.01042401042244347
0.9004291797483647,0.0985789221831226,0.0009918980685119524
0.5075446883340615,0.47553941502202,0.01691589664391757
0.5701606801191726,0.4122303737736029,0.017608946107222495
0.8632287336013219,0.09544082803509281,0.04133043836358741
0.6048978509308156,0.38888384674902854,0.006218302320155728
0.3413955450293921,0.6472668086517894,0.011337646318818884
0.9085250878435378,0.0868530573175141,0.0046218548389490716
0.27496154604542006,0.6982632099218525,0.026775244032725142
0.5984424973664892,0.39593455658646304,0.005622946047048425
0.6848108411674859,0.3126799258951613,0.002509232937352031
0.3387859983512702,0.6474048764766516,0.013809125172077769
0.5913821783703137,0.4011900543831446,0.0074277672465424514
0.6660452836854255,0.3054656172158699,0.028489099098705083
0.8927551437349488,0.10427111080752413,0.002973745457529192
0.4713345109701792,0.5121983738913729,0.01646711513844666
0.7707007044306375,0.22693564720284493,0.0023636483665181954
0.5284075555580326,0.4058172085427211,0.0657752358992466
0.5264177781048758,0.4097133281310153,0.06386889376411108
0.6373442583475426,0.3395784365172324,0.0230773051352267
0.8097205279275661,0.17566695003964222,0.014612522032792475
0.5501885608951516,0.4438196831190745,0.005991755985776251
0.4006411007343655,0.5880558897541013,0.011303009511533131
0.5407542890548285,0.44974138357515386,0.009504327370017392
0.4135002686533511,0.565039483713446,0.021460247633202166
0.4467995687874594,0.5460573312499869,0.007143099962552986
0.7139164188706428,0.27865830393022323,0.0074252771991349265
0.42879305126761197,0.5376380682593256,0.033568880473062196
0.7327751967952366,0.2603082795611028,0.006916523643661651
0.6809229131874937,0.310497875108656,0.008579211703849338
0.2679454660869812,0.7209067968975638,0.01114773701545433
0.8556612732446665,0.1370131381995244,0.007325588555810095
0.6887999476894328,0.29088176967853085,0.02031828263203378
0.26923800613697174,0.7120071500627692,0.01875484380025615
0.26423402375881433,0.7178042650559618,0.01796171118522287
0.7615982807218324,0.23277013615674258,0.0056315831214221205
0.1944087786281973,0.7880961163812459,0.01749510499055765
0.4793511115156779,0.49011717095635743,0.030531717527964432
0.4198937298189701,0.5644999612124706,0.015606308968559615
0.9420589769942992,0.0565536513449371,0.001387371660764444
0.33351014213031815,0.6562986528221927,0.010191205047491408
0.7203097438317626,0.2724186869513933,0.00727156921684432
0.6380465382972219,0.35127029394359627,0.010683167759181697
0.46115809613283765,0.5333426913742819,0.005499212492879898
0.2941796796095821,0.6851073257549616,0.020712994635456318
0.40411041860176167,0.5461146799207737,0.04977490147746255
0.7949574179951786,0.20226370162071552,0.0027788803841039362
0.45016061980652206,0.5375644545904361,0.012274925603041886
0.6647323347677656,0.32572531559157025,0.009542349640666413
0.5378383682353554,0.45705901488800327,0.005102616876641038
0.6228971880058017,0.37277727365196317,0.004325538342234121
0.47210565181768044,0.493841245442074,0.03405310274024632
0.6074889054289377,0.3901470046859139,0.0023640898851498052
0.8173370934241122,0.18124799964036636,0.0014149069355210001
0.2572809468963828,0.7367027098514397,0.0060163432521776255
0.3720452651516631,0.6149315041478498,0.013023230700486504
0.3307836967491491,0.6536651215009136,0.015551181749936943
0.4611029058443892,0.5210570773560701,0.017840016799541596
0.4765427376059416,0.5145644204071681,0.008892841986891355
0.5179907137779698,0.47612709180685764,0.005882194415173838
0.40353826324638553,0.5842313342448677,0.012230402508747516
0.5823213400509655,0.39341651265780636,0.024262147291226825
0.8110558143981773,0.1859444591142104,0.002999726487613253
0.21133821854217408,0.7169698557232504,0.07169192573457568
0.6833024115223783,0.3127208634695001,0.003976725008121376
0.5824106260276091,0.4069536255780218,0.010635748394370377
0.6171975857581742,0.37271160125465463,0.010090812987172359
0.20196866504498548,0.740715122673696,0.057316212281319695
0.7636477448227069,0.2350722016352349,0.0012800535420565801
0.6549014882662727,0.3328701057919064,0.012228405941818015
0.6639183154196865,0.32719033656098295,0.008891348019330893
0.706870273275555,0.25887939445043473,0.0342503322740097
0.6635669616541147,0.33236551365247774,0.004067524693406763
0.46389995923365845,0.519974223492098,0.016125817274243313
0.5348626651750744,0.45445142350346196,0.010685911321465945
0.820822219992833,0.1776284460286085,0.0015493339785579185
0.6554173133662282,0.34171395455973513,0.002868732074036062
0.6173558932042288,0.37035906882727165,0.012285037968499626
0.38236884687196854,0.6046280860909249,0.013003067037107218
0.554342430742715,0.4436249519057383,0.0020326173515446697
0.5292431347201121,0.465761016495478,0.004995848784409198
0.5497179285300127,0.43637762746738423,0.013904444002601112
0.23130234888828072,0.7589238162439342,0.009773834867783516
0.6352664893513313,0.35625077281364226,0.008482737835028115
0.5594148313155584,0.41272820090645645,0.027856967777984406
0.1784628360037797,0.8036785325210265,0.017858631475193457
0.9095780518145724,0.0876848068925574,0.0027371412928699278
0.2648669690271332,0.7248485380003541,0.010284492972510067
0.5672163913097694,0.41121907135590385,0.02156453733432712
0.7293489579446507,0.26626582973958485,0.004385212315762691
0.4515561632670571,0.5416847751008578,0.006759061632085393
0.45202673241055963,0.5289193745347455,0.019053893054695896
0.401072793564533,0.5897305420644733,0.009196664370992466
0.7998736188591471,0.1933155747208778,0.006810806419975863
0.5696622633886327,0.4259698949223958,0.004367841688971844
0.3643366575410839,0.6163087722526454,0.01935457020626921
0.6137116959097074,0.3729975304022773,0.013290773688014988
0.5277253844220547,0.4664121872658142,0.005862428312130909
0.49350426738295994,0.4944948726999304,0.012000859917107313
0.711877609395226,0.28370834967811986,0.0044140409266565156
0.7801865263985136,0.21698178997674902,0.0028316836247358965
0.4865229301977348,0.5049759337360855,0.00850113606618027
0.2799931973443817,0.7150736386244629,0.0049331640311575204
0.3653215552529762,0.6243661839071336,0.010312260839889512
0.3338534198741701,0.6521720978706635,0.013974482255165432
0.4042505723609913,0.5597305711630806,0.03601885647592736
0.42042339127659806,0.5560318078977248,0.023544800825676476
0.3802301266092124,0.6118631010264868,0.007906772364300435
0.7085697230424953,0.28391202027300955,0.007518256684496535
0.3092444687706945,0.6700556217777957,0.020699909451511605
0.40900106454054563,0.5673896233415712,0.0236093121178833
0.5455413280954767,0.440366570185101,0.014092101719422871
0.7408642779553065,0.2542175571590936,0.004918164885602225
0.5478767964706546,0.4386319611628901,0.013491242366456449
0.19419190647566367,0.7721097107319109,0.03369838279242335
0.6832103899450791,0.30393809922247506,0.012851510832445949
0.8460602982768824,0.15160093299510793,0.002338768728010657
0.7551915575610726,0.2382341862076175,0.006574256231309188
0.46983757937384635,0.4799223472365429,0.050240073389610326
0.6572404158813208,0.3392533481514855,0.0035062359671941923
0.3776105522016451,0.6139666562427811,0.00842279155557278
0.6903046870145809,0.29637010843883677,0.013325204546583477
0.32293147107825987,0.6652840489335513,0.011784479988192462
0.6431937238716388,0.35311075190928665,0.003695524219073376
0.4517988529994934,0.52718065146452,0.02102049553598454
0.8053867968409609,0.19175056526849707,0.0028626378905435173
0.37691546558733385,0.5632650885016647,0.05981944591100333
0.4102559551390659,0.5777402627148454,0.012003782146090382
0.5742953268419435,0.40133499439320186,0.024369678764854675
0.7928560170438916,0.20209915204551263,0.005044830910596444
0.40284852222297146,0.5754598621525465,0.021691615624482685
0.7321427377546967,0.2596782280360935,0.008179034209206413
0.8493485283196973,0.14216944811272264,0.008482023567578321
0.8778651457144561,0.11832061172449121,0.003814242561051983
0.6514070652762197,0.34032487010606643,0.008268064617714802
0.6755994398478494,0.3215761070155484,0.0028244531366013203
0.6345899011947607,0.3515581331743046,0.0138519656309353
0.6868093512350986,0.2963985614441791,0.016792087320719677
0.4293314820687228,0.5622433655530229,0.008425152378252507
0.6277474803266925,0.3682937180256845,0.003958801647624582
0.39599892669553677,0.5980317124961337,0.005969360808330431
0.8918281957469552,0.10517867310188776,0.0029931311511570643
0.6455225357023731,0.3508947661745061,0.00358269812312182
0.3995735933419244,0.5855162681326046,0.0149101385254708
0.35101898210848725,0.599419231888308,0.04956178600320476
0.7823481781124352,0.20367061805012016,0.013981203837443314
0.2517235576565644,0.7360505360002605,0.012225906343175056
0.4596287862016542,0.48315641322734215,0.05721480057100528
0.6819074778378084,0.31364961817114473,0.004442903991045537
0.3963181965143525,0.5885796683693183,0.015102135116330209
0.572133686564582,0.4094641528314229,0.018402160603995108
0.6228642978650668,0.36119189369442606,0.01594380844050689
0.6301344224791029,0.3561919044923713,0.013673673028527183
0.46509448432062817,0.5112102293509435,0.02369528632842668
0.5888394162490378,0.3989222590328538,0.01223832471810759
0.34002643908307373,0.652268515605661,0.007705045311265397
0.5978051923204186,0.38922873561108406,0.01296607206849685
0.6266176210158142,0.3646055098639868,0.008776869120197648
0.637236875735152,0.3549461738946393,0.007816950370209234
0.7172004288701166,0.2770624916208565,0.005737079509026991
0.5109539402735342,0.48046994616970556,0.008576113556759517
0.33547163377475053,0.655392327296402,0.009136038928848553
0.8279183485458371,0.16578973318519039,0.006291918268969368
0.6311554402767342,0.3558006466515694,0.013043913071697055
0.5137746743568795,0.46810148827920134,0.018123837363918583
0.669725871249587,0.31835075329115553,0.011923375459255614
0.6303425123097746,0.3665936387453083,0.003063848944917906
0.4699010415366985,0.5204665613546764,0.009632397108625982
0.7574814227014898,0.23615247387671431,0.006366103421794484
0.6516832418820603,0.34247968363678033,0.005837074481159251
0.7047082302970673,0.2884922482377512,0.006799521465184754
0.4653579104327237,0.5099748622891468,0.02466722727812805
0.6678218847554698,0.32605945274839626,0.006118662496133636
0.6917741172480956,0.2899940404334078,0.018231842318495697
0.538540163292514,0.4554978401081105,0.0059619965993761605
0.5131168820601778,0.48139054529048037,0.005492572649340713
0.6654233578090638,0.3290465237364822,0.005530118454452933
0.18393141442736663,0.7980455187068421,0.018023066865789625
0.5349227262626512,0.4554959452724464,0.009581328464901681
0.6516103511577029,0.33266297806820816,0.015726670774086498
0.4836274940510855,0.4584022920238513,0.05797021392506403
0.49861529175644437,0.49476796504249027,0.00661674320106595
0.40782923478001404,0.5662645549930182,0.02590621022696798
0.6644145722628648,0.32457968615668564,0.01100574158045011
0.7675686608944229,0.22904408448722705,0.0033872546183486797
0.5311567940252988,0.45918068351838,0.009662522456323406
0.4488096627045628,0.546407603639411,0.004782733656025537
0.5193244750428626,0.4605442505530217,0.020131274404114257
0.38265764247305856,0.6062927553297454,0.011049602197192476
0.6643406514086655,0.3317722581653878,0.0038870904259449865
0.3227313476001574,0.6713831336604199,0.0058855187394237255
0.6584544613123354,0.33465790298091513,0.006887635706751181
0.4715934666840484,0.5138965774196498,0.014509955896301547
0.6817502109331853,0.31512630722673907,0.003123481840075902
0.6310429652962354,0.35838768676229016,0.010569347941476417
0.5173431602294901,0.47328740609782377,0.009369433672686495
0.32884127464116003,0.6611807124004855,0.009978012958356063
0.8551335412838482,0.143389837614019,0.0014766211021325255
0.24638388609289985,0.7327089634623368,0.02090715044476407
0.4438322317770108,0.5468184307471032,0.009349337475887906
0.6597255649801901,0.3211759263943506,0.019098508625458973
0.40356193124390505,0.570606792388614,0.02583127636748038
0.5047250702547976,0.4889348172367911,0.0063401125084114815
0.8120387972761006,0.17813548104899857,0.009825721674898494
0.2374391635556994,0.7556736860186865,0.006887150425612507
0.6676490948946182,0.31810226215945026,0.01424864294593113
0.7552810008406008,0.24075924742093469,0.003959751738461363
0.692686523374391,0.28720079404636717,0.020112682579242154
0.2725147510937069,0.7191457424575296,0.008339506448762399
0.6236323908892311,0.3716701719198199,0.004697437190949328
0.8359653546181781,0.16148398358342558,0.0025506617983977716
0.6022228155807675,0.38818357600252296,0.009593608416710631
0.7281062039787509,0.26899256107521163,0.002901234946036334
0.2558019152907526,0.7194941667366342,0.024703917972613152
0.48388656041768774,0.48936573655607996,0.026747703026233777
0.6562778464691287,0.3312857678822749,0.012436385648594308
0.7214219569564873,0.27274467055674484,0.005833372486769214
0.21314447134136202,0.770067667653481,0.016787861005156973
0.5053748960791485,0.45119274736039755,0.043432356560452884
0.564916736052467,0.42606528306511643,0.009017980882416727
0.3453049494974422,0.6491575993996611,0.005537451102897892
0.6337807169177297,0.36207940130841315,0.00413988177385777
0.49898680175147303,0.4814004428782187,0.019612755370307933
0.40709856035061626,0.5806231536031047,0.012278286046280248
0.5444826994311871,0.4498807371955592,0.0056365633732557326
0.4908089952450857,0.499377774814459,0.009813229940453206
0.5358466735318093,0.44952719258748847,0.014626133880701863
0.4515690199523871,0.5036690263710888,0.044761953676523906
0.1961621445597561,0.7595622577314831,0.0442755977087613
0.4437816400768667,0.5366769506699132,0.019541409253219084
0.27480064220129896,0.6909430768502132,0.03425628094848747
0.897004384657009,0.10045848425261361,0.0025371310903784766
0.7532139450905903,0.24059731904844364,0.006188735860965228
0.828528337943952,0.1619489189835169,0.009522743072529557
0.26786483488125346,0.7248615621274658,0.00727360299127997
0.5814085178154054,0.41609471830091627,0.002496763883680914
0.46472357486893073,0.5115929991948048,0.023683425936265566
0.44716246563214007,0.5368139361961324,0.016023598171726612
0.496013407155522,0.49627628010755515,0.0077103127369214
0.4687868903905036,0.5183329947936451,0.012880114815851655
0.5357151538633131,0.4592463083627533,0.005038537773933774
0.3513159855155436,0.6438192914667195,0.004864723017738156
0.41656794638339734,0.5530596835265873,0.030372370090015435
0.7349969706683187,0.2621300817059351,0.0028729476257444387
0.47276386341053706,0.5201802116110573,0.007055924978406282
0.8678045931450096,0.12802896144187512,0.004166445413115142
0.23974286018497082,0.7406104800932051,0.019646659721825416
0.7851622455031617,0.20590346363923934,0.008934290857598455
0.8056868275538833,0.18632358046892317,0.00798959197719428
0.6304746260194745,0.3588555588235369,0.010669815156990864
0.653480817099254,0.33896413741992587,0.007555045480817344
0.665376473728841,0.33064951114532865,0.003974015125831677
0.3389023359235547,0.625794124011594,0.03530354006485174
0.5497162684290395,0.43772149364677565,0.012562237924185532
0.27902290917056694,0.7032886202931729,0.01768847053625945
0.2886530644960715,0.675032988368342,0.036313947135583904
0.21897181805283783,0.7425184061794161,0.03850977576774585
0.6782570027955412,0.31847199465778603,0.003271002546671414
0.6629410373241286,0.32873560833746607,0.00832335433840704
0.8070001568852805,0.18721009244941547,0.0057897506653039645
0.532319502001088,0.4608024474798524,0.006878050519057053
0.4616194288153623,0.5102433640363786,0.028137207148260852
0.38010597120867334,0.6038428999632398,0.016051128828087166
0.7613996618251386,0.23460835505546523,0.00399198311939618
0.6831093121656029,0.3102120911364645,0.006678596697933526
0.6234669132888228,0.36103254375161037,0.01550054295956854
0.3599397799066256,0.621029176212707,0.019031043880667058
0.7444047011414117,0.25015447236249394,0.005440826496093401
0.8069561671652338,0.18824871402118742,0.004795118813578694
0.5224484938092637,0.4734234925583491,0.004128013632386928
0.2933297159007335,0.6939538654630115,0.01271641863625498
0.46164225974236534,0.5277319686253947,0.010625771632238924
0.8642378232369434,0.13255345422215278,0.003208722540909019
0.5897932716750018,0.3907397608850798,0.019466967439918506
0.4464850348171523,0.5264534310004831,0.02706153418236423
0.5294932183754492,0.46585049188181626,0.004656289742734007
0.7775666268810446,0.22042501406531595,0.002008359053640749
0.5266316044200002,0.45858197839232995,0.014786417187670252
0.7530486734635349,0.23820290253759943,0.008748423998866712
0.23326572186588926,0.7057100480144927,0.06102423011961708
0.6116149024487328,0.3839407276519961,0.004444369899272795
0.6483203380376004,0.33793935415901105,0.013740307803387402
0.5417360576131741,0.4464429845657948,0.011820957821031354
0.3708427138232799,0.5999701218625321,0.029187164314188278
0.8531672482051379,0.1336662464562617,0.013166505338601609
0.3782897585067804,0.5635220144775871,0.05818822701563279
0.7845604167876591,0.21248362794565934,0.0029559552666831856
0.45744358103414506,0.5359516240437799,0.006604794922075378
0.28524036003891434,0.6590960235125025,0.05566361644858298
0.21680519931579817,0.7306078371310637,0.0525869635531376
0.5353920480278676,0.45518289438359705,0.009425057588536281
0.45104285616570655,0.5161988673131713,0.03275827652112276
0.3460515742537774,0.6441375641774902,0.00981086156873364
0.7034194094502935,0.2886113146315266,0.007969275918179945
0.436772632085643,0.5517010810314903,0.011526286882869182
0.767567457464162,0.22627949981879053,0.006153042717047849
0.5236071795023219,0.4670199773437055,0.009372843153974133
0.5477421450885819,0.44584851215673516,0.0064093427546837245
0.4126560098215303,0.5619791149276501,0.02536487525082178
0.288066402161699,0.6940785462925849,0.017855051545716635
0.6738796223784991,0.3192634929387795,0.006856884682721669
0.6921642234040267,0.30247844389278494,0.0053573327031881425
0.4194282124899728,0.5765148319286428,0.004056955581386046
0.6092584701516703,0.3891061407897554,0.00163538905857353
0.47966063504098655,0.5071289999865951,0.01321036497241871
0.5228405031042452,0.46775636062051373,0.009403136275240405
0.2973772895965322,0.6458750289933625,0.05674768141010399
0.35432941651436395,0.6381175117909427,0.007553071694693006
0.23257781323300364,0.7431248412693716,0.024297345497627812
0.48709541167218373,0.4986030401341466,0.014301548193669716
0.6727714832369486,0.30351562814264743,0.023712888620401443
0.6870601877983555,0.30740201275153756,0.005537799450107812
0.7239289994333022,0.26903579135514594,0.007035209211551977
0.44398476949093757,0.5402753153544003,0.015739915154661693
0.6117766761451658,0.38138873014160146,0.00683459371323223
0.24086928328488208,0.7559460902321249,0.003184626482993513
0.29488221023392763,0.6815629404665177,0.023554849299553867
0.6951393555610728,0.30251454600793115,0.0023460984309978433
0.6369869593088845,0.3580112732120101,0.005001767479106328
0.7388914659111852,0.25627487829072476,0.004833655798090541
0.39122140294504903,0.595535173336484,0.013243423718466273
0.7042660382408501,0.2826797575629864,0.013054204196164293
0.5379466772263802,0.45699287198059624,0.005060450793022724
0.4159824192754537,0.5668840869231926,0.01713349380135352
0.5066360177529184,0.484605667311779,0.008758314935303477
0.4802577039362619,0.507465724548521,0.01227657151521594
0.5790976579309716,0.41152665288137086,0.009375689187657748
0.2623592119678943,0.7284976006191678,0.009143187412940242
0.6912021500706012,0.3046470957306311,0.00415075419876585
0.7987784196689528,0.18745846197997548,0.013763118351073167
0.30398076188997064,0.6896711473956263,0.006348090714403467
0.5767313443888306,0.4149093394776283,0.008359316133541541
0.2336488893188295,0.7507214059758739,0.015629704705297856
0.8198001135571945,0.17388599808293792,0.00631388835986884
0.5145468365922361,0.4662174188491901,0.019235744558575137
0.34669010590186594,0.5958516517051716,0.05745824239296542
0.5831496187925934,0.41216676233101696,0.004683618876388975
0.6705163396556386,0.3167700466474707,0.012713613696891108
0.3798335159704221,0.6064132347088655,0.013753249320710006
0.304540393238023,0.6809768057855485,0.014482800976429537
0.5673158148343094,0.4243426211267885,0.008341564038901022
0.7825686971538647,0.21146039558198268,0.005970907264152714
0.3008879415973293,0.6672717029193519,0.031840355483317845
0.7401099711709948,0.2548306501487306,0.005059378680273027
0.4793234510224872,0.4829130640632691,0.037763484914244784
0.7091776166886034,0.2867873220093862,0.004035061302011255
0.28850896566280576,0.6794799957529583,0.03201103858423537
0.7733124629316365,0.2185485242420779,0.00813901282628615
0.29954517651915497,0.6879662215316941,0.012488601949151957
0.6154037108091742,0.37728736751733094,0.007308921673492958
0.9445483979559081,0.05325916708658022,0.002192434957512412
0.3023075484861464,0.6904881539371522,0.007204297576702159
0.5756617783229303,0.41111227506580866,0.013225946611262139
0.8062444369277927,0.18686639982039274,0.006889163251816189
0.6308464875703569,0.35950234578125145,0.00965116664839167
0.6409713989773594,0.3511917783633631,0.007836822659277314
0.729781410636418,0.26220089512508216,0.008017694238501646
0.6234611535947318,0.3596616286072949,0.01687721779797162
0.5702105838244842,0.40987199020682635,0.019917425968688954
0.29114481947618787,0.6958756690458419,0.01297951147797056
0.37315800082711725,0.6109833278693769,0.01585867130350502
0.4825258017991663,0.5131008554818305,0.004373342719002286
0.7142462235942538,0.2777310948408895,0.008022681564858181
0.8320477076415627,0.16188649921610915,0.0060657931423302594
0.6588554344798072,0.3336997386228962,0.0074448268972950975
0.5566100047065411,0.4220278611265892,0.021362134166869974
0.8261497995937214,0.16850664786570962,0.0053435525405704344
0.4312990496837629,0.5597869700169745,0.008913980299264756
0.434247526000073,0.5518141037881191,0.013938370211806893
0.5755007103712639,0.4198037879134195,0.0046955017153178635
0.832228622305734,0.16711235055778295,0.0006590271364839542
0.48970943297814684,0.504045891634944,0.006244675386909122
0.6739340958591279,0.3143057974308286,0.011760106710043402
0.688921451701088,0.2996548241787345,0.011423724120179968
0.6961271686948588,0.3027274662060422,0.0011453650990966382
0.8209605937733995,0.17267349955467345,0.006365906671927075
0.554637250875276,0.44089272190798207,0.004470027216741742
0.41053735666818497,0.5689136408811903,0.02054900245062488
0.625583729488007,0.37011395519088675,0.004302315321106577
0.4738205087870141,0.5179467205899908,0.008232770622994231
0.47681641387073304,0.5116929586271656,0.011490627502101766
0.6965879075613711,0.30034978679851,0.0030623056401163132
0.6922340315446948,0.30230551310130127,0.00546045535400686
0.5972211341786665,0.3887253236305722,0.014053542190762405
0.22620816142063235,0.765001601400818,0.008790237178548849
0.19633026445882076,0.723805691280439,0.0798640442607405
0.544134184860722,0.4498207205085988,0.006045094630679879
0.7114335667702422,0.27905295912491845,0.009513474104837402
0.6410317865115466,0.34337129540760736,0.015596918080845975
0.7173836992749196,0.2783133606898187,0.0043029400352625775
0.5787048186244047,0.41433080488581614,0.006964376489779007
0.38240847684391627,0.6055827452394446,0.012008777916638026
0.264150564107361,0.7235899500247087,0.012259485867927461
0.3464796147395809,0.5960786854866046,0.057441699773813956
0.7057303296028595,0.2861467354185702,0.008122934978571023
0.4166613165441682,0.567475118072884,0.015863565382948305
0.5017006911006899,0.4797532023705994,0.018546106528711814
0.6474642391484478,0.3374068527815531,0.015128908069998477
0.5500976632820248,0.44219530818895025,0.007707028529024384
0.5215375113958218,0.4624712348250878,0.015991253779090046
0.4922553910923091,0.492183789330419,0.01556081957727266
0.8125976539097359,0.17420897915535846,0.01319336693490489
0.707955355331469,0.2879564232962298,0.0040882213723021955
0.6787684351664253,0.3142726813777614,0.006958883455814106
0.5002801405739187,0.48069473687885256,0.019025122547230048
0.45391923366857156,0.5417367592989308,0.004344007032497816
0.37216263480557676,0.619134837991982,0.00870252720244313
0.7395428133223276,0.25882940788898257,0.001627778788689674
0.7963432840927314,0.198530230270434,0.005126485636834257
0.5432175244282164,0.45064803011674187,0.00613444545504209
0.5709899993084372,0.40072209654418206,0.028287904147381367
0.322005878889637,0.6616928425028932,0.01630127860747105
0.5547619492350498,0.4364411537607523,0.008796897004199033
0.3243788339209664,0.6679151303272665,0.0077060357517674035
0.522712132312013,0.4478086401457042,0.029479227542285012
0.3677954188400263,0.6217856449848308,0.01041893617514302
0.6571855189176959,0.3267501444463203,0.016064336635982418
0.40774287097943246,0.57698495489951,0.015272174121056257
0.7151042077707944,0.2803007339884743,0.0045950582407325285
0.5437272447493354,0.4490376259180103,0.0072351293326532755
0.34082291875966925,0.6466682415978923,0.012508839642439118
0.4466915623477715,0.5406036553329359,0.012704782319292545
0.4784397668892008,0.5115097077611706,0.010050525349628626
0.7412859698332358,0.24506083019229394,0.01365319997446957
0.5884017606869407,0.3926770442457573,0.018921195067303352
0.37623860138463994,0.5992561365220835,0.02450526209327386
0.4232526590449029,0.5585977555361064,0.01814958541899093
0.7157678795652201,0.2791464560430407,0.005085664391737809
0.3591263400326228,0.6139005971756518,0.026973062791727356
0.4578502349336252,0.5323967052323777,0.009753059833998141
0.5531778715182138,0.42230462959974713,0.024517498882037456
0.6921601159036908,0.2863235868310594,0.0215162972652506
0.792845649709882,0.19818409312618165,0.00897025716393834
0.4071666155569811,0.5530006943785092,0.03983269006450895
0.3478762958999918,0.6234926471615407,0.028631056938467667
0.3362302645031111,0.6526902700451458,0.011079465451743237
0.5984400035500316,0.38061206700266487,0.020947929447301394
0.7006296852873088,0.2923689592041606,0.007001355508532838
0.7467261438790613,0.24763326560223894,0.005640590518698105
0.5775036509858351,0.41545188932093596,0.007044459693228852
0.38182078834519967,0.6031959550802383,0.01498325657456013
0.7778951454006987,0.21194878026761238,0.010156074331684846
0.44247050763528994,0.5545904441313251,0.002939048233384759
0.42461731789402507,0.5552522068995753,0.020130475206399722
0.5822957875059425,0.4104631712885339,0.007241041205524362
0.43737095902095563,0.5578136439176122,0.004815397061432728
0.4009515242800439,0.5878849009120953,0.011163574807861381
0.4722998606014431,0.521164879290033,0.006535260108522677
0.40123393973157273,0.5899421600763759,0.00882390019204979
0.5646766609666342,0.42779195963428707,0.0075313793990789465
0.7658656164536501,0.22450385186933156,0.009630531677018914
0.16972736480741432,0.8192656465736035,0.011006988618980215
0.4689522956887909,0.5174333842776759,0.013614320033533679
0.8537961386663431,0.1431152191048286,0.003088642228829177
0.3961444071265613,0.5848107889255679,0.019044803947870007
0.14809799184284927,0.8374307724624447,0.014471235694704772
0.8864300213486677,0.10848414310480224,0.005085835546530023
0.5039823582005897,0.4860304844745152,0.009987157324894625
0.4169074267487147,0.5742627657326768,0.008829807518607341
0.448298348902674,0.5187245995071993,0.0329770515901265
0.36065338466125935,0.6139281422118233,0.025418473126916138
0.7322024202234847,0.2585307018803215,0.009266877896193607
0.40165799864392987,0.5772597636662449,0.021082237689825954
0.5851032434540827,0.3970275224558254,0.01786923409009097
0.7457707024491841,0.2532862101520743,0.0009430873987406038
0.6660452836854255,0.3054656172158699,0.028489099098705083
0.2175256519125797,0.7498044900205121,0.032669858066908246
0.5324891388712786,0.4445504081878219,0.022960452940899833
0.8184422805054361,0.1791308726457862,0.002426846848779507
0.5332582576674667,0.45948947771908366,0.007252264613450546
0.37346148019689857,0.6019023365497798,0.024636183253321668
0.724808606110809,0.2662250735201465,0.008966320369044462
0.6122428401684216,0.38281838754619996,0.004938772285378385
0.373466473777076,0.5820593998537796,0.04447412636914465
0.2406469442090118,0.710774565532041,0.0485784902589479
0.5732362800284265,0.41989669134535007,0.0068670286262242225
0.5134366485940313,0.4609138756398123,0.025649475766154662
0.48152041342847024,0.5049868323146544,0.013492754256875199
0.5522583128184174,0.43546473865741325,0.012276948524168378
0.3751754502420661,0.6140111227508046,0.010813427007129974
0.8397130880322394,0.1580535992489708,0.002233312718788761
0.5622566531562434,0.43070293186986924,0.007040414973887728
0.17535671259609356,0.8013287590052267,0.023314528398678057
0.31789862086943693,0.63955399938521,0.04254737974535467
0.5699370352783625,0.4166680403720649,0.013394924349573298
0.6919487921841935,0.2998437627999186,0.008207445015888869
0.5055668662714561,0.48613641138770647,0.0082967223408379
0.38297946082376066,0.5994754642785222,0.017545074897716825
0.7533016429343601,0.2359373006358205,0.010761056429820514
0.6601029107804931,0.3321640712795854,0.007733017939919226
0.4596540505252649,0.5250335751005191,0.015312374374214727
0.3841485985790132,0.6053049049502177,0.010546496470768954
0.24801582923532323,0.7176622093974896,0.03432196136718701
0.4379689636041624,0.5447271312556359,0.01730390514020243
0.6100854775900565,0.3817814792857152,0.008133043124228061
0.5006702268565291,0.4855858698951606,0.013743903248310211
0.5684042016675037,0.4214593527967919,0.010136445535704124
0.6226157631562881,0.36110453036280743,0.01627970648090434
0.2959962694512107,0.6929405737761543,0.011063156772635625
0.2702706585466766,0.6882700056287683,0.04145933582455325
0.5701449874999808,0.42359794522883587,0.006257067271184127
0.7219615885340019,0.2696714082810536,0.0083670031849458
0.5190347569356395,0.47772666375374995,0.003238579310610086
0.40240264017629773,0.5847722899497223,0.012825069873979038
0.7527745673650377,0.24382883518299092,0.00339659745196892
0.2939925860080456,0.6674440229928619,0.03856339099909186
0.4676625586689495,0.5201794098650774,0.01215803146597417
0.49885755333947746,0.49088700246635697,0.010255444194165613
0.5666347442394659,0.42401852004417107,0.009346735716363897
0.8381846405674505,0.11552365720372268,0.04629170222882857
0.4953143855582903,0.4687110839692188,0.035974530472491724
0.8455576394786252,0.1490474438158461,0.005394916705529826
0.40175899837431406,0.5831402469634701,0.015100754662217344
0.5339734825138663,0.45107495636729017,0.014951561118845191
0.42049338061676733,0.5523453492356405,0.027161270147592995
0.5487628684154974,0.44396133390534215,0.007275797679159697
0.6359253086517667,0.3537978911452583,0.010276800202973465
0.2947942215858119,0.6949970469077179,0.010208731506469315
0.8263274395395452,0.14449929415340199,0.029173266307053893
0.6677763307852145,0.32436659865701484,0.007857070557771068
0.47648047310198977,0.4999405359432501,0.023578990954758947
0.43133144559298886,0.5318447376776968,0.036823816729314084
0.5107043734831914,0.46710660090852196,0.022189025608286058
0.3059489439063503,0.6804633998956817,0.013587656197966617
0.31567590941180335,0.675203253586679,0.009120837001516054
0.4402008557464874,0.5246156317238824,0.03518351252963057
0.2674903467004356,0.716727649275809,0.015782004023753456
0.4001064155426559,0.592461268863576,0.007432315593769202
0.5485928388681278,0.42358493707469763,0.02782222405717637
0.5288396672605076,0.45421669071088555,0.016943642028606844
0.49594146017736473,0.495019944851165,0.009038594971468894
0.3839382437225964,0.6093606296806333,0.006701126596771134
0.22888032526169225,0.7571695452103776,0.013950129527930795
0.8247644626840596,0.16640089127338917,0.008834646042551636
0.36599595724047085,0.6117767430322277,0.02222729972730228
0.6676758736612235,0.32725133615300167,0.005072790185774492
0.8359885970425845,0.16063984973026232,0.003371553227152695
0.45098448809879943,0.5403240485171805,0.008691463384021922
0.46648842094029674,0.5127950548232867,0.020716524236415942
0.5987711382958938,0.35205245793688783,0.04917640376721627
0.33527243792195777,0.6290765927106374,0.03565096936740601
0.6480344781852402,0.3442748620318539,0.007690659782904738
0.49113551652761095,0.4965069575427402,0.012357525929648689
0.4022263564456235,0.588570733401139,0.00920291015323855
0.2157805342915882,0.7508554831306888,0.033363982577722474
0.5290897604911851,0.45262746792931496,0.01828277157950046
0.845374990225261,0.1512609097365756,0.0033641000381619997
0.38583052068611506,0.5624391034485939,0.051730375865288815
0.5010457718602574,0.4853350744901647,0.013619153649578523
0.8469009277245036,0.14320874603748213,0.009890326238015572
0.7166305699124531,0.2811745572688763,0.0021948728186740336
0.48108850024413014,0.4965226013335774,0.02238889842229378
0.5001773300545722,0.4752710658667135,0.024551604078711656
0.7485067705679478,0.2426008639583445,0.00889236547370945
0.533185482960505,0.4583431463062935,0.008471370733201453
0.33675976647508626,0.6358633144073839,0.027376919117530665
0.4029132076195229,0.5889669252333852,0.008119867147094355
0.5702136562744446,0.42352774492330086,0.006258598802254739
0.9242985264365787,0.07221192718038655,0.003489546383036648
0.7135733407052287,0.27908096676588806,0.007345692528882493
0.2226436156123169,0.700193347593034,0.07716303679464825
0.4220525890397568,0.5352496195329234,0.042697791427318006
0.5382029250113709,0.4549380119977332,0.0068590629908944845
0.23895376450655864,0.7407825175490077,0.02026371794443455
0.45923899016175995,0.5346941569542522,0.006066852883986332
0.2639615261850833,0.6964971262586395,0.03954134755627495
0.6660452836854255,0.3054656172158699,0.028489099098705083
0.6690929998812173,0.32754697340446026,0.003360026714321476
0.9304748474739489,0.06474581980090302,0.004779332725147745
0.7507301070031052,0.24415433138379378,0.005115561613098694
0.5956160830400861,0.38929512867253346,0.0150887882873805
0.5886972843017837,0.4017265663316838,0.009576149366532036
0.7540713296355244,0.24308737320918034,0.002841297155294954
0.8864508699552267,0.11213049175957977,0.0014186382851924186
0.5959484564640336,0.39188575665032277,0.012165786885643489
0.6228978485708221,0.3603197064356328,0.01678244499354371
0.5278612970086352,0.4488080513129853,0.02333065167837943
0.889960612535914,0.10789098887896735,0.0021483985851199006
0.4935736958055416,0.49666667924780095,0.009759624946657766
0.8341019038372502,0.1637571318745052,0.0021409642882464323
0.6975784912150201,0.28043500161373697,0.021986507171244035
0.6564470110230275,0.33758895826089796,0.005964030716072387
0.3366631753075125,0.6503273582455639,0.013009466446922757
0.39298155672840684,0.5922828253154883,0.01473561795610448
0.3689960203451064,0.6116712606404857,0.01933271901440916
0.47421035626409613,0.49674605620972523,0.029043587526178794
0.6546507310569452,0.3373809351310772,0.007968333811977904
0.8832635156449168,0.10884896723294515,0.007887517122136006
0.5232413640731776,0.46914472289000875,0.007613913036812596
0.7356401487282253,0.2596062341082993,0.0047536171634775595
0.7524253441929704,0.22994188517376912,0.017632770633258982
0.7906328146123311,0.205004801783516,0.0043623836041522205
0.444092520653178,0.5342843276992288,0.021623151647593167
0.36224118081729606,0.6126130867194944,0.025145732463208136
0.46937384830051426,0.5065967514870303,0.02402940021245531
0.49729772765379826,0.4842516717436521,0.01845060060255019
0.5084998912758556,0.48365536164647505,0.007844747077669054
0.2347599044551121,0.7464831413507526,0.01875695419413461
0.3964483034068942,0.5910711559165488,0.012480540676557548
0.5705815615777301,0.41651019682485185,0.012908241597419937
0.7581598070013811,0.23489692166527,0.006943271333347433
0.7720627164143521,0.2250145634227493,0.002922720162899692
0.8301362024781218,0.16527326404741277,0.0045905334744636445
0.7272729834430667,0.2619620933438738,0.01076492321305868
0.6752570227264179,0.3193858645762311,0.005357112697348814
0.520776852781903,0.4388929282082395,0.04033021900985809
0.2763627852030955,0.7177180095533279,0.005919205243572314
0.23916913005489843,0.7454274006186064,0.01540346932649504
0.8453808273864312,0.15247432908593017,0.0021448435276409513
0.8899911024616155,0.10072869457684529,0.00928020296153941
0.6878191020375516,0.3060692066471362,0.006111691315313717
0.47938024487841735,0.5008878368133807,0.0197319183082021
0.266224509385625,0.7026562214898501,0.03111926912452395
0.7124972728432853,0.22938190612349896,0.058120821033216245
0.7152634972875818,0.27995940890296683,0.004777093809452332
0.48647124957649435,0.5038263288619046,0.009702421561599449
0.8462425720991308,0.14841848420506143,0.005338943695809759
0.38933040970927385,0.6015748896929114,0.009094700597816082
0.7464839045286463,0.24744641274298007,0.006069682728372229
0.49631027890114376,0.44849232886365387,0.05519739223520029
0.6114677001006689,0.3852582614823661,0.003274038416964841
0.516350256227628,0.4669832380503773,0.016666505721996235
0.6447070091997503,0.34626945452037494,0.00902353627987701
0.4429793342096818,0.5495222140460394,0.00749845174427932
0.448521117016471,0.5346646518831148,0.016814231100413808
0.5408320129812629,0.44829161140443985,0.010876375614296335
0.6274625596961307,0.3710155885685448,0.0015218517353241467
0.7086292234933581,0.27385333248273414,0.017517444023909597
0.5690480855667508,0.4264561128930579,0.004495801540191094
0.6127832810502938,0.3794734235220637,0.007743295427642842
0.737058500789566,0.2615374081043353,0.0014040911060988984
0.6853144285692699,0.3069767999362443,0.007708771494484209
0.7082266455316333,0.28373774704803856,0.008035607420325868
0.32685955024583363,0.6673625913180231,0.00577785843614223
0.5714148536600792,0.4006784905993508,0.02790665574057187
0.5511314753137575,0.44610276854648223,0.0027657561397610884
0.673731226549969,0.32122878674780636,0.005039986702222829
0.3991296001768694,0.5464656599941292,0.05440473982900118
0.4159660082524774,0.579247761752849,0.004786229994672451
0.9303269810303245,0.06807223644752171,0.0016007825221528809
0.33866533901558316,0.6502277890797374,0.011106871904680618
0.6148991158935415,0.35139896958381045,0.03370191452264853
0.28246926523717425,0.7033426197595228,0.01418811500330565
0.4659615650053795,0.5260576643050588,0.007980770689560044
0.6380974620128264,0.35837970231781274,0.003522835669360614
0.48970292552313965,0.5008930722953716,0.009404002181488824
0.5517980775636889,0.4375195451690459,0.010682377267263808
0.312432928516934,0.6676457566433474,0.019921314839719
0.4971925365340947,0.49703863035558676,0.005768833110316405
0.4905317152973092,0.491272331584871,0.01819595311781913
0.3824184911450734,0.6067774027882925,0.010804106066635502
0.3326735960474621,0.6465605527118916,0.020765851240648104
0.2931667026595516,0.6467901413628078,0.060043155977641705
0.7108491254880858,0.28574203216615746,0.003408842345755551
0.49723408904131544,0.49069901171419655,0.01206689924449074
0.7510528622909586,0.2417881873843937,0.007158950324648648
0.21847140339340176,0.7795726677492166,0.001955928857381789
0.6958953735199246,0.28225049284118064,0.02185413363889616
0.3847562995837597,0.6003397475722428,0.01490395284400052
0.5499482699499095,0.4410021785515154,0.009049551498576305
0.22435244182714723,0.7636189417222079,0.012028616450644911
0.4961046851577302,0.4847730893072204,0.01912222553504925
0.3694705211550724,0.6006823761358075,0.02984710270912029
0.8785804515259614,0.11972896724301538,0.00169058123102241
0.5410696726919583,0.4540744945679727,0.004855832740068116
0.816565922798661,0.18084949229603406,0.0025845849053047192
0.7670896878118478,0.2250489038278983,0.007861408360255588
0.8186635029392503,0.179022221648869,0.0023142754118789187
0.4528726126139413,0.5398525449104331,0.007274842475623232
0.6222848259891989,0.36823825875017907,0.009476915260623952
0.8379597259596697,0.15529302775155807,0.006747246288770283
0.3239337860982521,0.6658059350713477,0.01026027883040055
0.33566335961141025,0.64360249011446,0.020734150274129042
0.8365100424541493,0.15532425279573928,0.008165704750113426
0.32548540343149934,0.6002326243699517,0.07428197219854925
0.21700876498572733,0.760735605402524,0.022255629611747124
0.7418736052948219,0.253344485579798,0.004781909125382945
0.45455332436551454,0.5170602076014789,0.028386468033006637
0.5583389400406382,0.43232227937465667,0.00933878058470403
0.5594892875114182,0.43185436902382557,0.008656343464754706
0.2993006911413595,0.676592076299505,0.02410723255913514
0.5597313426625811,0.4253338461065854,0.014934811230832946
0.4056312827104466,0.5818191090385418,0.012549608251010928
0.5275064396786667,0.45327265619243057,0.019220904128902812
0.7448601421810386,0.250420535950006,0.004719321868955619
0.31987002870121933,0.6744237818711828,0.005706189427597475
0.6351898060006587,0.34815110407989375,0.016659089919448533
0.5932291239125111,0.38563381799991314,0.021137058087576044
0.4782465860389599,0.5020005801842065,0.01975283377683337
0.506197088372313,0.48118298610023014,0.012619925527456523
0.4697085385020674,0.5118227501682155,0.018468711329718144
0.7702397814388573,0.226827803212254,0.0029324153488899762
0.5991853820398783,0.38734733052346576,0.013467287436656006
0.36391723977034174,0.6090988406410326,0.026983919588627378
0.5025359736984748,0.4775980077965733,0.01986601850495007
0.7264168236993198,0.2635520671099499,0.010031109190729469
0.561323733855508,0.4339655349342801,0.004710731210211997
0.5786249106797036,0.41156466000083775,0.009810429319458473
0.5873906702487437,0.40616057399884914,0.006448755752408974
0.40215802513318843,0.5849887934760768,0.012853181390736169
0.715567848424865,0.2718882197574901,0.012543931817643902
0.8172847579316145,0.1749787504940151,0.007736491574372433
0.7612457292455604,0.23024493274144756,0.008509338012991821
0.7648025791583412,0.22612211385852055,0.009075306983139821
0.6316843575010118,0.3615924898827155,0.006723152616270938
0.7948071398353591,0.20277658109105146,0.002416279073588476
0.38723719294974845,0.5985438956324095,0.014218911417841484
0.4891758309758512,0.4904211474284043,0.020403021595745707
0.6783722331225494,0.3006914067589137,0.020936360118538336
0.5224977394421035,0.47460315485325255,0.00289910570464274
0.6260130748276064,0.3561658716990243,0.017821053473370676
0.6556839214705095,0.3353081524971803,0.009007926032308329
0.37138557673038325,0.6237200319922006,0.004894391277415668
0.309155979188976,0.6690527201477283,0.02179130066329515
0.7970399950086438,0.19513336441576187,0.007826640575593012
0.5515962896574141,0.4318257551040521,0.016577955238532522
0.8550891233669473,0.13966180688164592,0.0052490697514077
0.6802818476189024,0.3142910321276899,0.00542712025340577
0.6055527771631561,0.3898663972781587,0.004580825558682701
0.5138506175976647,0.4845014400386012,0.0016479423637363172
0.688775771955789,0.3064068598550032,0.004817368189206646
0.8644895371735729,0.12592470991677293,0.009585752909653623
0.4460467939686644,0.5478372712634727,0.006115934767863091
0.48911545069739015,0.48840892683700265,0.022475622465606578
0.8380211261405627,0.15820903629372451,0.0037698375657114957
0.2446050489670642,0.7278358439077514,0.027559107125183478
0.24992183299156662,0.6941726656167431,0.055905501391689365
0.8609852294016498,0.1335466177830565,0.005468152815296569
0.6922717962211146,0.297643777260948,0.010084426517936939
0.25314755678855005,0.7244294292240914,0.022423013987358083
0.2874604524805567,0.7020678278839649,0.010471719635479293
0.6189499454142239,0.36417401142621286,0.01687604315956521
0.8445395517463768,0.15301898640335074,0.002441461850271427
0.5997091973253974,0.39424339529129815,0.006047407383303913
0.4425788866677155,0.5312602609669534,0.02616085236533154
0.621353915741229,0.36283667310206946,0.015809411156701293
0.5479837058699477,0.4407649898273672,0.01125130430268587
0.7207325800005076,0.2655743568075722,0.013693063191920714
0.4714676545992981,0.5001248554518866,0.028407489948817206
0.7977123013480638,0.18205893660872982,0.02022876204320606
0.20775862565170644,0.723091918843433,0.06914945550486089
0.6738303788641887,0.32064274359128486,0.005526877544524669
0.5335381114190111,0.46149851395521757,0.004963374625771945
0.42882760220294935,0.5636938427039381,0.00747855509311158
0.5477229150698583,0.44081213570494376,0.011464949225196553
0.47524493383486205,0.4991590864196197,0.02559597974551877
0.5306868927142766,0.45834648478842205,0.010966622497303763
0.5089394576645058,0.483790337099454,0.007270205236041079
0.5521351899826294,0.4257835398547513,0.02208127016262006
0.44547809703858,0.5091193940832229,0.04540250887819675
0.1352460940602466,0.8563531307440453,0.00840077519571026
0.6666839114016488,0.32446673772108564,0.008849350877267608
0.6688413935569484,0.32777633893686037,0.0033822675061928693
0.5359346761332248,0.45771778509339267,0.006347538773382155
0.2897360632623794,0.6771420743172597,0.0331218624203606
0.8149201615605238,0.17774824407076179,0.007331594368716105
0.5045611785379016,0.4665366553361083,0.02890216612599007
0.7736015409376966,0.22200908096499342,0.004389378097313939
0.7774027888351542,0.21656167151969444,0.0060355396451516686
0.4228001752765612,0.5609392712020037,0.016260553521433994
0.37778659797665826,0.5968359987158609,0.025377403307482657
0.2997487061437848,0.6828241872094499,0.01742710664676471
0.5173969780595563,0.47407625777748347,0.008526764162959267
0.7738699602778525,0.2193342351084696,0.006795804613676204
0.4739848169614092,0.5151342746299457,0.010880908408646464
0.586162547300173,0.4046252154314293,0.009212237268397545
0.5642886856564957,0.4252462739019725,0.010465040441532732
0.4852568273019456,0.504400565133729,0.010342607564325769
0.44420223888357463,0.5483156426421936,0.007482118474231404
0.6514998361421227,0.34151854654089797,0.006981617316978097
0.7503261082472775,0.2438444877882642,0.005829403964458301
0.6019673523889101,0.39346826661844553,0.004564380992645054
0.6359455877389666,0.3457845572260034,0.018269855035031778
0.4514831647338691,0.5312362171946358,0.017280618071496764
0.7919182626560533,0.20481829160949921,0.0032634457344490777
0.5641415924272476,0.4266153825848622,0.009243024987892172
0.7952931598414769,0.19659047326401324,0.008116366894511045
0.38498349371398033,0.5953690300436105,0.019647476242406696
0.4820338257827294,0.5158271871543376,0.0021389870629298846
0.8691342975078481,0.12763599792734273,0.0032297045648084946
0.3079869791130021,0.6841418689817773,0.007871151905218221
0.5349411712044364,0.45731632527058264,0.007742503524979743
0.4310605554156482,0.5580773469664532,0.010862097617900652
0.5729106331556736,0.41010777223921024,0.01698159460511559
0.4146658374112248,0.5792836872047399,0.006050475384036224
0.36804379368453327,0.618724649054655,0.013231557260810831
0.4739416127680072,0.5105479594675624,0.015510427764429407
0.5311597298103992,0.466076868513566,0.0027634016760361415
0.6168811589948501,0.3716102985165932,0.011508542488557611
0.4428436207502113,0.5229910609257593,0.034165318324028825
0.5769314126068312,0.407149202788197,0.015919384604973334
0.35867572028642536,0.6285102472511841,0.0128140324623893
0.6228050200451589,0.36785867974808995,0.009336300206751223
0.3589961830423733,0.6185717846599962,0.02243203229762937
0.5161529651215303,0.476131094097246,0.0077159407812230525
0.7724760675561264,0.21707219276605375,0.010451739677817314
0.3220532611309896,0.634317145870366,0.04362959299864421
0.5866708158555987,0.37014406293112995,0.04318512121327214
0.8812863349224048,0.1113779424273921,0.0073357226502022916
0.3315239785889658,0.6290570865188172,0.03941893489221797
0.3525577589811513,0.6376377250174801,0.009804516001368516
0.3473324482047036,0.6330099929730596,0.01965755882223723
0.46994071815872096,0.5128939909362777,0.01716529090500016
0.619186708195687,0.36909489348008023,0.01171839832423401
0.5993752490560467,0.37193137906630225,0.028693371877649847
0.6223728460454105,0.36039825101839823,0.017228902936192347
0.4027293496627502,0.5865449524474072,0.010725697889841264
0.7073619140734807,0.28769779393226486,0.004940291994254303
0.3645045312285431,0.6259038935010336,0.00959157527042538
0.37655925532009044,0.6163625207409181,0.007078223938992361
0.5535646039781088,0.433277766048244,0.013157629973647514
0.3510316487340211,0.6412325263726013,0.007735824893379492
0.7990264626033032,0.1970869379845952,0.003886599412102639
0.6424932485197197,0.3437313916763469,0.013775359803932635
0.6014034811289428,0.3789096817729678,0.019686837098090486
0.4215237569192757,0.5579845742731944,0.020491668807531834
0.3382902185202904,0.6418212901440083,0.019888491335700427
0.6997983537448057,0.2825031910797058,0.017698455175489132
0.6221858011448878,0.35610575567650055,0.02170844317861036
0.5091800403256381,0.47382119210759643,0.01699876756676443
0.5255162634675767,0.456231183213191,0.01825255331923075
0.40070489503900103,0.5773800838591239,0.0219150211018756
0.7697083870048068,0.22400116397085887,0.006290449024332251
0.36081965470884564,0.5382086987352999,0.10097164655585537
0.16388299894997335,0.7963641917745568,0.03975280927546905
0.3704608292306945,0.6049622455469644,0.02457692522233987
0.9208146106857712,0.07691562119212514,0.0022697681221032547
0.6744925777425637,0.314379851369461,0.011127570887973363
0.604470927817761,0.3793703066016689,0.016158765580572113
0.2751276759232508,0.6969266817060328,0.027945642370714886
0.6660452836854255,0.3054656172158699,0.028489099098705083
0.41145587742055156,0.5778907950270322,0.010653327552414642
0.49654928086569605,0.48325505672948066,0.02019566240482431
0.5808276691870207,0.402388534583077,0.016783796229900592
0.7940875589005679,0.20268043443672973,0.003232006662702511
0.35563869726215896,0.6134375341990997,0.030923768538741403
0.8070723502593188,0.18754089364884763,0.005386756091835878
0.7211115879039567,0.2687163667894404,0.010172045306602292
0.5247901832969186,0.4539328254943357,0.021276991208744732
0.35693468922102345,0.6294317027004968,0.01363360807848359
0.2652006270801481,0.7226720611185231,0.01212731180132945
0.7523251346059765,0.24548985898568856,0.002185006408333488
0.1940344347961387,0.7893021227300439,0.016663442473816376
0.4252649826716502,0.568142349421949,0.006592667906401825
0.6929308577411726,0.301873284309773,0.005195857949053711
0.6482325759692416,0.32975632601183463,0.022011098018923755
0.5424436229330494,0.448069588220667,0.009486788846284958
0.7141426357290942,0.28112323561584107,0.004734128655066897
0.49356933573272743,0.4914787710214227,0.014951893245850284
0.8992031118602318,0.09478077720289238,0.006016110936875693
0.5243239813912474,0.46324986318970196,0.012426155419050422
0.673247941741912,0.32103902480351304,0.005713033454576052
0.3683105322481815,0.6256717072237745,0.006017760528042196
0.5346012668058211,0.44519750632296035,0.020201226871217965
0.3014199094138638,0.6862974804376946,0.012282610148440126
0.4885152253321225,0.5012913238115514,0.010193450856327476
0.2779292585713726,0.7155943255101349,0.006476415918491572
0.4088210982564108,0.5767885718650337,0.014390329878557874
0.25849710350923744,0.7313713200046709,0.010131576486089679
0.6069357479265624,0.3773131092192364,0.015751142854200453
0.6779683273737643,0.3146967638725256,0.007334908753708237
0.5070698965851755,0.48199146083563466,0.010938642579189854
0.5997536425434197,0.3797743260829427,0.02047203137363896
0.763159151446408,0.2351834167159019,0.0016574318376859482
0.5370838651935708,0.4475813388690723,0.01533479593735794
0.43419114304057366,0.538122126900646,0.02768673005877955
0.9025942093626426,0.09361342300517035,0.0037923676321873884
0.2202821645342691,0.7703491354705704,0.009368699995160667
0.49251603797076043,0.49541106548873637,0.012072896540503765
0.7970011815658871,0.19699791592913796,0.0060009025049738195
0.5586911274502127,0.43163782484253355,0.009671047707253477
0.5974706490471172,0.3893874217095993,0.01314192924328131
0.4658547195509375,0.5080769617454488,0.026068318703613383
0.6274204555951199,0.3673289456522119,0.005250598752670398
0.2707810877097786,0.7200262368873231,0.009192675402899642
0.8356038423853973,0.15674892400665144,0.007647233607951076
0.4726088149248152,0.5149042103034729,0.012486974771712627
0.7279199852783476,0.2664353871029911,0.005644627618661619
0.825858153811286,0.16878407993384648,0.005357766254865434
0.6385098475601377,0.3552818357629986,0.006208316676862279
0.6483706223732273,0.34374130400818337,0.007888073618589871
0.7537843953503197,0.23892265671047477,0.007292947939206347
0.3889647901572373,0.6021582017542799,0.00887700808848162
0.618389101056312,0.3764595115952415,0.005151387348445062
0.7549116126317242,0.24189878491156783,0.0031896024567072126
0.4016628804049228,0.5898520516328204,0.008485067962257986
0.6588702071571753,0.33312191133655866,0.008007881506263472
0.31726542831657467,0.6679341772677383,0.014800394415687174
0.6172043934293456,0.3776081534479373,0.00518745312271743
0.4180579987767242,0.5710883400300263,0.010853661193249198
0.46687781080481633,0.5113977783869184,0.021724410808266113
0.7241195552767211,0.266894883408906,0.008985561314372592
0.9647470851282546,0.0336062671546886,0.0016466477170544267
0.705379514824276,0.28999574407113665,0.004624741104587805
0.12657333339020918,0.8123442858510078,0.06108238075878048
0.35322377401913385,0.6128359469413511,0.033940279039514576
0.8566699709125596,0.1387114521140546,0.0046185769733849726
0.8812374803112769,0.11665126904898418,0.002111250639737656
0.36903048739127103,0.610613438439331,0.02035607416939608
0.35027603333515817,0.640551127275064,0.009172839389778637
0.2568798797362345,0.7146078372646628,0.028512282999102165
0.7843314346401388,0.2122634972126045,0.00340506814725769
0.7255902939804553,0.26252293212908573,0.011886773890458254
0.5445858799501803,0.44934524777064827,0.006068872279171902
0.675403529701133,0.30595321103438206,0.018643259264486477
0.7152385725780004,0.27318443380664914,0.01157699361535143
0.7569605719702348,0.2363436372975716,0.006695790732192813
0.3083247055912463,0.6785006335174437,0.013174660891311992
0.7313404102022534,0.2656344546641274,0.0030251351336214463
0.8434930528704128,0.15284331118438238,0.003663635945203938
0.25062855543472007,0.7348683361022225,0.014503108463058542
0.7940124385129457,0.2004337775292289,0.005553783957824945
0.552259902135079,0.4365660428730608,0.011174054991859441
0.6314145757581475,0.3473943630674984,0.021191061174354844
0.6729440731684492,0.32129158855223644,0.005764338279314082
0.5276972157812989,0.4443611746678959,0.027941609550805813
0.5900530151794797,0.39726590400444406,0.012681080816074457
0.3912453470398304,0.5914087156195665,0.01734593734060261
0.6951705957216726,0.2952913066296853,0.009538097648640732
0.3653530471775316,0.6228514378486304,0.011795514973840238
0.3516093469478133,0.6258547854183529,0.022535867633832814
0.7619837673097211,0.23030191241931372,0.007714320270967682
0.6402068684511985,0.35312263714169356,0.006670494407109013
0.35358361856941956,0.6287321899940139,0.017684191436565824
0.42958695501204813,0.5529850714209946,0.017427973566957335
0.6621114929589755,0.3198609969769953,0.018027510064028897
0.22741282983421673,0.7514340439686671,0.021153126197118323
0.697866752046161,0.29096925421505215,0.011163993738787547
0.24171879794188986,0.7554463002161557,0.00283490184195575
0.7035240400940602,0.288441288305938,0.008034671600003112
0.8648448435532383,0.13136473741696136,0.0037904190297992453
0.5010809488077501,0.48803926639166206,0.010879784800587777
0.5724082453754227,0.41003532129090625,0.017556433333672312
0.8005472866172013,0.1923039325177301,0.007148780865067497
0.6638619109392166,0.32974621448903313,0.006391874571752027
0.49694669164382504,0.49167217809321323,0.011381130262962239
0.2988953249005251,0.6988222344037298,0.0022824406957478757
0.19082757461812463,0.7807017181576376,0.028470707224238105
0.46451249466943967,0.5105320583626709,0.02495544696789126
0.3976917882708822,0.5991718047253954,0.003136407003721761
0.4260559303991395,0.5341183450641034,0.03982572453675819
0.653903647857656,0.3373354402970219,0.00876091184532344
0.36651399776639193,0.6078034839660263,0.02568251826758318
0.3852621609429563,0.5891515734218233,0.025586265635219686
0.6694343523962994,0.3271689957105551,0.003396651893142563
0.3891855144835923,0.5817661326660615,0.029048352850346584
0.5134112916555302,0.4799627308110793,0.006625977533389956
0.8532469844986481,0.14377958298150414,0.002973432519847021
0.5660268559006927,0.4217300461238791,0.012243097975428734
0.37261255670875293,0.6152229300924573,0.0121645131987887
0.13737134000073276,0.8471285173376187,0.015500142661650536
0.1882155643832402,0.8052678989408065,0.006516536675952792
0.42954020649982505,0.5593490804661321,0.011110713034045492
0.5635684008609004,0.42354894964244494,0.012882649496655295
0.6658856405134036,0.31857763529849564,0.015536724188099604
0.3158811552727703,0.6763062498643378,0.00781259486289154
0.4510988699662296,0.5378741801602902,0.011026949873480324
0.3408917097209779,0.6495832281819346,0.009525062097087087
0.3606857103873292,0.5993637887759848,0.03995050083668588
0.8192672649680243,0.1766059865117576,0.0041267485202179125
0.3650713698334326,0.6101027665119737,0.02482586365459397
0.3884114127183879,0.5969587831334188,0.014629804148193414
0.45915964217698535,0.525865659018052,0.014974698804961955
0.5333585749389028,0.4597807769046781,0.006860648156419471
0.5980690940356658,0.3987025111828665,0.0032283947814678426
0.5753938030097279,0.4213928042630244,0.003213392727248319
0.43786433835369604,0.5521692137440375,0.009966447902266034
0.6459703867875339,0.3311979765742835,0.022831636638183606
0.31976252814495526,0.6294926751126612,0.05074479674238294
0.488876904233512,0.5036064993309911,0.007516596435496741
0.8318115649967631,0.1650067589960152,0.0031816760072220264
0.6076275401713336,0.38077802630826374,0.011594433520403237
0.5678256781721768,0.42319141452669784,0.008982907301126148
0.361832211265776,0.6198918812054419,0.018275907528782102
0.27483163261282517,0.7057323186508934,0.019436048736280194
0.5469805809812723,0.4428594835198001,0.010159935498929082
0.6375249699345286,0.36098658037300724,0.0014884496924642025
0.5571292242225735,0.43527882958784814,0.007591946189576758
0.7083968456766043,0.2782529514917351,0.013350202831660898
0.5408026911798381,0.45545693369855367,0.003740375121608156
0.5427113877567205,0.4503807360952611,0.006907876148019014
0.4368388289182614,0.5464463352830056,0.016714835798733323
0.7476966049967309,0.248372550435927,0.003930844567339961
0.7820114008802318,0.20901563111431012,0.008972968005459353
0.6580389264675088,0.3214779890984289,0.020483084434063194
0.7843817986966862,0.20923979426110947,0.006378407042206361
0.39546841894104773,0.5939627329676731,0.010568848091280303
0.6309217264422551,0.3555703656759412,0.013507907881803146
0.5350688430755963,0.4451251059517078,0.01980605097269571
0.518820755830255,0.4706963022454933,0.010482941924254018
0.30674382201394657,0.678450530751681,0.014805647234372395
0.41391158457945654,0.5745783173448319,0.011510098075710833
0.8176525588009779,0.17833775664812876,0.004009684550895351
0.5214588054697591,0.46977479238902625,0.008766402141213714
0.6152244690758046,0.36746221703395404,0.017313313890242037
0.3670527160108734,0.6213387393349532,0.011608544654172152
0.35903360249432026,0.6150048297255458,0.02596156778013422
0.6455282657658863,0.3356572271036862,0.01881450713042759
0.6708125117752749,0.32254402886891453,0.006643459355810456
0.7367534495438531,0.24453361316195119,0.01871293729419671
0.516556565950768,0.47522556190239307,0.008217872146839571
0.25640369466650126,0.6754803349631059,0.06811597037039065
0.7874449821212501,0.20869662475453202,0.003858393124219459
0.6432156132338863,0.32554058647351347,0.031243800292599072
0.42830491793054454,0.525420708294754,0.04627437377470193
0.30714687287866277,0.666984051689357,0.025869075431977234
0.38274481972317775,0.606724110617613,0.010531069659207127
0.43475021788386276,0.5528281519831789,0.012421630132958201
0.8134428142291118,0.18050929916032332,0.006047886610563912
0.44669646046448874,0.531271449302535,0.022032090232976576
0.6491114754550505,0.3464403817971611,0.004448142747789938
0.8225332748665375,0.17368575871754965,0.0037809664159127038
0.4239742158405074,0.5508399921933904,0.0251857919661029
0.2714282927005516,0.6828240072452,0.045747700054248636
0.6214182160976451,0.3713950972365967,0.007186686665760072
0.6303829049085092,0.3664627333837159,0.0031543617077737828
0.8201804005968518,0.16426785371535108,0.015551745687794919
0.46667043246922263,0.505602113211692,0.027727454319085906
0.516313153845203,0.4675231239733601,0.01616372218143736
0.3529972963962494,0.629377798831408,0.017624904772346094
0.8038846010440173,0.16230973112377686,0.03380566783220547
0.6166101820651844,0.37823311689304434,0.0051567010417689916
0.2983092820581737,0.6862014534547575,0.015489264487069476
0.48464362798876137,0.4931268223475445,0.0222295496636944
0.6827447700705622,0.3108683009295239,0.006386928999914198
0.4145679702796537,0.5116227683962639,0.07380926132408225
0.7451909368921723,0.24751158213344196,0.007297480974384382
0.5730928690518245,0.4243651452066762,0.002541985741497654
0.4893484198590597,0.4946037219768392,0.016047858164102455
0.6461473641499313,0.34395068236316356,0.009901953486904647
0.7223502521817146,0.2638727358633993,0.01377701195488597
0.5740431315833595,0.4134971043889289,0.012459764027711928
0.6534975490276996,0.3338479952496608,0.012654455722639592
0.26500488037367453,0.7125779611025324,0.022417158523792134
0.5052364863264212,0.44184823706800885,0.052915276605571666
0.5269275632258307,0.46704048507976753,0.0060319516944020764
0.8089031058288649,0.18824544492032402,0.002851449250813221
0.827237998376412,0.17083807212046553,0.0019239295031236079
0.7504211276509424,0.24126247622303004,0.008316396126027277
0.5563987832014736,0.4354054618099392,0.008195754988588093
0.43754020353190487,0.553109738233418,0.009350058234679225
0.8426890296531796,0.1502266861551828,0.007084284191638221
0.5740763022130317,0.41462342550660275,0.011300272280365226
0.6879244807944609,0.30497887292874265,0.007096646276796091
0.6481317206159806,0.3463917734378744,0.005476505946145474
0.7881678437161078,0.19107671593732578,0.020755440346569703
0.49408014498399605,0.48838224876265374,0.017537606253349908
0.8348963338827265,0.15714881317178325,0.00795485294548879
0.5830355118065805,0.39943711227296347,0.017527375920455127
0.3222467509743999,0.6471229719591579,0.030630277066442474
0.41586801258233147,0.5448784698560901,0.03925351756157807
0.7535468456190956,0.2392579720395977,0.007195182341308957
0.7620650812297088,0.2293669683147762,0.008567950455516051
0.5597231726957927,0.4156805826875862,0.02459624461662098
0.6072258923505265,0.3868421170867025,0.005931990562771949
0.44629711094839947,0.5457422691751014,0.007960619876497913
0.35423431341939765,0.6020995146857125,0.0436661718948925
0.689532149463545,0.30436264920190115,0.006105201334555325
0.16875132397334996,0.7972603571140747,0.033988318912575054
0.7597046328339798,0.23517923638370666,0.005116130782313872
0.39492393486864735,0.590202595274257,0.014873469857098462
0.5143521964162567,0.47217037952784424,0.013477424055898546
0.7276667468623627,0.26645293756756416,0.005880315570074271
0.30134288065352083,0.691687565348121,0.0069695539983575
0.2740684783525522,0.6799634528137055,0.045968068833741264
0.7631253239238389,0.23117351027075722,0.005701165805402223
0.21901006353080613,0.7064575105847789,0.0745324258844149
0.4653080556039569,0.5168188161754651,0.017873128220574973
0.708309820672335,0.2854634750753589,0.0062267042523059205
0.7627829070877387,0.2339645906627914,0.0032525022494698293
0.2689849179310296,0.7271380811671544,0.003877000901820182
0.5463787083020596,0.44501796086507234,0.008603330832867389
0.7359673574253521,0.2602656178837563,0.003767024690892116
0.5906345088529407,0.4041158267572592,0.0052496643898020025
0.4790277006116282,0.5086548797810893,0.012317419607280115
0.807945668931919,0.1901125374117569,0.0019417936563249259
0.7210131049716155,0.26945313973171897,0.009533755296665065
0.4041288012974901,0.5733793988951554,0.02249179980735292
0.22004187592896535,0.7635541725099696,0.016403951561064244
0.5658415086877501,0.4211907425083298,0.012967748803920208
0.45363089784061145,0.4993642582341586,0.047004843925230605
0.40293037920639346,0.5828315873713944,0.01423803342221104
0.7661767931575395,0.23210294469078427,0.0017202621516772792
0.6459669369350141,0.3444769417341077,0.00955612133087793
0.6616199514292995,0.3149256046934076,0.023454443877292796
0.3219482639092299,0.6602621498159713,0.017789586274798774
0.3566938928836505,0.6348376487919775,0.008468458324371708
0.5152693544258605,0.47615521326902005,0.008575432305119783
0.14303600873308953,0.8078744024825966,0.04908958878431319
0.8070723502593188,0.18754089364884763,0.005386756091835878
0.4139028989649916,0.5754708449721059,0.010626256062904271
0.4404847917394132,0.5386243432021476,0.02089086505843664
0.23187140361201003,0.7265275770834986,0.041601019304490956
0.6927327921091175,0.29964492109965013,0.007622286791232524
0.4622801104088641,0.5139374736952185,0.023782415895916224
0.39709608710375816,0.576094818648903,0.026809094247336712
0.3688323993162021,0.6135067498212748,0.01766085086252286
0.6557128764481212,0.3321757670267829,0.012111356525094099
0.27796678578418316,0.701092381392569,0.020940832823248188
0.5945036465671559,0.3993982867689054,0.006098066663936737
0.6262078582799514,0.362396483832689,0.011395657887359401
0.38264839728322614,0.5979388231233067,0.019412779593466795
0.33897352016684107,0.6474432745965258,0.013583205236634133
0.5334893617809247,0.45565390164170655,0.0108567365773684
0.5076444674734324,0.47799919677658365,0.014356335749984104
0.5574446423100194,0.4361595803928259,0.006395777297155513
0.4823935828973856,0.5138821345734628,0.0037242825291512014
0.35865625985425037,0.6226281588876255,0.018715581258123802
0.6086514768571798,0.38843324210573354,0.0029152810370875063
0.6011798954590444,0.3930025403678769,0.005817564173078135
0.7190545585490821,0.2662906849814604,0.014654756469457563
0.28676474548342445,0.6745053257173415,0.03872992879923276
0.31607899811203294,0.6424170264584198,0.04150397542954869
0.8434562223706619,0.1525771235326723,0.003966654096664674
0.5921411829542921,0.3989009230109872,0.008957894034720394
0.8792018205814472,0.11756846461684828,0.003229714801703266
0.3976079774716525,0.5866906295414209,0.01570139298692724
0.7522291233712876,0.245410931140803,0.0023599454879100167
0.6965055372620348,0.29750387569200354,0.0059905870459620435
0.5578638329417047,0.4305736571919305,0.011562509866365879
0.6025983666825838,0.38948189897219665,0.007919734345218667
0.7621563121819308,0.23247541929042087,0.0053682685276489365
0.6727546312272427,0.31416700005507187,0.013078368717685616
0.5745432133672306,0.41422400463383385,0.01123278199893638
0.7982555788519217,0.19610348333085423,0.00564093781722518
0.6679889449816989,0.3188966127216533,0.013114442296647653
0.701334849433505,0.278092920969861,0.020572229596635808
0.24171074501577333,0.7478385054946228,0.010450749489604397
0.4598670594577046,0.5233464173163779,0.016786523225918917
0.2772772145276138,0.671156613952034,0.05156617152035201
0.5514243335167617,0.43307861877685594,0.015497047706382654
0.6266798397069162,0.3693417135302067,0.003978446762876329
0.8443280977586071,0.15256876153624999,0.0031031407051443386
0.691205564802718,0.3004021996498586,0.008392235547424395
0.49342382387072425,0.4957383381986222,0.010837837930652504
0.32581593895384264,0.6214912041124626,0.052692856933696734
0.5566244699000619,0.43395572389463694,0.009419806205302856
0.42840294498018344,0.554695985873925,0.016901069145894138
0.38961696532793694,0.5994957730554245,0.010887261616638765
0.629674564093771,0.3426072262210571,0.02771820968517236
0.5452918746098394,0.41772610931324516,0.03698201607691497
0.7683050664006104,0.22676184038610128,0.004933093213288261
0.6926504467467055,0.3019654099503226,0.005384143302971627
0.6355596020398926,0.34996678244981666,0.014473615510292349
0.8392049389887754,0.157548836933639,0.0032462240775839707
0.16985921307427637,0.8194650566907724,0.010675730234947379
0.8140904693263293,0.17983334397055298,0.006076186703117061
0.6363650543529096,0.35939357372330577,0.004241371923784376
0.4496397892778853,0.531763555370022,0.018596655352094326
0.8620705435526003,0.1331746004762555,0.004754855971142396
0.7679661017552722,0.2275142400195446,0.004519658225183176
0.4101525547714556,0.573564822388004,0.016282622840540155
0.47277070595665377,0.5158270123988419,0.011402281644503031
0.766748016020188,0.22842048867210202,0.0048314953077088765
0.6543049573006623,0.34249649334850707,0.003198549350830595
0.2081511818980429,0.7541159611357531,0.0377328569662036
0.4349795488167571,0.5474263879826825,0.017594063200559344
0.4018450033772488,0.5943604426091543,0.0037945540135963965
0.6966473348493033,0.2873783905800372,0.015974274570659152
0.5217149601207697,0.4593707372549709,0.018914302624259225
0.7216214622391913,0.27265216933965775,0.005726368421149471
0.4426467001568221,0.5535614662210511,0.003791833622126166
0.4632100093913354,0.5316124791387363,0.00517751146992972
0.43880490081704143,0.5472908438526558,0.01390425533030144
0.42940211608851064,0.5636874209534685,0.00691046295802077
0.3950336434029034,0.5621555258655176,0.04281083073157786
0.5607739755893304,0.42329495776866866,0.01593106664200092
0.4476996569820122,0.541838020167451,0.010462322850536427
0.6585473782320462,0.33631475484218265,0.005137866925772885
0.5749544876955447,0.40930801306268405,0.015737499241771726
0.6208875970048534,0.3724802377813568,0.006632165213789908
0.6894485401754374,0.3006410818797328,0.009910377944832299
0.16467615028603852,0.8160511745609085,0.019272675153051828
0.5759412649479269,0.41028274614127025,0.013775988910801262
0.36804379368453327,0.618724649054655,0.013231557260810831
0.5664940667468095,0.4286260966601088,0.004879836593080565
0.8600758335882753,0.1344614490997503,0.005462717311971772
0.63437752289476,0.36389893192432043,0.0017235451809204695
0.8505773202293847,0.14712512159437963,0.002297558176235351
0.5470545728990257,0.4371947744532773,0.01575065264769731
0.7324371153121108,0.2633780585308203,0.004184826157069187
0.18808271839598864,0.7937251451074688,0.018192136496541812
0.8469314959043888,0.14733963796341018,0.005728866132199939
0.3706946667489964,0.6187529166790176,0.010552416571986358
0.5239057099624714,0.46392686400105737,0.012167426036471264
0.553957414263018,0.4365351853130316,0.009507400423950933
0.6871437923322402,0.2948192975536444,0.018036910114112747
0.42655671191641825,0.5498641683357434,0.02357911974783978
0.27767793027141274,0.7063149970634877,0.01600707266509847
0.7194788141520889,0.27158040671741174,0.008940779130499489
0.9011702127495337,0.08898855140852484,0.009841235841940445
0.46169584710750405,0.5352026431378358,0.0031015097546607273
0.8493818397129806,0.1487347576231704,0.0018834026638484885
0.7785442552056657,0.21522081416478864,0.006234930629550223
0.37016392508863005,0.6154623709026134,0.014373704008757494
0.43237440525929893,0.5427179174081271,0.02490767733257354
0.29075944092333345,0.6959726808178657,0.013267878258800837
0.4580079687559898,0.5309264399499778,0.011065591294031875
0.3314533203180858,0.5582841783876142,0.11026250129430162
0.8585442887550125,0.13626563270804326,0.005190078536944293
0.4318402633595219,0.5491697886072751,0.018989948033203086
0.15182294564392576,0.7928400183301705,0.05533703602590499
0.9461049505727608,0.051107632040919754,0.002787417386317638
0.39536161082829435,0.5900684931345417,0.014569896037162923
0.46487524283181364,0.5260574111650187,0.009067346003169606
0.795991834205655,0.19805959514146884,0.005948570652874996
0.5143831313291823,0.4808120931495332,0.004804775521282376
0.8012585465856724,0.19348989252989837,0.005251560884429266
0.8782506810660855,0.11860741695511572,0.0031419019788003827
0.5341906603399058,0.45787472909115545,0.007934610568937548
0.41899708580424094,0.5721563813868958,0.008846532808865229
0.44489182019977586,0.5441612378808905,0.010946941919332794
0.3725800830194975,0.6249888290686414,0.0024310879118613076
0.6892271417353654,0.30668230159349186,0.004090556671143501
0.45942723887919834,0.5301847763450066,0.010387984775794865
0.8351801615390694,0.15677036191649626,0.00804947654443479
0.16588060128980409,0.8043921832847047,0.029727215425490307
0.24542003003374988,0.7207763172370003,0.03380365272924961
0.6562378941710257,0.3395548861081777,0.0042072197207993515
0.2964203335295047,0.669809489030622,0.03377017743987245
0.918849172333621,0.07874053400622007,0.002410293660159569
0.7178528726524744,0.27985699249570534,0.0022901348518207854
0.6053660569085135,0.3894267811455302,0.005207161945954629
0.5077824112953137,0.4823817609790247,0.009835827725660766
0.2526973574055084,0.7320549570444579,0.015247685550035316
0.4020761342258714,0.5853803752322305,0.012543490541897887
0.1534115908237894,0.8179765691195932,0.02861184005661893
0.8709128842106546,0.12032900189813375,0.008758113891212397
0.31816049555642545,0.6727747906128474,0.009064713830726882
0.3839524264847872,0.6099258238175131,0.006121749697699336
0.47477291355898305,0.5109904106041271,0.01423667583689064
0.36042818342635996,0.6114648083600098,0.02810700821362855
0.4768674817903779,0.5134737516836473,0.009658766525974104
0.5788382844308689,0.41160481524264797,0.009556900326482272
0.6918829880442108,0.2998646170012656,0.008252394954524523
0.7183725301861924,0.27687617646929996,0.0047512933445068685
0.806427948152825,0.187773090766494,0.005798961080680841
0.6545062079660113,0.3374838134148534,0.008009978619136352
0.6310095970538929,0.3590643716419196,0.009926031304185717
0.5042463046390492,0.4834790047109026,0.0122746906500488
0.322802286227326,0.6539896674154047,0.0232080463572693
0.43232122916998555,0.5619697710073885,0.0057089998226283415
0.39570412640936076,0.5192269667503944,0.08506890684024464
0.287854727365423,0.6716621211032627,0.040483151531315854
0.449620305084055,0.5212849869254177,0.029094707990525766
0.5898981741835251,0.4073302503187217,0.0027715754977508224
0.649339469641624,0.34889324111275377,0.0017672892456228665
0.2531470200900536,0.7254933412640091,0.021359638645938085
0.8171351279446399,0.17629435987843917,0.006570512176920473
0.22277035475663215,0.7479213954977059,0.02930824974566227
0.5575099482461277,0.42888708390197466,0.013602967851899309
0.8869914234466143,0.10696596512031956,0.0060426114330664246
0.5941889725287914,0.39148781722909554,0.014323210242115426
0.4496328368176447,0.5352162442713773,0.015150918910975992
0.3152067096675149,0.6592596121362737,0.025533678196211333
0.5770361895119968,0.39288005572254825,0.030083754765456164
0.603112389387219,0.38742057648043793,0.00946703413234271
0.7003201625775548,0.29518970606056966,0.004490131361875826
0.6029681205908239,0.37129812075063345,0.02573375865854247
0.27313005293729975,0.6616775551571241,0.06519239190557675
0.833456932163547,0.16396892348853487,0.0025741443479182905
0.21474099818636802,0.7149641569386114,0.0702948448750207
0.2672177063404884,0.7271549263145459,0.005627367344966281
0.22179076999385233,0.7651803000552475,0.01302892995089955
0.7130831738752715,0.2768882511954307,0.01002857492929742
0.52675239313181,0.4619505136860633,0.011297093182125219
0.8068248244822958,0.1890252894296314,0.004149886088071603
0.8306755889472524,0.15992458230131407,0.009399828751435078
0.16912140176978668,0.8135888783298932,0.017289719900318253
0.10787777121279658,0.8813976416906647,0.010724587096537631
0.2508799034402077,0.7337384083333901,0.015381688226403139
0.7849531977009236,0.2026057333388138,0.012441068960263363
0.2914218958287852,0.6811006787087052,0.027477425462510658
0.48927547659038584,0.4435676401797676,0.06715688322984725
0.1832575732872288,0.7784622507508948,0.03828017596187456
0.481598917900227,0.5150815838049444,0.0033194982948285237
0.3626512894777126,0.6006558287560613,0.03669288176622741
0.6093830080096745,0.3729349956617994,0.017681996328526736
0.7371106616403749,0.24836701078636694,0.014522327573258201
0.22128679948476845,0.7100020229629853,0.0687111775522466
0.8660600455661178,0.130509706011418,0.0034302484224635896
0.5729975954302413,0.40815289854374165,0.018849506026016156
0.48056381110054275,0.4981778178855499,0.021258371013907255
0.2672942396746291,0.7107474632284706,0.02195829709689964
0.39415368158399333,0.5866481050060731,0.019198213409932902
0.4073224205163266,0.5868581890382956,0.0058193904453771005
0.6924680002014826,0.30248057316535965,0.005051426633154827
0.6307295465981313,0.36050181436126827,0.008768639040601676
0.6582693212819145,0.32643082756224845,0.015299851155838456
0.7646064218677271,0.23031259087464523,0.005080987257629906
0.7520125771446671,0.23490426128654301,0.013083161568790887
0.5716966904434388,0.415754164934014,0.012549144622549418
0.3861917428300034,0.6006500035205047,0.01315825364949097
0.5249494929044013,0.46282687064459177,0.012223636451004828
0.2363700514829133,0.7192073623679347,0.04442258614915171
0.6132018025364762,0.38244670709214224,0.004351490371380531
0.2756909358590445,0.7017323581250149,0.022576706015941722
0.40897539523458715,0.5851808206433656,0.0058437841220481904
0.36090677902728163,0.596136005022652,0.04295721595006746
0.5346811322564353,0.45246010450471186,0.012858763238852886
0.8972422187195881,0.09936343355012833,0.003394347730283167
0.6688378169447126,0.32143846918978647,0.009723713865501754
0.32110597486175263,0.671398241402954,0.007495783735295096
0.7236925455346702,0.2667013819386835,0.009606072526646976
0.3584290308519622,0.6289006071090906,0.0126703620389461
0.384989087332137,0.6049011135571235,0.010109799110739332
0.9078433235934116,0.08655717510994558,0.005599501296643329
0.36941722671027066,0.620667618906146,0.009915154383582335
0.2854554107535541,0.7046495927857378,0.00989499646071104
0.8776507122206736,0.1196024396641355,0.0027468481151927578
0.7763937283210837,0.21579077413556474,0.007815497543353532
0.2572925747101249,0.686772225180415,0.055935200109457725
0.3356808380374117,0.6445092589610558,0.01980990300153348
0.29697743571762125,0.6835834257565349,0.01943913852584199
0.8383865986442254,0.15841876883612693,0.003194632519648848
0.5821608460611488,0.4099539567406607,0.007885197198193073
0.7071795215458022,0.2890658726280413,0.00375460582615606
0.33402923216970204,0.6523656356201946,0.013605132210104195
0.6819160084774201,0.3068056543556644,0.011278337166916803
0.280645803408951,0.6479299493734954,0.07142424721755372
0.8505049935717106,0.14527337551698546,0.004221630911306663
0.7499646190221663,0.24310185803478532,0.006933522943047198
0.33245643607297776,0.6581657172490241,0.00937784667799728
0.8663536137435024,0.13065118389353444,0.0029952023629609545
0.6571226787520551,0.32808995526103346,0.014787365986911407
0.17723253016157609,0.7605843186831508,0.062183151155275326
0.7283385433605426,0.2640638374630869,0.007597619176370283
0.7967830491274236,0.19947817955475927,0.0037387713178177752
0.43473320280038585,0.5453112381450399,0.019955559054573302
0.8461262250126513,0.15156235422055658,0.0023114207667908468
0.44112291989747654,0.55265254653207,0.006224533570451711
0.6982020115088418,0.295853687931386,0.005944300559771674
0.4599745135388096,0.524021957757904,0.016003528703285686
0.4120820632832339,0.5743759239081783,0.01354201280858926
0.7640808716512589,0.2325863309789585,0.003332797369781975
0.22596315372396616,0.7490221035265519,0.02501474274948022
0.5983282311232785,0.3933706972438395,0.008301071632883118
0.29150730653927187,0.6622360688122372,0.04625662464849274
0.38115945805299256,0.6087637809655674,0.010076760981440206
0.4412857391602181,0.5436276086415007,0.015086652198280962
0.5885146637487112,0.40682179410814945,0.004663542143139807
0.7818309906760909,0.20620814625346293,0.011960863070445436
0.34968110986476514,0.6399990027306486,0.010319887404587672
0.7586920602315527,0.2284884263040655,0.012819513464381638
0.65804557747724,0.33671563218108874,0.0052387903416701385
0.3500669098249052,0.6360120240450426,0.013921066130052966
0.6426482230428953,0.3419185038766493,0.015433273080455015
0.6560796249049373,0.33079489816275154,0.013125476932310299
0.40841245503082985,0.5641555042584558,0.02743204071071438
0.7018289619004452,0.2829464091430137,0.015224628956542021
0.7884962752554329,0.20307182948634192,0.008431895258224983
0.7741812339066545,0.21616709310699112,0.00965167298635331
0.6231428235050485,0.36520631682127314,0.011650859673679636
0.4654675186812923,0.5094560555509806,0.02507642576772755
0.56682438823388,0.42949310468306484,0.0036825070830552673
0.34095621083184413,0.6188592513513427,0.0401845378168151
0.8471862234805326,0.15035784145894274,0.002455935060526489
0.6811892077092145,0.31266907677336275,0.006141715517425665
0.6236200695802023,0.3661235973240817,0.010256333095715107
0.5305060684359023,0.4646980505380345,0.004795881026064348
0.7927240100137118,0.2019014883268733,0.005374501659415509
0.7312450378351226,0.26528373564131774,0.0034712265235557387
0.37157448849538716,0.6154288012275502,0.012996710277063011
0.6972461594322548,0.2972932159561779,0.005460624611567016
0.8029261609696557,0.19234896889111133,0.004724870139236606
0.7453815860839891,0.2469267161835699,0.007691697732441743
0.5576170511627505,0.4241834365140529,0.018199512323197192
0.8133548727694547,0.18372435447793822,0.0029207727526064597
0.36417922688166127,0.6307612653745865,0.005059507743752022
0.8918746104447017,0.10574094795357765,0.002384441601721473
0.525086588867259,0.4618694878463339,0.013043923286407048
0.6483376762773794,0.34445333545091744,0.007208988271704841
0.8699931619297003,0.12246550764908111,0.007541330421217499
0.38383751425856627,0.6002177662470513,0.015944719494381983
0.7510087902115188,0.24189646200781662,0.007094747780664258
0.7123016385856418,0.28073377678024247,0.006964584634113439
0.7761435499870287,0.20947806310426703,0.014378386908702162
0.4210115073666026,0.5585087217604128,0.02047977087298372
0.31150901027950106,0.6607193438738992,0.027771645846600794
0.6217068145553107,0.3687904699592098,0.00950271548547863
0.3027430858919157,0.6846853780002329,0.012571536107850513
0.7019385817525585,0.2706762404266118,0.027385177820829727
0.7017510443764994,0.2928042604680773,0.0054446951554228545
0.6275424290440775,0.3685037566748997,0.003953814281022829
0.48823265688230727,0.49696917031151494,0.014798172806177958
0.34325323445093714,0.6285214812560608,0.028225284293001824
0.44826570852272196,0.5127185287369391,0.039015762740338196
0.6377564538099076,0.3539866213491164,0.008256924840974941
0.7836491573802737,0.2079265046265762,0.008424337993151107
0.4755332494303679,0.5084213479413712,0.016045402628260617
0.5399655631213071,0.43000900922332475,0.030025427655367476
0.6891430060427769,0.29120541196493843,0.019651581992283406
0.7474547429906138,0.24033326768128035,0.012211989328105213
0.7516050663075665,0.24623073201173143,0.002164201680701902
0.3210345741037279,0.627519137472755,0.05144628842351524
0.6477498240911255,0.3401329193295122,0.0121172565793611
0.5479163336520997,0.4393815819577122,0.01270208439019014
0.37885468594880345,0.6051469096464741,0.0159984044047236
0.7484747260381297,0.24624748375412858,0.0052777902077417015
0.45262706931674934,0.5371718543440123,0.010201076339239029
0.5539870337154802,0.4392350299675092,0.006777936317009927
0.5649304729298209,0.43067036869443026,0.004399158375750148
0.20079003122375902,0.7889351799881097,0.010274788788131263
0.5510933344644142,0.44261949637602954,0.006287169159556598
0.5437742404275467,0.45283418267940917,0.0033915768930423405
0.8880816096387607,0.10921007424915212,0.002708316112088619
0.8525079417446844,0.14171332501552275,0.005778733239794017
0.2753614351525562,0.7124820360809506,0.012156528766493884
0.15202254814887395,0.8220966910319882,0.02588076081913725
0.75090270925583,0.24499504441425732,0.004102246329913656
0.29559876957717623,0.6863463398931734,0.018054890529649373
0.38419938769580425,0.5986178606416884,0.0171827516625079
0.6224057028504062,0.35693617862088717,0.02065811852870796
0.36271100648639304,0.5729416056635097,0.06434738785009653
0.6505483525431294,0.34206224177362143,0.0073894056832480345
0.706418076290874,0.28749236153456015,0.006089562174565615
0.30897488677331914,0.676568825380574,0.014456287846107556
0.764076713563491,0.2299421803508198,0.0059811060856884354
0.7099022701893108,0.28062474278548355,0.009472987025205534
0.4108937720735599,0.5789484812289237,0.010157746697513815
0.6060643333923992,0.3851916217325609,0.008744044875039722
0.49254001501682637,0.47921989427667644,0.028240090706498352
0.7639461542131187,0.22708324036259736,0.00897060542428463
0.7037800630756317,0.29083848621924857,0.005381450705120365
0.6717923413455814,0.3251454215156969,0.0030622371387236634
0.60012449484418,0.39779769356449995,0.002077811591321756
0.561992700566824,0.4330653966066198,0.004941902826555603
0.2677893053610733,0.7243544590745766,0.007856235564348567
0.2877058978492562,0.696848157190222,0.015445944960521119
0.5591194718717615,0.42779682772465044,0.01308370040359083
0.31921072852913096,0.6694989203032978,0.011290351167570328
0.5792424805922495,0.40573313500736746,0.01502438440038357
0.33539474141759734,0.6149065200949089,0.049698738487493066
0.6465284299969943,0.3472507244086488,0.006220845594358745
0.2287663016425183,0.652396013446235,0.11883768491124795
0.21398394542245439,0.7705414278487768,0.015474626728768929
0.6426325692257625,0.3434305496329359,0.013936881141301965
0.5330402510971607,0.455744992823558,0.01121475607928131
0.5530450433873838,0.4390142890425956,0.007940667570021848
0.7290170200118564,0.26170953494979843,0.009273445038345918
0.4637375606945069,0.5119594521623769,0.024302987143116895
0.5472165732327722,0.4430612530737644,0.009722173693464387
0.4459250689455746,0.5451467532468036,0.008928177807620761
0.574295731915038,0.4139966216897153,0.011707646395246608
0.6242362070193076,0.37301404136554916,0.00274975161514333
0.56981711802504,0.4221587561032024,0.008024125871757794
0.38867189102039823,0.5984805048225843,0.012847604157018149
0.4518656952193731,0.5348854244187982,0.013248880361825933
0.9623499317126476,0.03620758147281023,0.0014424868145449438
0.3869086996553441,0.5909961158454342,0.02209518449922203
0.45983464380267774,0.5246001157695158,0.015565240427807898
0.347083593459012,0.6068229787018365,0.04609342783914959
0.5421180691529818,0.44907216521294885,0.008809765634067173
0.24115446479575856,0.7391221507947827,0.019723384409458967
0.4157346820852093,0.5639196177386021,0.020345700176186456
0.8432794367298332,0.1536182809708759,0.003102282299294228
0.36742358739281616,0.5822529072335562,0.05032350537362716
0.7518633076404898,0.24418775415518926,0.003948938204321797
0.7271509166500042,0.26376095478789985,0.009088128562094167
0.2942288358906318,0.6717168599361595,0.034054304173210294
0.6971369829131244,0.2934015800353331,0.009461437051544326
0.39300541908173847,0.5907990958370677,0.01619548508119549
0.318904157949024,0.6661348703674824,0.014960971683494263
0.6013772221505352,0.388781372569244,0.009841405280219076
0.8239601388029822,0.17165193656632569,0.0043879246306927
0.3900430453927319,0.606172708271415,0.0037842463358534403
0.20502388449511832,0.7871102180773959,0.007865897427486675
0.854460602250472,0.14274489417636527,0.0027945035731598124
0.4682911049142975,0.5188361518545979,0.012872743231102764
0.4886545793993686,0.4908698303072205,0.02047559029341133
0.7865888053232839,0.20303256505920422,0.01037862961751298
0.5966101336946796,0.3989513844524461,0.004438481852874275
0.41463399092000913,0.5513793125346632,0.03398669654532591
0.42479742267903436,0.5362657447744242,0.03893683254654168
0.8578924942333304,0.13726118144787558,0.004846324318794617
0.39569620702214614,0.5954626796651427,0.008841113312711457
0.27662925002449645,0.6964585047871507,0.026912245188351704
0.7375966374445901,0.2536341443520645,0.008769218203342744
0.60664432189437,0.3748263924731078,0.01852928563252058
0.26143895838960024,0.7048745128386138,0.03368652877178729
0.8490534118880159,0.1480950536427487,0.002851534469236915
0.6493800112333203,0.3391233914575862,0.011496597309094072
0.37516484743656886,0.5971213839050449,0.02771376865838707
0.5955745001883592,0.39445797641239905,0.009967523399240112
0.5774102535891533,0.3920391095959012,0.030550636814946058
0.48355278819387765,0.4850484693822776,0.03139874242384381
0.4502258966044506,0.5364178263488927,0.013356277046656907
0.7694010130146759,0.21414120285101707,0.016457784134307124
0.8268309375138795,0.1710916416822888,0.0020774208038304856
0.8264318866350151,0.16540157994541588,0.008166533419567946
0.31760844589145726,0.6583028697947452,0.02408868431379743
0.7302008230749932,0.26661259447319635,0.003186582451809989
0.41754279139321643,0.5695393504531159,0.012917858153666167
0.34124226482649817,0.6398461949224936,0.018911540251006036
0.6318100646928412,0.3564912810617163,0.011698654245444003
0.8643252410082886,0.13413056501724183,0.0015441939744699456
0.7033653285133541,0.2931230063878445,0.003511665098801671
0.6447405669669078,0.3408614204330025,0.014398012600090932
0.4968259067002318,0.47079085605618354,0.032383237243583586
0.5619373339019607,0.4224163703526698,0.01564629574536776
0.7968642648535789,0.1975328999,0.005602835246422312
0.3379345969170082,0.6488521625142103,0.013213240568780931
0.6911166390409418,0.30071727949460586,0.0081660814644534
0.544011859640656,0.43262043837993536,0.023367701979409305
0.5722409233123352,0.41436010306067994,0.013398973626986662
0.2684877372187876,0.6938523721885478,0.037659890592665834
0.7079052543428519,0.28187361148426154,0.010221134172885669
0.46840673546968975,0.5049078217090825,0.026685442821226528
0.3588887409380516,0.6355579979175717,0.005553261144377507
0.6906251871984446,0.2988518371654844,0.010522975636069645
0.7960259519707343,0.19972981686864016,0.004244231160629283
0.4117741944599435,0.5670822218216243,0.02114358371843163
0.6453190657482741,0.34383796087278623,0.010842973378937446
0.7758641429957744,0.21662822559492573,0.007507631409300172
0.31305871798496093,0.6504974075902291,0.03644387442481138
0.7143187140530403,0.2805513908460609,0.005129895100898649
0.808595494535656,0.18542937826238703,0.005975127201956925
0.4942476165892943,0.49320699467866497,0.01254538873204136
0.8463574522090871,0.151769075222148,0.0018734725687656138
0.6417112809773666,0.35327574819834184,0.005012970824294029
0.45643297107662967,0.5245814656968748,0.0189855632264955
0.5481817290689668,0.41268575150219194,0.0391325194288439
0.6568172614679246,0.33592114909201487,0.007261589440060697
0.7257211544615247,0.26296575577259196,0.011313089765880944
0.4040837606606488,0.5755422910931034,0.020373948246246675
0.30837363129261813,0.6551237437929599,0.03650262491442341
0.31222885276683593,0.678020725293532,0.009750421939633297
0.7502514482747255,0.2292718508185348,0.020476700906739975
0.1619379488411328,0.8274582465968158,0.01060380456205168
0.4100489401083249,0.5763300827676092,0.013620977124065748
0.6635406662199534,0.3158960746470633,0.02056325913298194
0.45545068376862924,0.5382162776906396,0.006333038540732091
0.5295117939038959,0.45647491409205093,0.01401329200405354
0.7916879992216622,0.2044137081294875,0.003898292648849271
0.708083322870086,0.28799833541394393,0.003918341715970741
0.6386377959987379,0.3486053797062639,0.012756824294999377
0.5504894155139236,0.44076892388699024,0.008741660599088001
0.3266879952002063,0.6556027037907035,0.01770930100908881
0.3795709188979556,0.6092104557588741,0.011218625343170661
0.7453450470441928,0.24708346851893193,0.007571484436873633
0.5904545324586387,0.3990015818659435,0.010543885675418583
0.4745373602073972,0.5126046576079577,0.012857982184645135
0.22062660712777807,0.7605139240550471,0.018859468817175245
0.2248163845550006,0.7480993889399592,0.027084226505038958
0.38768329656606515,0.6038586866086696,0.008458016825268106
0.2935745727997489,0.6881414933610537,0.018283933839198244
0.7991419044461919,0.1980086985678486,0.0028493969859580966
0.6820609856178983,0.30790708255718985,0.010031931824911185
0.40473019899366375,0.5817925503857901,0.013477250620546066
0.4953412038522833,0.4945596466418273,0.010099149505891664
0.7241323141346231,0.2667456557042909,0.00912203016108745
0.6729248187431734,0.3198506691458632,0.007224512110965236
0.4729741317585454,0.5215321836872399,0.005493684554213364
0.5385125676016754,0.45472244949449475,0.006764982903830356
0.5330928445851083,0.4444311711221803,0.02247598429271051
0.7236239764236378,0.2730885107733726,0.003287512802989774
0.6522416713010838,0.33644675707560173,0.011311571623314247
0.5091429391175936,0.48017524524706406,0.010681815635341204
0.8387637617619275,0.15252207346128732,0.008714164776785268
0.5045076900672845,0.4735423687865249,0.021949941146190907
0.3740382643666273,0.6228454910673034,0.0031162445660680247
0.6317660730145458,0.35873449759894677,0.009499429386506577
0.37170575133558925,0.6218380740269339,0.0064561746374772345
0.5580677851704158,0.42412101812384284,0.017811196705742816
0.47239354320241544,0.4972300900440754,0.030376366753509004
0.7722615503457955,0.22413603139159022,0.0036024182626159195
0.5965360110888553,0.39136897411621346,0.012095014794931675
0.7987439528937819,0.19697872364740182,0.004277323458818759
0.29966552113008577,0.6576699439457617,0.04266453492415153
0.4668035582815148,0.51299669858628,0.020199743132204337
0.43608684498045336,0.5392683681339024,0.024644786885647064
0.5242286303267554,0.4643515100641419,0.01141985960910187
0.4303064473953246,0.5579655335189795,0.01172801908569549
0.7676909323914536,0.22341899462179382,0.00889007298675334
0.36779912754825544,0.6099187928060908,0.022282079645652087
0.5039822084340748,0.48869165439392215,0.007326137172004893
0.910350645871646,0.08273941791628606,0.006909936212070036
0.5973513106310642,0.39101600012455545,0.01163268924437973
0.6424287094715769,0.3433615734224507,0.01420971710597269
0.5581023993070761,0.42958154094239337,0.012316059750533383
0.6192401413704173,0.36210873874099075,0.01865111988859305
0.8333587559039223,0.1599378450507805,0.006703399045299277
0.2865210356173064,0.6837235229497817,0.029755441432914472
0.7073117512437815,0.2864635424086131,0.006224706347605424
0.49508485353129666,0.4919768106853245,0.01293833578337867
0.33440248276983575,0.6375059300319,0.02809158719826529
0.6914994127203167,0.2976300062333141,0.010870581046367817
0.693720403393874,0.2979099167345853,0.008369679871542888
0.516873104837365,0.4643559608115604,0.018770934351074405
0.5709970009001466,0.4152814096164118,0.013721589483442164
0.29447531720430076,0.6851417775771658,0.020382905218533233
0.5090233532720666,0.474200285023654,0.01677636170427966
0.18519131862826366,0.8029452460028046,0.011863435368932786
0.44610522063182356,0.5462503954048586,0.00764438396331811
0.48092640244167667,0.47426366625926913,0.04480993129905359
0.6241675504523654,0.3657794937982302,0.010052955749406556
0.6794409768320983,0.30966490974917693,0.010894113418725166
0.164331540367981,0.8317834222735639,0.0038850373584564976
0.4598910637739659,0.5369789547220732,0.0031299815039588937
0.9361764532218771,0.060610046784348504,0.003213499993774712
0.4613007199156027,0.5261004355835796,0.012598844500817297
0.34649876601012247,0.6328731935698078,0.020628040420071107
0.1965257327155576,0.7891566378319221,0.01431762945252168
0.5512962799140693,0.4260494771221184,0.02265424296381233
0.90274066362436,0.09491160818079176,0.002347728194849138
0.602406534601508,0.3432094979636065,0.054383967434884974
0.17394370902100365,0.8170147708351776,0.00904152014381897
0.31527751017693534,0.6309162728492391,0.05380621697382449
0.47793178288299604,0.507033453101203,0.015034764015800528
0.3697488403942487,0.6081628156197506,0.022088343985999747
0.8062001817212694,0.18985644185820727,0.003943376420521825
0.7047447701994578,0.2812348572671295,0.014020372533412779
0.6216635047746718,0.3684676541269467,0.009868841098380848
0.18415491288467195,0.7176115899068197,0.09823349720850792
0.4697261775961777,0.5061682632407504,0.024105559163070635
0.6766430653929961,0.3174944554012101,0.005862479205793545
0.5081020774690003,0.4797384174244365,0.012159505106563894
0.5841057777946544,0.3933984798072928,0.022495742398050998
0.4001433780324951,0.5931008915586803,0.006755730408824685
0.6483017300338509,0.3406162701496873,0.011081999816462915
0.7199376157448508,0.27086407355445047,0.009198310700698082
0.4416247101617109,0.5529832989335078,0.005391990904781647
0.6989629750961933,0.2907113053074799,0.010325719596330211
0.558052283536321,0.4168930273560535,0.025054689107624373
0.8153537211979244,0.18160056198902233,0.0030457168130544696
0.6053801334328003,0.3871916875477438,0.0074281790194567895
0.36532578353683975,0.6018675757974971,0.03280664066566335
0.3550968760666321,0.632168418352375,0.012734705580994593
0.5534243618557676,0.4317996036855872,0.014776034458645301
0.5065912021551086,0.4828002836953057,0.010608514149587347
0.6460979011633349,0.34820427682113103,0.005697822015534095
0.8447983108066173,0.14977980375922167,0.005421885434162565
0.6917210235505188,0.29470287297425907,0.013576103475220041
0.4569968181157972,0.5138074046780069,0.02919577720619585
0.4732889691685597,0.499617404149332,0.027093626682105684
0.4159690236719607,0.5690764465192135,0.014954529808826746
0.6012835745362318,0.3914358033432953,0.0072806221204722256
0.7574172434414832,0.2379886565261399,0.004594100032377311
0.6248401350090661,0.37162946809536124,0.0035303968955734443
0.21748624708987352,0.7636678467526534,0.01884590615747139
0.5703718278007763,0.42032353595092187,0.009304636248301565
0.37583869433903644,0.591097648686508,0.03306365697445541
0.5003258632045231,0.48381489316049814,0.015859243634978586
0.7168980919182022,0.2786447829302079,0.004457125151590549
0.4595751313152695,0.5228400075889417,0.017584861095789783
0.6534883677724065,0.3410498258458551,0.005461806381741872
0.7986303110008953,0.19864713895178865,0.002722550047318158
0.2233981494391678,0.7536551169455454,0.02294673361528604
0.3386637296958323,0.6364144927978658,0.02492177750629929
0.7349211010089485,0.25597712303996983,0.009101775951082304
0.6492545058081745,0.3475814943586802,0.003163999833146546
0.44004095366423013,0.5512408388441801,0.008718207491588867
0.7435148747050345,0.2518108355389604,0.0046742897560063884
0.3317059839262897,0.6520591641418719,0.016234851931837505
0.4471235884551509,0.5428222379957989,0.010054173549049127
0.6194658810415613,0.36783783632492806,0.012696282633509968
0.6248073480562806,0.37228202995288373,0.0029106219908369307
0.8682739683060979,0.1302072271025539,0.0015188045913481997
0.7506502905465346,0.23619679181435235,0.013152917639114527
0.20983580570344196,0.7780576019814325,0.012106592315129387
0.28492591950226803,0.6620951420399009,0.052978938457830665
0.4007218028701474,0.5875414080874243,0.011736789042428019
0.3473549687239658,0.6477678914353749,0.004877139840661008
0.8101075998276577,0.1838474616591362,0.006044938513206768
0.6066656928166747,0.376356325078235,0.016977982105089145
0.36693296136838527,0.599980205619433,0.033086833012181294
0.5487318277819613,0.4318280578872266,0.019440114330812875
0.5655626352695962,0.42683052445099035,0.0076068402794124855
0.2483215745496482,0.6984341179261597,0.05324430752419352
0.4530782237560198,0.5357920796176174,0.011129696626360366
0.5899007500082917,0.39783811065081187,0.012261139340896801
0.8792631728154177,0.11756087067537135,0.003175956509210185
0.749085920964766,0.2470705261058208,0.0038435529294137717
0.8875032726598319,0.10836722546015903,0.004129501880007591
0.7747321465712136,0.2184872950213551,0.0067805584074325945
0.4024278163150959,0.5832420337411975,0.01433014994370881
0.49958002136349017,0.4740895104076236,0.02633046822888458
0.26248269226978593,0.7098722542103731,0.027645053519840052
0.5542085982471117,0.4351177722035808,0.010673629549305596
0.874286889852106,0.12244805714377577,0.0032650530041178323
0.2808783318833739,0.6899298421381586,0.029191825978465327
0.40459336043872224,0.5602594306184661,0.035147208942811196
0.5159643238309528,0.4659014107576451,0.018134265411399925
0.458124014117165,0.5286307861580593,0.013245199724776379
0.5859394097813808,0.41263815083519445,0.001422439383425589
0.5633432344000681,0.3886988249487513,0.047957940651180093
0.6944777236510732,0.3002250349209782,0.005297241427949572
0.5895046231726762,0.4068460468824581,0.0036493299448641576
0.6605693863435532,0.33226761215517664,0.007163001501268574
0.8485181234366307,0.14587921336324672,0.00560266320012464
0.4269345508941524,0.5627109217698678,0.0103545273359807
0.6587437595886056,0.33266112419631755,0.008595116215078094
0.2995360919170332,0.6859302137840825,0.014533694298883919
0.6462605081704103,0.3500928294980765,0.0036466623315122497
0.23686193845600545,0.7519863545852615,0.011151706958734213
0.9068564221360107,0.09245073389361046,0.0006928439703746772
0.5729944704172873,0.41545437593274503,0.011551153649967548
0.28107115368153246,0.6952433145441749,0.023685531774293396
0.6286898939225992,0.36656697335755073,0.004743132719847733
0.441295991438367,0.5556857770031102,0.0030182315585230925
0.3706028082236888,0.61775134987994,0.01164584189637135
0.6097952938713008,0.38581406886989883,0.0043906372587996624
0.7088180086310834,0.28700642876427074,0.004175562604645624
0.723008037460326,0.26988051651465017,0.007111446025023235
0.24669778105414253,0.7358185044687298,0.017483714477130242
0.7264168236993198,0.2635520671099499,0.010031109190729469
0.2070378279215229,0.7366244020825813,0.05633776999589415
0.37632425448702106,0.61561504276928,0.00806070274369715
0.2615439817057152,0.7301100964153889,0.008345921878895586
0.27379964088945513,0.7181786690665033,0.008021690044042193
0.4209698835929673,0.5654268113691657,0.013603305037867962
0.4973313067670054,0.48715389252809704,0.01551480070489784
0.5774521722240081,0.4179498380413755,0.004597989734617529
0.30905361841286855,0.662284234096021,0.028662147491111158
0.6215628107313156,0.36468222249284193,0.013754966775842143
0.6472335662350519,0.346436841235662,0.006329592529285082
0.48839758258851645,0.5022535519765811,0.00934886543490225
0.7538410517710571,0.24017017368872576,0.005988774540215804
0.631141132223761,0.35277996918616233,0.016078898590077682
0.6434171267206023,0.3514769802483416,0.005105893031056847
0.42386469449435693,0.5714939307378549,0.00464137476779014
0.6156260411767323,0.37420107204713754,0.010172886776128055
0.4525707185094573,0.5315531772792879,0.015876104211253152
0.682497988609238,0.307033045585535,0.010468965805229073
0.7616609893962217,0.21796538226657197,0.02037362833720725
0.4351495065505867,0.5460298526559761,0.018820640793439477
0.5393409556476639,0.44378964162064677,0.01686940273169044
0.7332530203653858,0.26265661645116706,0.00409036318344661
0.5433539313735607,0.44875312301894366,0.00789294560749706
0.40157322763098224,0.5881616888260265,0.010265083542992187
0.5467142601078283,0.425169937577281,0.0281158023148903
0.49060297921836277,0.48676900340106677,0.022628017380571897
0.46573869425326103,0.5311490061070916,0.003112299639647499
0.7667991880375403,0.23117078295191013,0.0020300290105514005
0.3301268013189947,0.6589114337368825,0.010961764944125305
0.609583196718804,0.38719205878029817,0.0032247445008974788
0.5713419990526756,0.4210192611386112,0.007638739808716553
0.2272987290551911,0.7605014304177626,0.012199840527047296
0.9450575690225935,0.054077446136515814,0.0008649848408908655
0.49225400902754923,0.4940620108828649,0.01368398008958837
0.4414565348512505,0.5406648631826755,0.017878601966073965
0.41045708720044694,0.5728639656836183,0.016678947115935528
0.46991891352371445,0.5112803341001048,0.018800752376181656
0.5817657216256439,0.3931212256289764,0.025113052745379207
0.4864848281171931,0.4953869805890115,0.01812819129379617
0.5583797142957603,0.4251958431551728,0.016424442549069218
0.8705492600608896,0.12458240375874242,0.004868336180368803
0.5079919952546533,0.48619456375254166,0.005813440992806002
0.36379365674235575,0.6312053950580062,0.005000948199637676
0.519320923606139,0.46399947009026565,0.01667960630359477
0.636778707438759,0.3598258685821204,0.0033954239791210575
0.845956143048832,0.14708571321480682,0.006958143736359782
0.574824443736239,0.3937129780264458,0.03146257823731341
0.5746411068658608,0.41160501807872446,0.01375387505541441
0.7136090859014789,0.2824736358449922,0.003917278253526265
0.5780250474041854,0.41590878863109604,0.006066163964718417
0.2873396335935533,0.7073990789230805,0.005261287483368282
0.3803725673380124,0.6109443950327818,0.008683037629205807
0.8424398338303599,0.14351394035553758,0.01404622581410343
0.5130447383194052,0.4707455702915422,0.01620969138905315
0.4663446337497996,0.5296361336976163,0.004019232552583537
0.8845698765856934,0.10951597503954785,0.0059141483747576626
0.4731819217474766,0.5156067795107288,0.011211298741793609
0.5877470111963912,0.3841458912776011,0.02810709752600781
0.23987426856235056,0.7109900395313103,0.049135691906338354
0.7093812409516016,0.2851456601598197,0.005473098888581282
0.6982014213854187,0.28655483554550654,0.01524374306907449
0.4738829695456013,0.5097940821928314,0.016322948261564548
0.7679193662760205,0.22931334878230436,0.002767284941675234
0.34361195618629525,0.6537945626740496,0.002593481139656921
0.579772246783529,0.39827585666961135,0.02195189654686021
0.6660452836854255,0.3054656172158699,0.028489099098705083
0.6281507115869662,0.36231015842177544,0.009539129991258208
0.43177928490028583,0.5174124815825473,0.05080823351716734
0.7052934959159309,0.2828189153107659,0.01188758877330195
0.4053813368584223,0.5779984541211963,0.016620209020380614
0.8684260092889555,0.12843789041725817,0.0031361002937874984
0.8726277748440514,0.12525016087685395,0.002122064279094688
0.8066355542075918,0.19048376371497172,0.0028806820774399666
0.6316241129954553,0.3643153861908418,0.004060500813701614
0.5449536278428113,0.4455776168729479,0.00946875528424132
0.3692761426521421,0.6269021087337304,0.003821748614127259
0.6725411151863274,0.31781697042341683,0.009641914390256332
0.5699107845772031,0.4136461256484609,0.016443089774336003
0.7362035420523403,0.260271931263595,0.0035245266840676567
0.6290671844384456,0.361936888834598,0.008995926726958026
0.7036393921810163,0.29212701904951593,0.004233588769467953
0.19720886573647348,0.7495952216391395,0.0531959126243855
0.7142995165374152,0.2804176862944535,0.005282797168133032
0.8739265003758622,0.1215101706475233,0.004563328976616486
0.5735829502449998,0.4194438716745911,0.006973178080407838
0.602021040653308,0.38747844606069737,0.010500513285994524
0.8172977234365396,0.1814090882587684,0.001293188304690918
0.6660452836854255,0.3054656172158699,0.028489099098705083
0.6130328440869103,0.37846207721713,0.008505078695957737
0.5382048341309491,0.4334682842468818,0.028326881622168835
0.6009222724797199,0.3916670759538039,0.0074106515664755694
0.3702743399679045,0.6223434743240293,0.007382185708063984
0.4092572483992796,0.5778353038880892,0.012907447712631975
0.7945461959350342,0.20385588951576347,0.0015979145492039505
0.3873995452764752,0.5956109294637673,0.01698952525975735
0.38789270536471426,0.5403282783369598,0.07177901629832475
0.17412263897219313,0.7706663234030071,0.05521103762479869
0.6583932154748925,0.32736539735567594,0.014241387169430202
0.6428611090514315,0.3453308116506839,0.011808079297883595
0.44801866611552443,0.5228344195159101,0.029146914368563932
0.3712626158670644,0.6126247276268187,0.01611265650611923
0.5159023667258391,0.4661451437622162,0.017952489511942882
0.9199816106860298,0.07820079339809033,0.0018175959158803782
0.6139911352992665,0.3773190283671538,0.008689836333580598
0.5103987847590676,0.47582220174469064,0.013779013496240848
0.5185025157676576,0.4708578870815038,0.010639597150838408
0.738230794627003,0.2568611756061527,0.004908029766843435
0.6655226866615823,0.3232107215925031,0.011266591745915103
0.780839330680531,0.21735734384576202,0.0018033254737077158
0.1660958014666296,0.8107126656063988,0.023191532926970505
0.7495816404776393,0.245295423204493,0.005122936317866854
0.24815164683005964,0.6664713294346231,0.08537702373531586
0.3135710281827963,0.671416478613471,0.015012493203733183
0.5223066878225505,0.46397945797006246,0.013713854207387549
0.6475278600539232,0.3490107199943162,0.0034614199517592602
0.2381758678834347,0.6933440242704877,0.06848010784607829
0.3063937327188235,0.6839806214958003,0.00962564578537488
0.6356078548200796,0.35893882123699705,0.005453323942926007
0.4711897515688553,0.5217695861019496,0.007040662329196286
0.31621552747478476,0.6485020818089173,0.035282390716298795
0.6672897488006325,0.29619649434381695,0.036513756855550354
0.38591402584589785,0.6010451962040069,0.013040777950093915
0.19694545346809358,0.7935788693708679,0.00947567716103918
0.6289872561469836,0.35730317872100975,0.013709565132007448
0.504832105691878,0.4831789483546799,0.011988945953444206
0.23346615336762097,0.7567598714536359,0.00977397517874245
0.44766691435595424,0.5236040123732686,0.02872907327077854
0.459883463044316,0.5175960014492057,0.022520535506476785
0.4701917017713677,0.5062138251464435,0.023594473082187897
0.525252321236677,0.4689929521661832,0.005754726597139478
0.5135780625367753,0.4758103936333277,0.01061154382989791
0.566933757917432,0.4232303844935041,0.009835857589063805
0.6573451830031409,0.32963722982725446,0.013017587169605428
0.931978417886905,0.06474689185901637,0.003274690254076937
0.7913074735412304,0.20250755429269138,0.006184972166078234
0.3184531788511373,0.6697722302890237,0.011774590859838856
0.5691266289151583,0.4120621511813352,0.018811219903508015
0.5397923502585965,0.4422899014025257,0.017917748338876334
0.3320265748863817,0.6475475358922295,0.020425889221389895
0.542184028121131,0.4528639053978194,0.0049520664810506956
0.39648501450131163,0.5808038386161443,0.02271114688254371
0.5106249972139938,0.46989987292848173,0.01947512985752383
0.752208499876057,0.24330709406866138,0.004484406055280526
0.6181957239518477,0.3704181555513308,0.011386120496821635
0.491191192542367,0.4927914714070608,0.016017336050572033
0.6423106981508027,0.33778331613093143,0.01990598571826431
0.8959276459979816,0.09952500814425878,0.00454734585775771
0.35355829664070565,0.6369681912761451,0.009473512083149407
0.8084196235246752,0.17382509218484812,0.017755284290474366
0.5525591611822943,0.4393856763227922,0.008055162494913382
0.7758920501917913,0.2214991010616288,0.002608848746577658
0.6496879594445211,0.3437794214405849,0.006532619114893509
0.7664091328072618,0.22216657781349014,0.011424289379247294
0.5962793191538502,0.39140059744268296,0.012320083403468964
0.6617258102332017,0.33017160277481444,0.00810258699198435
0.5103260583938084,0.46888072420459304,0.0207932174015973
0.3667003518853354,0.6223247572523327,0.010974890862331305
0.17260500358808847,0.8152084802761838,0.012186516135729228
0.595634809700208,0.39797740789313385,0.00638778240666028
0.8772697962407366,0.12052751052842109,0.002202693230844412
0.6129954089723453,0.37436621003121257,0.012638380996441838
0.6354404126016505,0.34842202538395156,0.01613756201439943
0.6416723077994445,0.34345961358614585,0.014868078614411678
0.8055154537525734,0.18774707281890726,0.0067374734285188575
0.45051383877205914,0.5395532678365054,0.009932893391434827
0.519589996044623,0.4771085152792838,0.003301488676094136
0.45573996497181213,0.5213955198498433,0.02286451517834384
0.5482247906713732,0.43726907362962825,0.014506135698996432
0.5358055701132326,0.44483533263948016,0.019359097247288386
0.4918484253746778,0.49794157495621805,0.010209999669103145
0.572997066467579,0.4169141762195852,0.010088757312836906
0.8170994207356452,0.1771003633346918,0.005800215929663335
0.33300448628467527,0.6508394953177253,0.016156018397601096
0.3661364792301739,0.6213053414558176,0.012558179314009031
0.3868461628252688,0.6012390774356324,0.011914759739097771
0.6346352848947752,0.33385011822484195,0.03151459688038119
0.791383205632903,0.20193842896826328,0.0066783653988339315
0.3752523016923276,0.6027342657952147,0.022013432512458467
0.4906551908485341,0.5032643235479459,0.00608048560351908
0.6210507002700537,0.3567519241213969,0.022197375608547988
0.5192431883674967,0.46320971165162383,0.01754709998087883
0.5539155234638681,0.43575167595520314,0.01033280058092889
0.7021484158303034,0.2904500522548651,0.00740153191483332
0.42187971019599896,0.5736095982620385,0.004510691541962772
0.21256296953714424,0.7357265256238529,0.051710504839001845
0.7139526625616774,0.2776940116654924,0.008353325772832279
0.4636677053868879,0.5336532192625781,0.0026790753505349318
0.45725971618833106,0.5144240047969546,0.028316279014714663
0.56526143543015,0.4291241002357702,0.005614464334080498
0.2748719463105019,0.7133020924175274,0.011825961271971126
0.5538637269782128,0.4402033469989802,0.0059329260228062584
0.7631632189548978,0.2351366796841268,0.0017001013609767148
0.7021613228812179,0.28690939568764634,0.010929281431136011
0.6789611307038199,0.30819589113527035,0.01284297816090941
0.4072024895514996,0.5553594939624797,0.03743801648602141
0.6398099124569276,0.34058939360725127,0.019600693935820344
0.5882016924554376,0.40766481976716445,0.004133487777396727
0.8249660432169073,0.1731742516787282,0.0018597051043660572
0.3033512022778871,0.659335957261766,0.037312840460348475
0.23898280222267898,0.741071154586483,0.01994604319083924
0.7636166110570555,0.22639349900014477,0.00998988994279944
0.6241371621806531,0.3492465000544081,0.026616337764939584
0.5551941920951581,0.42909986859766475,0.01570593930717905
0.22389427384449928,0.7618864235682361,0.01421930258726434
0.46894810366500417,0.5249878529113357,0.006064043423658336
0.7921544296609562,0.1975457646573437,0.010299805681700308
0.5671471085090787,0.42532410721558683,0.007528784275336293
0.3207556410308701,0.6607634578540623,0.018480901115069056
0.5233385529331724,0.4571724745382229,0.019488972528606215
0.7184561541410018,0.2586364959740661,0.022907349884932256
0.8580556359396474,0.13839537208702155,0.003548991973330774
0.4115890990083668,0.5370865463528329,0.05132435463879919
0.6994620348552574,0.297834315067381,0.002703650077362297
0.4383187254244703,0.5440315539724694,0.01764972060305937
0.2781633002257282,0.7006964612974664,0.02114023847680597
0.4369568284845203,0.5583049769758583,0.004738194539620361
0.8509049711385723,0.14255827349594635,0.006536755365481207
0.541924696781474,0.45325662545394857,0.004818677764577065
0.39113447083329006,0.5983597794398827,0.010505749726826772
0.6245556095674416,0.3635097729599394,0.011934617472615143
0.7577873586805391,0.23409716063635697,0.008115480683103192
0.47786903560826227,0.5040871396961637,0.018043824695574164
0.4855978105485148,0.4986650559895233,0.015737133461962295
0.3560367599920609,0.5602833982545216,0.08367984175341801
0.3257900191475882,0.6428195143855113,0.0313904664668975
0.6308458313876207,0.35872450770624925,0.010429660906129935
0.8925071897959764,0.10335116138689392,0.004141648817128395
0.3382144152631278,0.6476109020572575,0.014174682679615795
0.840700486629964,0.15583975303786923,0.0034597603321668813
0.2054672302835765,0.7642452175117834,0.03028755220464012
0.6640969167642179,0.3234500827339003,0.012453000501884887
0.27109597165910065,0.7260651799959414,0.002838848344958845
0.39731613884011063,0.597430768873033,0.005253092286857457
0.5708966646501307,0.42417784720334095,0.004925488146526022
0.6841016971627858,0.30408367613548926,0.01181462670172654
0.6424007287785264,0.347066725451928,0.010532545769546632
0.26603292937849954,0.7276998118973568,0.006267258724144567
0.2988954585547157,0.6266563531669634,0.07444818827832166
0.5559944707829257,0.4349696200558383,0.0090359091612353
0.319222482242698,0.6651020279699356,0.015675489787366957
0.5654732293007944,0.42046597366341626,0.014060797035787801
0.8225941399531299,0.1747163483158988,0.0026895117309738686
0.43540990057412093,0.5502839646540763,0.014306134771803111
0.6450930537370199,0.3446970005074407,0.010209945755540564
0.8109605794085857,0.18321470497250356,0.005824715618908638
0.7853371333594587,0.20638782907829534,0.008275037562248358
0.5953858871789902,0.39670514937662094,0.007908963444389579
0.6311898472668857,0.3623462021041709,0.006463950628942948
0.5969600275647458,0.39158675203463905,0.011453220400617144
0.4314587618259784,0.5608010120078128,0.007740226166207426
0.5137632944469676,0.46379189137202764,0.022444814181003987
0.6786274892980796,0.31931452400857224,0.0020579866933442023
0.5886241750934027,0.40196155308467907,0.00941427182192085
0.277454915081759,0.7091302268450819,0.013414858073158268
0.40588537646835143,0.5791109936982289,0.015003629833417574
0.39030634158912136,0.59747436735095,0.012219291059929503
0.7003897074282717,0.2916477227840902,0.007962569787639
0.3259977346848724,0.6550057197738212,0.01899654554130617
0.4690117254311733,0.5238125154703804,0.007175759098445035
0.8147138405033539,0.17991674929905643,0.0053694101975865416
0.324162575907235,0.6577614179770482,0.018076006115714277
0.6195744308876284,0.3723562819676685,0.008069287144702791
0.5894363106931473,0.3965611161456956,0.014002573161154271
0.32592550587142943,0.6589986347748118,0.015075859353757335
0.8609946502015683,0.1364342573974033,0.0025710924010254993
0.44523971804682066,0.5418703412651757,0.012889940688004376
0.4713122519797595,0.524232944634494,0.004454803385746113
0.5345023228454711,0.455188890149871,0.010308787004657944
0.6864094538252261,0.3097825992968089,0.003807946877966589
0.6417380134154881,0.35283000548473736,0.005431981099774787
0.2005953758771472,0.7814476980861194,0.017956926036734246
0.4797357355742148,0.4939021689070483,0.026362095518737
0.6720349697418628,0.3204528914086764,0.007512138849461383
0.43137618216629564,0.5400742953591103,0.028549522474593067
0.5585034955400003,0.428967314943587,0.012529189516411895
0.7000484758587912,0.2934747836535339,0.006476740487677328
0.4459398636092923,0.5277239236608596,0.026336212729846747
0.5524381455775129,0.43659829629171504,0.010963558130772686
0.5464553556144365,0.3995906704325496,0.05395397395301416
0.4962738438242909,0.5023105520379229,0.001415604137785676
0.4378761787631697,0.5381241097472755,0.023999711489553162
0.30926872793953036,0.6856253419818554,0.00510593007861358
0.28557843077373946,0.6824957762254757,0.03192579300078432
0.8940424664665001,0.10384951390061266,0.002108019632888955
0.5336182097121928,0.4508433025788297,0.015538487708978314
0.6401893080339912,0.3535089375289989,0.006301754437011428
0.25969847488976766,0.7257487867269987,0.014552738383235151
0.23296796552137983,0.7602552260416181,0.006776808437000879
0.19205406680492323,0.7994440093842489,0.008501923810828824
0.48812088239594154,0.49082893311609394,0.021050184487964353
0.8971933562638909,0.09855617918493437,0.004250464551175352
0.7852917416480467,0.21026346628733317,0.004444792064620695
0.4872328232780446,0.4915762947886307,0.021190881933323656
0.647163944014091,0.341803037425561,0.011033018560348495
0.578658666853474,0.412707803176845,0.008633529969681057
0.6111051670743908,0.3858412729294788,0.0030535599961327743
0.5315681792838206,0.4542658946079028,0.014165926108276187
0.37297472742839033,0.6189488000212238,0.008076472550386111
0.5669877672617512,0.4079939481008439,0.02501828463740544
0.4918550613450261,0.4958520969248899,0.01229284173008564
0.6428350202421257,0.3542531427843679,0.0029118369735067753
0.890939616788059,0.10645225075095603,0.002608132460987718
0.7238758998701782,0.27166052239480487,0.0044635777350159065
0.6323381766032452,0.36402109336780497,0.003640730028947863
0.23680955842886697,0.7126367274876473,0.05055371408348809
0.8480184072101475,0.14837003815436994,0.0036115546354848174
0.6186094452058085,0.36469292892947824,0.016697625864714592
0.20142981481617786,0.7896268526042411,0.00894333257958236
0.6896196086234441,0.29262459961980924,0.01775579175674819
0.32680031376588725,0.6703007097897715,0.0028989764443410554
0.2601381477082474,0.7096567679844499,0.030205084307300824
0.513660619307042,0.4717700290892297,0.014569351603727907
0.42019800055064777,0.5689210908294292,0.0108809086199202
0.4606091711522796,0.5238708217122492,0.015520007135471262
0.7248280679890275,0.26313316948281845,0.012038762528152837
0.8321916036087296,0.1605702600543234,0.007238136336947008
0.8495981546678235,0.14543417052999855,0.004967674802177388
0.8081559720681174,0.1840005038978335,0.007843524034050569
0.3819691834387341,0.5829352541031113,0.03509556245815287
0.6937141327672538,0.2737622040772314,0.032523663155514186
0.6789690283540906,0.3110752491934996,0.009955722452410266
0.7320655409968615,0.2588533660307374,0.009081092972401412
0.7089014038810367,0.27628253246399315,0.014816063654968882
0.5980294117975838,0.39470951639487545,0.007261071807540663
0.5521949531595914,0.43417690631252315,0.013628140527882983
0.5968985280154409,0.3900246857772703,0.013076786207288391
0.8381055292311352,0.15738854309521458,0.0045059276736500505
0.262544619191588,0.7227155067377905,0.014739874070621786
0.26526484783810894,0.7172766017033734,0.017458550458517165
0.5498182609458152,0.44188113670755436,0.008300602346631138
0.6803220425696925,0.31457409969058076,0.005103857739726337
0.3350450813084859,0.6136532975140369,0.05130162117747753
0.4087742615774752,0.5399555467316297,0.051270191690896035
0.46859308758628426,0.5129119559120751,0.01849495650163978
0.3359972685491561,0.6464299656380221,0.017572765812821987
0.38638470535310704,0.5750772108009952,0.038538083845896645
0.5286868508202498,0.4614092966807335,0.009903852499019228
0.5070292763416165,0.4791582855191349,0.013812438139249563
0.5212771344417614,0.44530512155779667,0.033417744000441535
0.7062060671441218,0.2882980356876237,0.005495897168255066
0.41392440773801586,0.5781224763873632,0.00795311587462203
0.8717000043802408,0.11942765743065129,0.00887233818910922
0.4515220514484323,0.5186983631305442,0.029779585421023578
0.4465327378199452,0.5380590451233452,0.015408217056708882
0.22852751295563486,0.7533650304610864,0.018107456583280373
0.4485234396087354,0.5379366280590951,0.013539932332171368
0.7991282557008175,0.19800875070705565,0.002862993592126947
0.6129766435506409,0.38301765262513127,0.004005703824227451
0.5211375821221292,0.46970522115571106,0.009157196722159502
0.692276667561756,0.29263398594876266,0.015089346489480944
0.5862590467014566,0.38927851733139646,0.024462435967148817
0.265197713688396,0.6908957838359286,0.043906502475675006
0.6902727476835002,0.30583522094534366,0.0038920313711551624
0.7857136636947584,0.20769973384672652,0.0065866024585140796
0.431417788912067,0.5391269868637738,0.029455224224160588
0.6179676798720363,0.37721389038992564,0.004818429738037869
0.8367786696869602,0.1512141371970606,0.012007193115978549
0.5250749105690613,0.4714145633708123,0.003510526060126044
0.5516131794049007,0.44135389491035865,0.0070329256847412635
0.42954020649982505,0.5593490804661321,0.011110713034045492
0.27472414360188013,0.7096814199789069,0.015594436419213913
0.5227794286545482,0.4711312222312594,0.006089349114192312
0.6293127028043314,0.355551848645544,0.015135448550124614
0.7099542166658679,0.28451017767918946,0.005535605654940788
0.6243132437186917,0.36036280255843073,0.015323953722876196
0.48484608013586555,0.4962835425834405,0.01887037728069338
0.34691914418554193,0.6276391050299772,0.025441750784477562
0.4492230919682294,0.5362889561681976,0.014487951863573044
0.863029401915781,0.13568628640363892,0.0012843116805798824
0.5596249227004213,0.42939903920196865,0.010976038097608528
0.664149643019464,0.32350990033164984,0.012340456648887317
0.641614757573262,0.3467106861983018,0.011674556228436862
0.5041281304411485,0.49005836786063756,0.0058135016982133695
0.21239730569564866,0.7773507901452803,0.01025190415907138
0.6955774468029352,0.2928852086856336,0.01153734451142795
0.3996548217324326,0.5855142347972087,0.014830943470359398
0.8354209147746694,0.1571366627554392,0.007442422469894875
0.5532159405594912,0.42781753228748925,0.01896652715301831
0.6522889104036953,0.3420837453693343,0.005627344226970209
0.5666297505382717,0.4276861922394796,0.005684057222251191
0.15900971889989876,0.8048974820024256,0.03609279909767398
0.3857118570123675,0.6000408305869136,0.014247312400718864
0.2621398896662423,0.7285582128205715,0.00930189751318655
0.34707239687205865,0.6370939491538159,0.015833653974123098
0.35987311312839587,0.6189815788315598,0.02114530804004382
0.7739271922060582,0.22285322481411676,0.003219582979824408
0.33719510475019293,0.6471078658359912,0.015697029413814564
0.6050011465865303,0.3838521471027307,0.011146706310738528
0.41242914840698963,0.5593968842021082,0.02817396739090237
0.6937102511816609,0.3022714398465267,0.004018308971812699
0.5729001304751639,0.3961198853783463,0.030979984146489503
0.48278493948346196,0.511456461412203,0.005758599104336705
0.5923366347703015,0.4033151902962733,0.00434817493342724
0.5060391772897909,0.44384446259189475,0.05011636011831376
0.9141889655194416,0.08397036281970753,0.0018406716608487916
0.8616678724075718,0.13002120243418824,0.00831092515823847
0.7589050638447663,0.23750746851741036,0.0035874676378236064
0.6612396092822324,0.3203802552681798,0.0183801354495876
0.7314670215080662,0.2580329538279679,0.010500024663966297
0.42887570263743563,0.556951192318256,0.014173105044306326
0.36463260961811145,0.6192336986398078,0.01613369174207997
0.21348949124013672,0.7582948543929908,0.02821565436687272
0.8264485974563086,0.16668824673033858,0.006863155813354077
0.7413671100825165,0.25469812179353224,0.003934768123951282
0.6833756160916383,0.3042823181902398,0.012342065718121973
0.6218410073746958,0.3696695759317726,0.00848941669353214
0.6454652668319861,0.34998634697702524,0.004548386190987089
0.4159386920108783,0.5486391732114725,0.03542213477765053
0.3180245389807623,0.6696072088983457,0.01236825212089339
0.49363546543630904,0.5005653003559436,0.005799234207745772
0.5112649804842074,0.47762675373396907,0.011108265781824046
0.3117482292373429,0.6400197644256437,0.048232006337015285
0.3157297637624349,0.675273038640459,0.008997197597106071
0.42590780008883933,0.553486482200667,0.020605717710495672
0.5243306400492987,0.46593095243508087,0.00973840751561949
0.4285250264907925,0.5574454762083085,0.014029497300899283
0.3308425966187526,0.6607814828703822,0.008375920510866823
0.6482328096818442,0.3386329454371618,0.013134244880996114
0.4596505835325497,0.5337729515264207,0.006576464941031359
0.30921262974603697,0.6764059038676151,0.014381466386348718
0.4327154083339317,0.47861847758650067,0.08866611407956787
0.6045690372950178,0.39081095709581243,0.004620005609168797
0.8690454728791992,0.12570328370303452,0.0052512434177665246
0.6703895461036491,0.31900940250851695,0.010601051387835644
0.260624528461303,0.7303468399840969,0.009028631554601721
0.5048133868101554,0.46295870734626965,0.03222790584357521
0.48991372446367665,0.49359718577075645,0.01648908976556839
0.23202421130138584,0.7101744414277508,0.057801347270863154
0.6170648472683439,0.3642275580521541,0.018707594679500075
0.54359841236807,0.452416334570165,0.003985253061763903
0.5627617684154947,0.4129993132747422,0.024238918309763047
0.34569220814602397,0.6451776961454618,0.009130095708513211
0.40725525568574705,0.5779945545769246,0.014750189737327966
0.48632395262813394,0.4935838755212712,0.02009217185059492
0.4667650576818063,0.5251982693524959,0.00803667296570107
0.554339707497042,0.43526296734906056,0.01039732515389845
0.3960573038679745,0.5978277182506598,0.006114977881365813
0.34576806525754183,0.6416574622190343,0.012574472523423173
0.4572540871079126,0.5346436373314801,0.008102275560605667
0.5547232722606616,0.4287816776382377,0.016495050101102467
0.5127847762573247,0.45888303355308685,0.028332190189589775
0.32869836297382043,0.6605581231566391,0.010743513869538791
0.4394383683815988,0.5304061964212802,0.030155435197122
0.5556819142482295,0.42240730775670093,0.021910777995068742
0.3754369457441941,0.6152718567066794,0.00929119754912748
0.5183217642479128,0.47425543858778324,0.007422797164303178
0.8169906621163171,0.1765861247402772,0.006423213143405283
0.7090497805534055,0.2856865222499786,0.005263697196615723
0.22370420447104392,0.7423201145251106,0.033975681003846
0.4873380632218084,0.5012039506871866,0.01145798609100626
0.8684563154614016,0.12349086745772511,0.008052817080873997
0.6327889134681199,0.35484403320437913,0.012367053327500316
0.4150234965264304,0.5769679407718185,0.008008562701751189
0.37258690007710565,0.5881603641875796,0.03925273573531562
0.40439195588315596,0.5869401916028512,0.008667852513994682
0.44346517111137523,0.5402213541741584,0.016313474714466113
0.7595038751771134,0.23242117975013607,0.008074945072751917
0.38139242945563123,0.6060862689225535,0.012521301621816383
0.24793474478473004,0.73232823461941,0.019737020595856396
0.2550264579165575,0.6452182417156487,0.0997553003677949
0.6451057351951929,0.3425448186561966,0.012349446148610535
0.6758728737087064,0.32137871258913414,0.002748413702157674
0.4092778733427352,0.5628815284288551,0.027840598228409865
0.6939836719545551,0.2951958992016155,0.010820428843828684
0.6249528498732939,0.36648769443463136,0.008559455692072993
0.5852546939278883,0.395189940642239,0.019555365429871466
0.5762374826031393,0.41429661746080937,0.009465899936048818
0.3639580363873435,0.6261759302029432,0.00986603340971356
0.7840402291213455,0.20453759789648804,0.011422172982166643
0.2061047435317123,0.7759651888639362,0.01793006760435203
0.6451099115784042,0.35344278695473924,0.0014473014668584957
0.3375699466985513,0.6167054179514937,0.0457246353499558
0.9372324180935144,0.060037081083870056,0.0027305008226163243
0.280075267115383,0.6817433886103273,0.03818134427429117
0.7576821107064368,0.24102221055712522,0.0012956787364373854
0.760648587020134,0.2219426600064358,0.017408752973428032
0.8770637690467676,0.11857686042927477,0.004359370523956436
0.49204704465641086,0.48365910845006144,0.02429384689352807
0.28876607304572455,0.6897049257427168,0.021529001211558946
0.4316149184104105,0.5597798132646803,0.008605268324909423
0.7652754809300715,0.23146606783874413,0.0032584512311832534
0.7521660058098596,0.24435723670313736,0.003476757487001376
0.47295097971134586,0.5073247854870845,0.019724234801567955
0.653903559707353,0.34221495655754886,0.0038814837350978353
0.5280004314711724,0.4526115403039646,0.019388028224864115
0.48707608336514696,0.5014162728257894,0.011507643809063698
0.3708095027966673,0.6086631064099889,0.020527390793343363
0.4848713469504749,0.5060775523709299,0.009051100678595868
0.5096880249111834,0.48259500413570977,0.007716970953105857
0.8918010068250197,0.10288115649340042,0.00531783668157879
0.571133724743351,0.4197981458618332,0.009068129394814464
0.24840088619113307,0.7186870083889527,0.032912105419915655
0.4628454708850357,0.5032935218910791,0.03386100722388607
0.29696340533389526,0.6834370052977408,0.01959958936836243
0.6660452836854255,0.3054656172158699,0.028489099098705083
0.6035103852047048,0.38120248375752014,0.015287131037777167
0.8173450024716445,0.17011067383864886,0.012544323689706307
0.6239261379790502,0.353172372848228,0.022901489172723125
0.5826157117001869,0.4135638802959376,0.0038204080038776
0.6669981237551894,0.3242640238427799,0.008737852402028554
0.7440895817574499,0.24781003595968376,0.008100382282867719
0.4728051686210155,0.4936108618730611,0.03358396950592341
0.5936602339343815,0.3980122371611743,0.008327528904442653
0.3538222354636223,0.6049353199419533,0.041242444594426345
0.44970318027728134,0.5450076200474036,0.0052891996753141116
0.3050936174132062,0.6917681259776071,0.003138256609187832
0.6020896410206084,0.3849239577329378,0.012986401246453104
0.5280985594451085,0.46844262671367587,0.0034588138412145757
0.4332689702709877,0.5619814338048649,0.00474959592414747
0.6016540969719291,0.3940008874303594,0.004345015597712577
0.7348335385615045,0.2544382144949708,0.01072824694352572
0.5011983762699556,0.4804758323505671,0.01832579137947809
0.26892775013688186,0.7169342924942784,0.014137957368837453
0.29582755145120543,0.6833181985774567,0.02085424997133634
0.35558294177416166,0.5874978468791417,0.05691921134669559
0.4975792086857115,0.488741726288894,0.01367906502539518
0.5155217089369662,0.46748166856173634,0.01699662250129903
0.5567667156040139,0.4280977595776603,0.015135524818325747
0.7620667698221871,0.23103954260949713,0.006893687568317393
0.881734250943203,0.11625806230957376,0.0020076867472201038
0.8000331433138954,0.1944268417500943,0.005540014936011194
0.7030031913269511,0.29295249120610684,0.004044317466942746
0.7285014519966024,0.26681294203936096,0.004685605964036548
0.15005926147797044,0.8437481902043206,0.006192548317709174
0.6584784555958925,0.3235103105642285,0.018011233839879796
0.5521351899826294,0.4257835398547513,0.02208127016262006
0.6086800552545661,0.3874275735633155,0.0038923711821184197
0.6894478279373067,0.301567411573329,0.008984760489360996
0.34263898571291534,0.641209953649414,0.016151060637666706
0.43248617433492265,0.5488522166522558,0.01866160901282164
0.7966936739206397,0.18968342764323173,0.01362289843612812
0.4973139061749793,0.4995694450437814,0.0031166487812395584
0.4076272042080158,0.5850012137343941,0.007371582057589375
0.5262065663179444,0.4647244723307895,0.009068961351267116
0.4391468466844869,0.5506937302355315,0.010159423079982487
0.6458306874996093,0.344707058964825,0.009462253535565205
0.8248717995228032,0.16921346594635048,0.005914734530847511
0.3210206156465585,0.6708035630206175,0.008175821332825272
0.3143149390729369,0.6661395278157922,0.019545533111269428
0.35846464583529136,0.6183738956185156,0.023161458546192254
0.24682110518650158,0.7307612986170103,0.022417596196489697
0.2854509998859952,0.6781259946335135,0.03642300548048987
0.5243390509234587,0.4601981062281145,0.015462842848425664
0.5007235799498648,0.4951988822847615,0.004077537765374326
0.5464964334421839,0.43029641512557315,0.023207151432243646
0.4227433592195645,0.5689666750021548,0.008289965778282692
0.22424104436278652,0.7611248056836649,0.01463414995354689
0.6091931483862466,0.38414531530076745,0.006661536312986124
0.384034862671466,0.5982817783579057,0.01768335897062655
0.5119479272434883,0.47048140879485373,0.017570663961659357
0.8147630365757758,0.18335389936160612,0.0018830640626158865
0.3517008115913082,0.6250334968054382,0.023265691603254895
0.6930933412550837,0.2927517046100246,0.014154954134892395
0.40831347441420396,0.5790815989192007,0.012604926666596452
0.8363781225550455,0.1542693148844327,0.009352562560523608
0.3769327824978883,0.6137430106542495,0.009324206847861125
0.8046396023820445,0.1872668284827777,0.00809356913517765
0.35747688334866295,0.6306991454588976,0.011823971192438451
0.5687799885349182,0.413440208620132,0.01777980284494985
0.43085282483974674,0.5235491199813493,0.04559805517890504
0.6172144971827069,0.3573372299233974,0.025448272893895434
0.3049434616719457,0.6824244504504553,0.012632087877598413
0.3724569455952326,0.5987646286108028,0.028778425793964963
0.2657174162906728,0.7216596189383682,0.012622964770957446
0.8216230545919678,0.17202985690368797,0.006347088504344587
0.41696241061993156,0.5735463037469811,0.009491285633086294
0.8155358808963126,0.17720820824930814,0.007255910854378861
0.8774790154587153,0.12050824884253399,0.0020127356987497485
0.2642952352672715,0.7109173163872985,0.024787448345430344
0.516177734461895,0.47343171249674315,0.010390553041362379
0.8525643967111375,0.14447775701031387,0.002957846278548388
0.3619395106504755,0.6248213475530078,0.013239141796518103
0.7641241685290885,0.2303648763834729,0.005510955087438582
0.6361712284855233,0.3450509296307477,0.018777841883729263
0.4970129454004916,0.47857380291043844,0.024413251689070558
0.41100917890809574,0.5688557242755078,0.020135096816394946
0.5120194582357401,0.4752531679069955,0.012727373857263736
0.6511866119993878,0.3422779372375855,0.0065354507630233805
0.8521971266913415,0.13825601171793422,0.009546861590725743
0.41991676159402513,0.5767798335829354,0.0033034048230416017
0.1553272243296091,0.7731543065869785,0.0715184690834111
0.2550840808369121,0.6914758829122245,0.05344003625086353
0.6903007266401042,0.3002261517612871,0.009473121598607933
0.26944210360386467,0.7179873256770805,0.012570570719055055
0.595655792346532,0.38351158300629784,0.020832624647169357
0.8534503439867618,0.14323063973805,0.003319016275188601
0.5227771911110709,0.4693070612115815,0.00791574767734671
0.6389819796346161,0.3556426933600536,0.005375327005330391
0.7396861910276289,0.24651275601942604,0.013801052952946707
0.253533890206607,0.7104512985627927,0.03601481123060114
0.49704597640118653,0.49742581212987746,0.005528211468936974
0.6310224161626461,0.35577936644464386,0.01319821739271042
0.28770309575171743,0.6774645243645208,0.03483237988376475
0.6326644981726499,0.36185433568257525,0.005481166144778255
0.29263680301585,0.6845798145053286,0.02278338247882083
0.3219036386573594,0.6612188288358332,0.016877532506808752
0.6962012345978562,0.28708327267427336,0.016715492727870172
0.6454312409080605,0.3323240248868937,0.02224473420504481
0.7285616862455081,0.2652803699222338,0.006157943832260249
0.6424790053282292,0.3494942342153128,0.008026760456457779
0.4025002726914844,0.5838127887200923,0.013686938588420485
0.2460659089106441,0.7321709977921965,0.02176309329716096
0.4982263665279579,0.49070030178167834,0.011073331690362702
0.3340362803651277,0.6521791571558314,0.013784562479041786
0.30622222726422665,0.6690633806997376,0.024714392036037303
0.6809536668807973,0.3069626319653254,0.01208370115387805
0.3011079651530155,0.6916385089056167,0.0072535259413654
0.6177839070901298,0.36810459746679397,0.014111495443076813
0.7916441224576727,0.2074394505785322,0.0009164269637985116
0.22038706067152203,0.7643072735304597,0.015305665798016706
0.40306939597447466,0.5826535333477081,0.01427707067781911
0.1666964575574688,0.815653672978637,0.017649869463893332
0.6433216455771049,0.347336725115958,0.009341629306937839
0.23060877111109307,0.741901250568164,0.027489978320745106
0.6530325941331394,0.325991646500465,0.020975759366397177
0.5534040984189461,0.4397571752135648,0.006838726367489405
0.7202107940691472,0.27076996382009916,0.009019242110753105
0.4771465397294613,0.48464156149038207,0.038211898780155615
0.36536635151166896,0.6087230205467302,0.025910627941600116
0.2956892432406816,0.6964416782877739,0.007869078471543414
0.790766987189697,0.19940100672050687,0.009832006089794882
0.6259626858991472,0.370620649604131,0.003416664496720661
0.7634152434131182,0.22527773264413825,0.011307023942745215
0.3125560649442116,0.6472500770484242,0.0401938580073622
0.818475362476116,0.16821417761325824,0.013310459910625147
0.6591394568368809,0.32088660391331186,0.019973939249809076
0.8708361862414729,0.12134852444336822,0.007815289315159464
0.19374808994596188,0.7803883988382332,0.025863511215804658
0.18297416327183583,0.8019980988004274,0.015027737927737109
0.3889309366042672,0.559526744220991,0.05154231917474267
0.5512081825023034,0.4406108493352252,0.008180968162471896
0.6150863785577664,0.38043843306708214,0.004475188375151931
0.49798718169574535,0.4927610843603565,0.009251733943897986
0.36854332658873723,0.614793938627496,0.016662734783767685
0.288372407344924,0.6979475592162386,0.01368003343883741
0.3420951800787428,0.626926824344171,0.030977995577085287
0.2936614769848033,0.6944798518965598,0.011858671118636751
0.6824737050542116,0.3045464794132446,0.0129798155325464
0.4893414656363614,0.49365676691920013,0.017001767444439597
0.7025531849764663,0.29237842768784444,0.0050683873356901455
0.5932501882213759,0.3935408732172007,0.013208938561422485
0.5027367707872372,0.48862210879054985,0.008641120422212739
0.34948038470420817,0.630861597556511,0.019658017739281303
0.4898283049895003,0.4989936015927149,0.011178093417783983
0.4946100935716698,0.497894091291405,0.007495815136925725
0.35522092016215767,0.6176058455941283,0.027173234243712114
0.47441623712484665,0.511305115019753,0.014278647855402685
0.8017628374031793,0.19603581252340843,0.0022013500734108793
0.6630865431829164,0.32582813578688,0.01108532103020212
0.4710496233459182,0.5173254765088142,0.011624900145269304
0.46029231115017644,0.5116508450364213,0.028056843813402985
0.6450405253244823,0.34690755949885893,0.008051915176655792
0.15814286723477455,0.7647425402078106,0.07711459255741364
0.49080786775266627,0.4937173263582446,0.015474805889089883
0.7261925648107899,0.26593723355349685,0.007870201635715012
0.37023307659923305,0.60794643747675,0.021820485924017714
0.3867250545436582,0.6037339790969449,0.009540966359394998
0.4293381797420221,0.5508123698820512,0.019849450375925396
0.6143182835430185,0.36634484702469605,0.019336869432286328
0.4759358123391239,0.5154779779799559,0.008586209680920822
0.6039616189955571,0.3833876205534571,0.012650760450987389
0.5557952355663837,0.43950806836205353,0.004696696071562962
0.20745252387299967,0.7739095455977942,0.018637930529207102
0.41947241137440494,0.5260729426965309,0.05445464592906572
0.5287032518304741,0.4581788984947849,0.013117849674741404
0.26500284629745335,0.7253657179560399,0.00963143574650882
0.668090137387356,0.32296800933437214,0.008941853278271645
0.7273783341630395,0.2620593098394943,0.010562355997468197
0.4783720004484669,0.5113089037110238,0.01031909584050993
0.7071556120900215,0.26746502471694883,0.02537936319302933
0.6119382270572575,0.3784977880577874,0.00956398488495395
0.41002240235833526,0.5707644940980018,0.019213103543663512
0.5140903840124845,0.471164960527069,0.014744655460445847
0.8074593524394458,0.18305323680365906,0.009487410756897373
0.36839526664186517,0.6235964682883575,0.008008265069776045
0.5594349964781756,0.4385474626222441,0.0020175408995801876
0.42556169950611544,0.5577502092398328,0.016688091254051404
0.7927517269606329,0.1952626438815689,0.01198562915779813
0.41796931040631546,0.5620280593465504,0.020002630247134157
0.3797047215194785,0.6140609467791998,0.006234331701321587
0.3702341069293879,0.611819958268792,0.017945934801819143
0.9023010853332998,0.09580504030029627,0.0018938743664051088
0.4885163213573418,0.4953330540778026,0.016150624564857025
0.49198680847547865,0.5014696594155241,0.006543532108997755
0.7196641574889208,0.27442101054007884,0.005914831970998841
0.4492900859538397,0.53948592386966,0.011223990176501716
0.625528759960103,0.3656740498156412,0.00879719022425594
0.6112695975726559,0.3835996341728997,0.0051307682544443605
0.45657862516926345,0.48646299257291853,0.05695838225781734
0.784450112038566,0.20940388960169473,0.006145998359738754
0.5117070575224185,0.4713035899477804,0.016989352529802878
0.6339260846474469,0.3566059314621077,0.009467983890445487
0.660956935550056,0.331614368585834,0.00742869586411167
0.4816756768252787,0.5014367760546585,0.016887547120062203
0.7085267120341744,0.2780316183635225,0.013441669602304553
0.3217602556285164,0.6546462389482548,0.023593505423226697
0.5169659370026016,0.47137268928474135,0.011661373712655836
0.5985108539294294,0.37859302079093,0.022896125279641938
0.29070180568029363,0.6960769611172114,0.01322123320249527
0.5148336924042339,0.4679754497421203,0.01719085785364404
0.5179689325167571,0.4571869012012093,0.024844166282032447
0.5934599380424089,0.39780792598910525,0.008732135968487188
0.5624492926141919,0.42567638482773373,0.01187432255807307
0.39849760986987975,0.5749651315028752,0.02653725862724337
0.7335665495836902,0.26349385580706314,0.0029395946092471313
0.5732297681557441,0.41584486788126873,0.010925363962984727
0.7098710671244619,0.2812162057572295,0.008912727118308393
0.5575003934423362,0.4307831699017651,0.011716436655897312
0.6993871934598421,0.29704068751576845,0.0035721190243914614
0.49119256878811335,0.503558154041169,0.0052492771707191525
0.5855315355880849,0.40516452751736626,0.009303936894547081
0.38975207621973806,0.5922637162089152,0.017984207571345747
0.38070764547754554,0.6127873186135437,0.006505035908910493
0.5860161236072879,0.39544214228322516,0.018541734109488058
0.7454483098610951,0.25194230078143504,0.002609389357468496
0.7466869457550955,0.24999841631443037,0.003314637930475477
0.4508200401904016,0.5447295702647482,0.004450389544850272
0.4711665026559652,0.517125559874009,0.011707937470026766
0.6684892492413306,0.3232157056148335,0.008295045143834287
0.8404453798425495,0.15274017625147068,0.006814443905977682
0.7659403043391765,0.21404403769227678,0.020015657968547835
0.4405454326421271,0.5380733980786576,0.02138116927921723
0.33475154541951774,0.6454194145143709,0.01982904006611243
0.4952483222475337,0.4857775536630527,0.0189741240894114
0.6191362249918456,0.3749927527402523,0.005871022267901204
0.2266549436018631,0.7608499660753402,0.012495090322795357
0.580932467124327,0.40185869703708466,0.01720883583858809
0.5727160460262927,0.4194620188292285,0.007821935144477491
0.40756935095133373,0.5824304114573331,0.010000237591333876
0.5849904952830035,0.4033447252969861,0.011664779420009467
0.6400379687916108,0.3537464352898012,0.006215595918589118
0.7423477619106558,0.251603990774147,0.006048247315197299
0.5831140459255966,0.3912946089403386,0.025591345134065056
0.745728561377684,0.24539913217708062,0.008872306445237633
0.5110308202610956,0.4787161051515896,0.010253074587313527
0.2888905738532177,0.6641679347625469,0.04694149138423657
0.4491310967056699,0.5361096017758196,0.01475930151850944
0.5048054439182034,0.4755094987751576,0.0196850573066405
0.6344322418453358,0.35912937053444055,0.006438387620227178
0.3748681654553517,0.6113976171752536,0.013734217369396286
0.7812241457781635,0.2015556110774269,0.017220243144410414
0.5394793466313226,0.4533746724424744,0.007145980926204267
0.40439252234749085,0.5841906758657334,0.011416801786775588
0.6124862903547985,0.37855268443752577,0.00896102520767415
0.46861083492409095,0.5035330025967435,0.027856162479165347
0.5835302803891423,0.3950802926371794,0.0213894269736785
0.6772929649959049,0.3155891939092163,0.007117841094878383
0.6435863757703731,0.35158115791315103,0.0048324663164736005
0.8382358089246397,0.15845952063566934,0.0033046704396915948
0.7417387334465326,0.25285255794572653,0.005408708607740638
0.6374556642385085,0.34138207044664,0.021162265314853285
0.30738374704805227,0.6622920857431128,0.03032416720883526
0.5753700603504336,0.4166798647436333,0.007950074905932268
0.3693058911741734,0.5996696879213663,0.031024420904458713
0.28540294132354455,0.7043915663501907,0.010205492326265301
0.5089741863123727,0.48537753349017815,0.005648280197449689
0.4316185820257918,0.5239961176538205,0.04438530032038702
0.8311236927344148,0.1629502161835695,0.005926091082013543
0.31136454019055754,0.6752723517687463,0.013363108040698008
0.4240883065154939,0.5401558751438601,0.035755818340643696
0.2758978718386244,0.6770344897971216,0.04706763836425421
0.6581859680361934,0.33429238139488293,0.00752165056892578
0.44884749675096447,0.5424000403756029,0.008752462873434917
0.5045076900672845,0.4735423687865249,0.021949941146190907
0.653987150113048,0.34221986699425405,0.003792982892697813
0.6098173662328432,0.38869799543189676,0.0014846383352596828
0.4836127691206703,0.49933950612122785,0.01704772475810116
0.34311445805819085,0.6402892179383928,0.016596324003416305
0.6002284479415743,0.39552599243947384,0.004245559618952287
0.46570896420539515,0.5097770574124278,0.024513978382176917
0.6582908038337869,0.3362043742060199,0.005504821960196198
0.5981819517775742,0.39313170082797433,0.008686347394451841
0.23350242457673118,0.7258807792872091,0.04061679613606198
0.34102323935858314,0.6382861902391009,0.020690570402316324
0.5521551729621542,0.4377487870111788,0.010096040026665951
0.42843972103559197,0.5409836376624335,0.030576641301976386
0.5726437770362828,0.41497671040621675,0.012379512557499339
0.388729120313349,0.5937339123984524,0.01753696728820086
0.7788338847316986,0.21008130722512397,0.011084808043177501
0.8242753067740098,0.16259931695727908,0.013125376268709948
0.8187924080445798,0.17883720490745283,0.00237038704796812
0.3236858803267662,0.6493249031831932,0.02698921649003947
0.5232632740348764,0.44091302237716407,0.03582370358795913
0.7231968845900205,0.2709616386258334,0.005841476784145828
0.2555039746989801,0.7349273712483099,0.009568654052709496
0.6375944997808304,0.3559479091820039,0.006457591037165617
0.3316577658728851,0.6474978174116518,0.02084441671546553
0.5101710302910721,0.47028388912471986,0.019545080584210273
0.4907473355778205,0.49883737019937374,0.010415294222804978
0.424631502038074,0.5640245767750941,0.01134392118683261
0.8122278747407518,0.18414137249869503,0.003630752760555495
0.6736770409269475,0.30971005588017936,0.016612903192872862
0.48816696347518035,0.5016568462768841,0.010176190247935929
0.7813250707664766,0.21633200011505807,0.0023429291184674963
0.5606927275876057,0.4354357789365938,0.0038714934758003485
0.7884003097287765,0.20713106613782553,0.004468624133397515
0.6561029320563614,0.3332747525439105,0.010622315399727574
0.7031828050732841,0.28780033707364494,0.0090168578530699
0.8360256698268025,0.1583202044655079,0.0056541257076921855
0.2870845518261436,0.6990056030891723,0.013909845084685783
0.5499265813967565,0.43748871636726705,0.0125847022359761
0.6705654736186805,0.3216367746191432,0.007797751762176267
0.5109638204130036,0.4788188985829089,0.010217281004086594
0.43382306640373225,0.541076619035012,0.02510031456125643
0.3360204594516635,0.6588304265474544,0.005149114000883695
0.5406932481217451,0.4517529994902193,0.007553752388036582
0.6123071082812145,0.38417221047361744,0.003520681245165988
0.5057020426579261,0.4778772231441259,0.01642073419794957
0.4839516329006851,0.5071256477548958,0.00892271934441918
0.3379879744926372,0.6533938729100969,0.008618152597268256
0.3368916996898041,0.6578032103486736,0.005305089961523421
0.2606681165075375,0.718815957228524,0.020515926263939544
0.4548634872316618,0.5398753944737122,0.005261118294625331
0.8349484724687236,0.16004285188211662,0.005008675649160767
0.6513850315340746,0.33585815783784273,0.012756810628082529
0.8291645927025424,0.1657020004666344,0.005133406830823809
0.6143614634534151,0.3800700914145329,0.00556844513204998
0.42473457361451117,0.5680103868459946,0.007255039539493151
0.24336938150902432,0.7467005324174077,0.009930086073567925
0.5581135282656523,0.4377913811264049,0.00409509060794285
0.6201641425679532,0.361879347589148,0.017956509842897886
0.6371111344457465,0.35486920583367115,0.008019659720581326
0.7474485314158066,0.24749249074328616,0.005058977840908034
0.44982311685833953,0.5380202194127512,0.012156663728908447
0.5878078523183757,0.4102215769307468,0.001970570750877733
0.7451549259827958,0.2509440271582463,0.0039010468589580267
0.4178333567261453,0.5711319063750168,0.011034736898837627
0.7399998687152377,0.24989302014226256,0.010107111142500288
0.6618331538407339,0.32623016776176816,0.011936678397499139
0.8217762793870985,0.17567959875768976,0.0025441218552110824
0.18075644268161853,0.8130773506751847,0.006166206643197897
0.4134394105632455,0.5799451629609017,0.0066154264758530494
0.4341222357723852,0.5298892744496819,0.03598848977793427
0.6753159395676646,0.31949640306754556,0.0051876573647882925
0.7574819039696525,0.23652764923996084,0.005990446790387202
0.7317704770388082,0.26111770713829524,0.007111815822896192
0.848720172217101,0.1438438685081943,0.007435959274704092
0.7296203069976913,0.26692370454783215,0.003455988454475182
0.598783251394811,0.3824308445911409,0.018785904014047054
0.4092414217616598,0.5844942011313408,0.006264377106999432
0.39829095628184014,0.5908614206513084,0.01084762306685323
0.20527465799288622,0.7694172711561635,0.02530807085094979
0.7566718048170318,0.24155255455222252,0.0017756406307447565
0.5767765186763497,0.4157060083855574,0.007517472938094816
0.4873929665305647,0.5061597161371937,0.006447317332240994
0.6843935321801895,0.3029590123674632,0.01264745545234617
0.3549011256419179,0.5948300560694032,0.05026881828867903
0.385055247257997,0.6048601172322875,0.010084635509715596
0.46884353032366194,0.5283567136195914,0.0027997560567488123
0.8420388963439694,0.1533139065872982,0.004647197068732408
0.6580527085327377,0.3321840276544409,0.009763263812821527
0.4633164552227629,0.521125765767854,0.015557779009383883
0.43114690960560215,0.5363155734344415,0.03253751695995653
0.14417201672705798,0.7175333919692573,0.13829459130368318
0.38089781107776144,0.6100414506955973,0.009060738226641506
0.9046176977035298,0.09236556228491284,0.0030167400115586255
0.6732265500002561,0.31677335177748045,0.01000009822226168
0.4957776088231796,0.4833055977036636,0.020916793473157943
0.6482968147463082,0.3455607095465174,0.006142475707175301
0.7953287530694254,0.20311756078490836,0.0015536861456661875
0.5927155803563955,0.39932274191709566,0.007961677726510095
0.6736127463729967,0.32263832953978694,0.0037489240872190964
0.5102325898350364,0.4824776776577571,0.007289732507205408
0.3777678841770945,0.5713911739235584,0.050840941899345876
0.4843171025890837,0.48270103366117006,0.032981863749746584
0.531171584440714,0.45302090196409517,0.015807513595191575
0.2887116231591871,0.6511001824959798,0.06018819434483324
0.6285958096207191,0.3568286966015666,0.014575493777712755
0.6601572613454875,0.33495424492962556,0.004888493724888891
0.5178034979116835,0.4688666346070722,0.013329867481244193
0.7608400182602241,0.23099538504393805,0.008164596695837375
0.2944263875789897,0.6888957835443815,0.016677828876627516
0.4655061937739155,0.5170023396863186,0.017491466539764407
0.15624443748425063,0.8388179155209875,0.004937646994761261
0.8648827789993291,0.1281899563061193,0.006927264694553117
0.6039287196342592,0.3760204279680211,0.020050852397720125
0.46857071374175785,0.4990902284019681,0.032339057856274986
0.7377711798231906,0.2470932038715254,0.015135616305284894
0.5018468262581871,0.48729246756619166,0.010860706175620963
0.7866104509558437,0.20676251498809375,0.00662703405606354
0.33941905960170593,0.648737371554064,0.011843568844232013
0.7551682921610354,0.23923508987267703,0.005596617966289651
0.23672995566990238,0.7441526851521142,0.01911735917798437
0.6351279385185119,0.35064132003380044,0.014230741447690678
0.5381632758349626,0.4473271867272837,0.014509537437755474
0.8685486863329568,0.1266147050673929,0.0048366085996475105
0.5932726748224695,0.40239765534231486,0.004329669835216899
0.4631862827933973,0.5277489527180292,0.009064764488574989
0.556401797595128,0.4261146606144543,0.017483541790417643
0.3119981514316164,0.6713461881914984,0.016655660376884963
0.4620697587179439,0.5189379418691923,0.018992299412862894
0.4698209666098358,0.5123555080240096,0.01782352536615384
0.6371028570806302,0.35525121711202745,0.007645925807340764
0.3443575293202494,0.6169771534951184,0.03866531718463372
0.5273920291253639,0.4472659475821944,0.025342023292441646
0.8644346319987168,0.1334267877681323,0.002138580233149856
0.70931272777284,0.279722728261532,0.010964543965626034
0.5769515950100005,0.40636395263596387,0.01668445235403598
0.9107175531665256,0.08654155497042001,0.002740891863055367
0.40497008690764236,0.5800849053383634,0.014945007753994731
0.6813353992045669,0.3089013246061218,0.009763276189312102
0.5521129057597054,0.4289992500130335,0.018887844227260815
0.52910774548286,0.4599257119939033,0.010966542523236629
0.4797091966214928,0.509288092244305,0.01100271113420455
0.5890615644202812,0.4073674132491566,0.003571022330561211
0.8877479735166408,0.1083689098191806,0.003883116664176976
0.4868970854260732,0.48858530238895476,0.024517612184971796
0.6302794459523491,0.3619080838973105,0.007812470150339802
0.7234130364221253,0.27507517588865604,0.0015117876892205664
0.49907241903558136,0.48391445642597336,0.01701312453844564
0.279446756461392,0.6993529622997192,0.021200281238888452
0.6498656162264513,0.3423571167714011,0.007777267002147586
0.32014457295836063,0.6626237732233081,0.017231653818332665
0.3720057039599798,0.6185153225848421,0.009478973455177205
0.5378659194671799,0.393651509484817,0.06848257104800354
0.9248271243275992,0.07435352458682876,0.0008193510855752358
0.7376544688408863,0.2585290562241546,0.003816474934959085
0.7038063586057216,0.2888666471459176,0.00732699424835814
0.3187729903226207,0.6634565524388787,0.017770457238501302
0.6006562396796067,0.3933813983830916,0.005962361937301819
0.3612954862557185,0.6319576786373721,0.006746835106909506
0.4457882015028543,0.5459461125681205,0.008265685929024035
0.8231174264797463,0.17438693719647844,0.0024956363237751177
0.7852292791300313,0.213178623158781,0.0015920977111883094
0.5582525086631915,0.433321974130549,0.00842551720625876
0.3331505191938724,0.6363419213053779,0.03050755950074792
0.36746680696559536,0.6157788505919757,0.016754342442429303
0.34211471920283043,0.6494164325737305,0.008468848223438396
0.6394387456069615,0.3414018159997232,0.01915943839331467
0.7088316087593931,0.2857533602435549,0.005415030997051651
0.8432633936599043,0.14703464247841705,0.009701963861677754
0.45986030150083085,0.5311143131384908,0.009025385360679532
0.6014958205528047,0.3875343166497641,0.010969862797429836
0.5119567606029453,0.48024899197581866,0.007794247421235635
0.5675599473631054,0.4285782063371652,0.0038618462997298438
0.5120085240174703,0.4385654809493062,0.049425995033222835
0.5319937605341831,0.45607632091578204,0.011929918550034252
0.5532703058166617,0.43221005233283305,0.0145196418505057
0.3054119076869061,0.6644652045783325,0.03012288773476014
0.3938995313731508,0.5934815676240179,0.01261890100283277
0.3698910982255011,0.6124571908874721,0.017651710887027626
0.29239501442462923,0.694038858351157,0.013566127224212653
0.3123088782314244,0.6450766996952019,0.042614422073373015
0.15751345349258447,0.8139779039231024,0.028508642584310188
0.30939156849718763,0.5665616087610438,0.12404682274177042
0.601438828485732,0.39119609774363934,0.007365073770628904
0.7347018378810244,0.2574578083977588,0.007840353721217583
0.3714666558609228,0.6145605806039576,0.013972763535122034
0.9747720370345141,0.024419613814350292,0.0008083491511363044
0.8483317327016112,0.1468445003061051,0.004823766992283878
0.5909654467775081,0.40420663061823797,0.004827922604255416
0.6140775656834317,0.37770434331857633,0.008218090997989822
0.6808034449441609,0.3050992294826951,0.014097325573142958
0.5771575019112816,0.4175329794760255,0.00530951861269212
0.5814024634629236,0.41261149615353154,0.005986040383544082
0.6262297692663324,0.3558964966150308,0.01787373411863722
0.492548911584636,0.48659254756975884,0.0208585408456042
0.4323312908855694,0.5456509846849867,0.022017724429443317
0.7547208952811916,0.24254235254087544,0.0027367521779317243
0.5272576076657804,0.4431346724363425,0.02960771989787727
0.2104305880230583,0.7788965705210887,0.010672841455852393
0.27272895984824486,0.7091989026648917,0.01807213748686344
0.6659796360337242,0.3256597492246149,0.008360614741660862
0.34187300673446214,0.6277275364126434,0.03039945685289642
0.4643411837752321,0.42962968417351144,0.10602913205125547
0.6836622570153236,0.3045147193065884,0.011823023678087227
0.5552693834581666,0.4321078356320325,0.012622780909799744
0.4571274384487315,0.5289833708178202,0.013889190733448976
0.5739139217782956,0.39025252437033253,0.035833553851371776
0.3523448908746207,0.6258698502155443,0.021785258909836167
0.6153206647773882,0.36356861438057986,0.02111072084203112
0.5630772614951824,0.4279723002079162,0.008950438296901893
0.8445969974628452,0.15143599062130983,0.003967011915845772
0.36646711284506617,0.6121895360116579,0.021343351143275208
0.7995324218980393,0.19483120970008944,0.005636368401872189
0.4351940366106214,0.5357759169665102,0.029030046422869434
0.8395751122089041,0.1575109700787534,0.002913917712342089
0.7033697358602278,0.2913923570249211,0.00523790711484934
0.62893724640783,0.36045320387754837,0.010609549714621632
0.45983449700787654,0.5292710812059283,0.010894421786195256
0.4365687273827487,0.5449058786429003,0.01852539397435161
0.7644311768002194,0.22235272426075012,0.013216098939029941
0.373552430181133,0.609985290289729,0.01646227952913781
0.7437081182463522,0.24733529804036142,0.00895658371328452
0.5508227081309252,0.4297373668552731,0.019439925013802276
0.7323648684920896,0.26424959991751523,0.0033855315903943157
0.8435346155977544,0.15141905879670478,0.005046325605538502
0.3755041330577954,0.608737744475401,0.015758122466805188
0.9262021984132259,0.07167616814363167,0.0021216334431438983
0.8527915684635125,0.1446418154472022,0.0025666160892854973
0.5783825444814846,0.415477666067519,0.006139789450996906
0.6776545417523898,0.3211242219768065,0.0012212362708028952
0.3606238102826394,0.6278899941343704,0.011486195582990915
0.7661779151854718,0.2280860151718101,0.005736069642717112
0.4397771418058568,0.5351755136668951,0.025047344527249285
0.5296180293127177,0.4496411818668542,0.020740788820429255
0.4451282801663012,0.5432549332511938,0.011616786582506547
0.4554211509766888,0.5221625772535544,0.02241627176975672
0.42303355973306744,0.5629169346722247,0.01404950559470871
0.5449259886735358,0.4385785263092751,0.016495485017188158
0.7302700484464616,0.26399696445762866,0.005732987095909524
0.5088082867921423,0.48337803726549555,0.007813675942360055
0.5369857136258775,0.4554777180653208,0.007536568308803887
0.6025978113010745,0.37902864566673145,0.01837354303219493
0.4788759697725776,0.4995324899868422,0.021591540240580482
0.653136401253236,0.31970229855630544,0.027161300190457666
0.7574805788170959,0.23783349711608676,0.0046859240668163495
0.5320865396409461,0.4602370269380089,0.00767643342104455
0.5996098060423626,0.39673266151160663,0.0036575324460313596
0.32353371426581806,0.6624532982356899,0.014012987498491518
0.8910479889760691,0.10479723539677122,0.004154775627159464
0.4247835663034317,0.5116113188418488,0.06360511485471831
0.42686305368625815,0.5371103301212357,0.03602661619250509
0.7845515175638632,0.210752241284365,0.004696241151772308
0.2592083794860256,0.7314082305417614,0.009383389972210093
0.7392235663214979,0.24981918342047738,0.010957250258025578
0.31950844685356755,0.6470545196951524,0.03343703345127822
0.588396084473752,0.4056946418081637,0.0059092737180831845
0.45899200013061925,0.5271357893643498,0.013872210505032312
0.5217688123517721,0.46837402239174525,0.009857165256482295
0.6895789375245465,0.3053721880715492,0.005048874403901718
0.7937857680159022,0.20183970941150614,0.0043745225725921435
0.4173431349173056,0.561950526691674,0.020706338391020995
0.7003130455247472,0.2918367084380727,0.007850246037181511
0.8094521136083497,0.186764808480246,0.003783077911404889
0.21547724510837318,0.7718589957962507,0.012663759095375156
0.7894760095067095,0.20499942805434807,0.005524562438941733
0.6974125378262885,0.29859759337463615,0.003989868799076254
0.3860498614505477,0.5756334285239005,0.038316710025552564
0.5536489145810354,0.4415193759973687,0.004831709421596662
0.6111737465108221,0.37416110067723285,0.014665152811946894
0.4417911817225057,0.5457986519406499,0.012410166336842535
0.7018954246708297,0.2922103342473733,0.005894241081797277
0.7689724539313877,0.22755982303296704,0.003467723035643467
0.8005080434914628,0.19499637783414278,0.00449557867439339
0.49411024766587497,0.5004469513675148,0.0054428009666096545
0.2905791415217727,0.6969342372473741,0.012486621230853414
0.7293444619837282,0.25584730275389844,0.014808235262373515
0.5516575769450917,0.4284549834485284,0.019887439606380588
0.6543945617739552,0.3247679269101645,0.02083751131587848
0.4065028709906331,0.5795072148955414,0.013989914113827249
0.41031410954351477,0.5711436313305795,0.018542259125904823
0.24003918404288932,0.7392858630490076,0.020674952908099443
0.2683796900133976,0.7088133905627502,0.022806919423851917
0.5539009237942134,0.4416654424462596,0.0044336337595243525
0.35110914878376354,0.6026484584064522,0.04624239280978431
0.20173429656612082,0.7487997074608644,0.04946599597301896
0.37781560062165254,0.6140143595314526,0.008170039846895245
0.43842804334779967,0.5146330444660192,0.046938912186180806
0.7028202818943269,0.29257127523671217,0.00460844286896052
0.5276586806985375,0.469243036123178,0.0030982831782845866
0.2730352541989925,0.7135988907234557,0.013365855077551269
0.2395965752386618,0.7546904892958738,0.005712935465464289
0.15149149181384416,0.8263566085209901,0.02215189966516624
0.48576543910125564,0.5011199473411554,0.013114613557587734
0.778856890355321,0.20456553149730083,0.016577578147379375
0.24065471573593114,0.7291811713602043,0.03016411290386379
0.24952388495936645,0.7435566124352083,0.006919502605422347
0.2275253097915131,0.7368783357568361,0.03559635445164836
0.5325103634525046,0.45994332369084157,0.007546312856652432
0.671525260591666,0.3256236132147831,0.002851126193551699
0.4657581970111955,0.5285790815758705,0.005662721412936474
0.18701024834379043,0.8008154243006261,0.012174327355583625
0.3991661536053254,0.5932392405182698,0.0075946058764054065
0.46634004284716507,0.5174909059301825,0.0161690512226508
0.6018387589338504,0.34543275344428537,0.05272848762186472
0.326982168714608,0.6371059114045126,0.0359119198808784
0.6101596770004059,0.3823248843023248,0.007515438697268038
0.5183235289981026,0.46522801526126456,0.016448455740631647
0.44006706647293553,0.5455949486634838,0.014337984863579855
0.273132093333305,0.7134990471591228,0.01336885950757346
0.42178952865791713,0.5587505331655538,0.019459938176529936
0.3466871555915884,0.6299315160432793,0.023381328365132417
0.6983442807100532,0.29032685276987563,0.011328866520069305
0.9015711251302198,0.0955230314949968,0.002905843374781481
0.34480688556125044,0.646495119364991,0.008697995073757285
0.43803687188118773,0.5559260109468759,0.006037117171935433
0.28280017369112787,0.6799966185042033,0.03720320780466707
0.25125897168002065,0.722197136427827,0.026543891892151554
0.36463029771060923,0.6215283890170168,0.013841313272373737
0.8564428590270464,0.13777095571956244,0.005786185253388872
0.41236130461325515,0.5753105974631583,0.012328097923587165
0.24871577832904823,0.7360930572165789,0.015191164454373239
0.38581822901466023,0.6011343362930927,0.013047434692246066
0.4794174667454445,0.5001971810681386,0.020385352186416576
0.42065898988304423,0.5603441081396751,0.018996901977280847
0.8419037141616315,0.15191943942543135,0.006176846412937355
0.1115012937639074,0.8350174542048358,0.053481252031258204
0.5958675239653638,0.3897410401738533,0.014391435860784351
0.4762314592036154,0.513979581719241,0.009788959077143422
0.7804028723552598,0.21677801700830168,0.0028191106364401186
0.31401481970588685,0.6416706568371058,0.04431452345700619
0.7835482914544407,0.20819043286961267,0.008261275675947411
0.9180118967407167,0.07941239167945706,0.0025757115798274717
0.3250528989281666,0.6663831638631531,0.008563937208678069
0.40165502390171637,0.5523186507715236,0.04602632532675895
0.3591644908644908,0.629168578564105,0.011666930571403698
0.3260451596094151,0.6681272402045155,0.005827600186071176
0.45622192297434766,0.5270411786256609,0.01673689839999432
0.3054493148510585,0.6857888394338283,0.008761845715114373
0.24354030057669931,0.7406429881895027,0.015816711233796153
0.7136336239308354,0.28142536344299324,0.004941012626170616
0.6279693006523543,0.35863029227122245,0.013400407076423548
0.7863110514079472,0.2042132942938878,0.009475654298164377
0.3498291631073534,0.6297441518624189,0.02042668503022762
0.6139197389074373,0.36755071399585704,0.018529547096704863
0.4277378540769817,0.5571294745468076,0.015132671376208062
0.5923622760113967,0.39966458888351236,0.007973135105090758
0.6722235448602765,0.2931682794185595,0.03460817572116266
0.5510751789493085,0.4360692293605984,0.012855591690094596
0.5386654144460818,0.45521885353711117,0.006115732016806276
0.3938285018572945,0.5797021855047024,0.026469312638002254
0.6573566823049722,0.33012431488244665,0.012519002812580584
0.7003021148413047,0.29160327068638336,0.0080946144723113
0.5391708465023896,0.45564695961740476,0.005182193880204905
0.7331599275409209,0.262240779360766,0.004599293098314672
0.627138762216028,0.36492164219861595,0.007939595585352262
0.4777308567068633,0.5041828342385857,0.01808630905455102
0.41743404378140203,0.5791700251443594,0.0033959310742388833
0.5530381847408457,0.42313623245668813,0.023825582802465703
0.45219419990570875,0.5350673169519156,0.012738483142374328
0.46435150952567134,0.5259425724218076,0.009705918052520883
0.5949235987203801,0.388409908036679,0.016666493242941942
0.6393947534763073,0.35712124393844574,0.003484002585247445
0.34328457467028434,0.6283812548372355,0.028334170492480416
0.22976920501445305,0.7249750928350331,0.045255702150512556
0.45117391983294014,0.5310904455584036,0.017735634608658433
0.6885339059464192,0.30240506838619025,0.009061025667391252
0.23654729233577823,0.7351181435058102,0.028334564158412453
0.5232275547050406,0.47012589211763306,0.006646553177327036
0.5332405783500951,0.4555156972941006,0.011243724355805756
0.6386470218925099,0.35748417093584955,0.003868807171640645
0.41290257016067367,0.5478153735599878,0.03928205627933635
0.6735583200567599,0.3054654661702087,0.020976213773033003
0.4799971880220611,0.5041399610992874,0.015862850878651743
0.3556244642845228,0.6169162048256548,0.027459330889821484
0.462795359739258,0.5347699471959249,0.0024346930648169868
0.5676405736905646,0.4234529346869119,0.008906491622523448
0.3422367296273952,0.6304585804003278,0.02730468997227815
0.350495117426921,0.6355363619813598,0.013968520591719255
0.7014704061838187,0.2843773126195205,0.014152281196660186
0.7760327171951974,0.2214321193105489,0.002535163494253511
0.8692751794970831,0.12889050897868426,0.0018343115242324926
0.5162239174340466,0.47880128950600004,0.004974793059953243
0.7625096655870102,0.2333502553331875,0.00414007907980386
0.7219248938941987,0.2680267173747476,0.010048388731053343
0.5842511816414924,0.4048496920076656,0.010899126350842439
0.3129289837293117,0.6748067367662954,0.012264279504393167
0.45210176720596135,0.5344294100438454,0.01346882275019246
0.33463375146052493,0.6513161441354426,0.014050104404031634
0.7715679843152257,0.22483335994921727,0.0035986557355565055
0.20875169843233962,0.7652614835375885,0.025986818030070368
0.4980819722171293,0.49779059835587197,0.004127429426999142
0.7167757826299522,0.2684568115977729,0.014767405772275552
0.6507268342079209,0.3387835475589248,0.01048961823315372
0.42945288972506673,0.5013144251268704,0.06923268514806247
0.559561458916838,0.42718788940547353,0.013250651677688434
0.5232028786137379,0.46670973269196897,0.01008738869429447
0.49352457934791627,0.49640643745407853,0.01006898319800467
0.5774425261396693,0.4147554402210844,0.007802033639246842
0.28734204375937017,0.658999852897906,0.05365810334272272
0.7269534670665788,0.26434041450241524,0.00870611843100617
0.4633557506073499,0.5328576936820064,0.0037865557106461886
0.7522595167639784,0.2405766628802279,0.007163820355794068
0.40013529321577407,0.5781195835757733,0.02174512320845336
0.5359366721477121,0.4543584052477175,0.009704922604568412
0.6660452836854255,0.3054656172158699,0.028489099098705083
0.6728146389124181,0.3142476807402054,0.01293768034737306
0.4832318608098983,0.4977615473247571,0.019006591865344955
0.6854299621631992,0.31074618880201726,0.003823849034781429
0.3337500624375642,0.6525452832598863,0.013704654302553113
0.5905061186363875,0.38816959296352627,0.021324288400086218
0.3817281916541776,0.5910577447566813,0.027214063589139706
0.46814154487336007,0.5260258288422354,0.005832626284405185
0.35911543599935597,0.6131302871848066,0.02775427681583776
0.7402006455986958,0.2568885974994054,0.0029107569019001115
0.7498128167847925,0.24829932150299866,0.0018878617122098694
0.6524485938649315,0.3354195862146482,0.012131819920421685
0.7095202241499268,0.28832249144352734,0.0021572844065455743
0.5694297850733978,0.41631641021517257,0.014253804711430845
0.5844782627765261,0.40015987111139323,0.01536186611208148
0.32065334309508414,0.6630178152650059,0.016328841639908546
0.2480361608598364,0.722841520686717,0.029122318453449668
0.1508586602454828,0.8399176200269932,0.009223719727525396
0.6677257513875965,0.3290533597299894,0.0032208888824157857
0.6562869387690307,0.3382919205149662,0.0054211407160022
0.5606338729974583,0.43067281674959124,0.008693310252949688
0.748044593390307,0.24474418259297698,0.0072112240167167396
0.7562493841492953,0.2373049101270694,0.006445705723634982
0.31806072909855054,0.6671302339786767,0.014809036922774573
0.8300305033735765,0.16668223321922893,0.0032872634071933007
0.8434913432537436,0.15453866681441866,0.0019699899318382412
0.7770848086563754,0.21609077064703378,0.006824420696590064
0.737049784406727,0.25213088709116016,0.010819328502112507
0.4842556817359932,0.504910819161537,0.01083349910246855
0.28628026733381085,0.6778269304619577,0.03589280220423182
0.4655504542503074,0.5293941812682655,0.005055364481426444
0.5672902888796579,0.4159680736213825,0.016741637498959468
0.3586114740558818,0.621105030872372,0.020283495071747107
0.4497489369261296,0.540681397961721,0.00956966511215179
0.32899080257438,0.6162155851508312,0.054793612274789016
0.7318304597616972,0.2620220991008859,0.006147441137416344
0.80469060802516,0.19031489999611167,0.00499449197872859
0.6848981541169974,0.31090886318398786,0.004192982699013851
0.8220227935351023,0.1679975139003124,0.00997969256458407
0.4765090593403008,0.4683022853579516,0.05518865530174916
0.6616083834309514,0.3350406049655246,0.0033510116035250313
0.33053430454769117,0.6657262332505585,0.0037394622017485482
0.42936855154170733,0.5468022991096434,0.02382914934865059
0.6180174567708977,0.37838835721136405,0.003594186017739463
0.5898692043344219,0.3882630291208414,0.02186776654473631
0.796116991225104,0.19314332208916632,0.010739686685729761
0.23742984105629097,0.7076072790332959,0.0549628799104146
0.6773898680964677,0.30954575402480905,0.013064377878721844
0.491409883834189,0.5008139907405305,0.007776125425279286
0.41934186269729,0.5700678813864716,0.010590255916242197
0.31792577610498757,0.6492489582540126,0.032825265640999524
0.44620487607300613,0.5177960511610044,0.035999072765990806
0.6114459018769055,0.36886300860142196,0.019691089521671454
0.6135864961871353,0.3778017605970421,0.008611743215822762
0.4764194186343246,0.5188980808939123,0.004682500471764811
0.7220268867648558,0.2713733154696173,0.006599797765527145
0.5310619791527563,0.459694831752914,0.009243189094328582
0.47947059775241235,0.5069872500777177,0.013542152169869606
0.6575154540540268,0.32227990522632777,0.02020464071964446
0.5769469121247784,0.4145624045402551,0.008490683334965011
0.4854378098743688,0.4968413637274582,0.01772082639817393
0.6985513017328142,0.298199254483372,0.0032494437838122047
0.40260647173251435,0.582002931957769,0.015390596309715857
0.5976739476373558,0.39638619805471464,0.0059398543079292945
0.4834388774015066,0.5007279468277006,0.015833175770793056
0.18484030584785213,0.7053628614975745,0.1097968326545734
0.5011750566380453,0.4934651961073097,0.005359747254645631
0.6294246985463512,0.3664284332648121,0.004146868188833837
0.7008314290287719,0.2924380288679242,0.0067305421033055516
0.2934243630708966,0.696549857490988,0.010025779438114866
0.4795924158465123,0.5077536774395562,0.012653906713931665
0.5598882357345386,0.4250523349977885,0.015059429267674096
0.4724055907179161,0.5107143602090954,0.016880049072989046
0.5522416527613618,0.4396443967503394,0.00811395048830038
0.4107877308709504,0.536082414731398,0.053129854397650306
0.6260596737076863,0.36637879488036884,0.007561531411944792
0.7579514931094106,0.2335769920903455,0.008471514800244375
0.5678920806881084,0.4167865128185142,0.01532140649337731
0.27860002120371685,0.7044417502832233,0.01695822851305914
0.9450575690225935,0.054077446136515814,0.0008649848408908655
0.5915030017838813,0.40205195599029553,0.006445042225823812
0.46037614288633516,0.5281674512668281,0.011456405846834066
0.3047798403719138,0.6560380190187163,0.039182140609370655
0.8661840756586543,0.131953295786681,0.0018626285546668561
0.3663565231697543,0.6212162581991175,0.012427218631125767
0.7166637949861098,0.26636939214744376,0.016966812866445382
0.7420365748774184,0.25073471118232044,0.007228713940261466
0.40783032810543907,0.5537239873846177,0.038445684509941055
0.4275580621490257,0.5646256248731405,0.007816312977833448
0.39484671815393346,0.5867062186267108,0.01844706321935575
0.6195804704918133,0.35654273738678904,0.02387679212139753
0.4612598808758131,0.5105330856460409,0.028207033478147188
0.6471354688151838,0.3253856616285787,0.02747886955623764
0.5526255519571276,0.43183552131525144,0.015538926727622351
0.5334748573395613,0.4555988754645643,0.01092626719587511
0.8901580302094395,0.1065882562114415,0.0032537135791193233
0.6624438337344568,0.3205779476111421,0.01697821865440326
0.7050509310858155,0.27031387069258206,0.02463519822160444
0.3982254377691689,0.5953650204302621,0.006409541800569576
0.5872806656510958,0.3787542809062592,0.03396505344264332
0.7138801493635585,0.2815625831406708,0.004557267495770535
0.3084505938022912,0.6784884863712661,0.013060919826443348
0.7308610884911796,0.2640550901982171,0.0050838213106026466
0.9661536831429979,0.03256891926570693,0.0012773975912974342
0.4184206594864426,0.5546823195695888,0.026897020943970232
0.9747720370345141,0.024419613814350292,0.0008083491511363044
0.3107355280235265,0.6783462920000602,0.010918179976415181
0.7712836122866291,0.22653679211453007,0.002179595598839069
0.4337156910103163,0.5401865794528788,0.026097729536805874
0.5901278451435605,0.36241575501398715,0.04745639984245189
0.18909240867378493,0.7861598523738159,0.024747738952399827
0.6643528345602531,0.3250750548753056,0.01057211056444156
0.25791927858346353,0.7231932267801242,0.018887494636413208
0.3635616131341185,0.6030817546275614,0.03335663223831967
0.5752790375032627,0.4119076867322098,0.012813275764526916
0.3033258565949382,0.6855429123899516,0.011131231015111561
0.4738523967018698,0.51363952115363,0.012508082144500167
0.381496511485108,0.6120282496805348,0.006475238834357677
0.8480483469336647,0.14545556093646522,0.006496092129868997
0.7496000962636535,0.2487959507160966,0.0016039530202498124
0.7650676322055943,0.2285317544152418,0.006400613379165904
0.44473733705364227,0.5344827598334928,0.020779903112863846
0.788169434785724,0.20780502910910328,0.004025536105171337
0.4904144129101939,0.503106094706879,0.006479492382927438
0.3801288911223256,0.5897515436152203,0.03011956526245442
0.5765659712743044,0.40046341417979925,0.022970614545895933
0.3666264017942149,0.6004862108231614,0.03288738738262361
0.5890524559176297,0.4049654024024027,0.005982141679968802
0.7387200665276005,0.2515531610819314,0.009726772390468518
0.8731115892560757,0.12453313792905124,0.002355272814873604
0.6498323679905381,0.3357704218477124,0.014397210161750874
0.7652394936713393,0.227442395790194,0.007318110538465163
0.3477915359952418,0.6346530715061233,0.017555392498632614
0.6491333807235304,0.3409470672846116,0.00991955199185733
0.40586005054949187,0.589166349168213,0.0049736002822971265
0.6227313428298856,0.3667946737461565,0.010473983423960713
0.4034874990983698,0.5666721633495081,0.029840337552122936
0.40280327757730366,0.5556710697523037,0.04152565267039432
0.4768229505418683,0.5060764832217763,0.017100566236356547
0.4455949019391358,0.5233725473091619,0.03103255075170229
0.3102156816638283,0.6769305702511254,0.01285374808504645
0.30450992292887297,0.6892689457936844,0.0062211312774419405
0.44343003341448956,0.547343106367087,0.009226860218422972
0.5461719060906116,0.43699426852068246,0.016833825388704916
0.7161701964042659,0.2785831857566505,0.005246617839085171
0.347070738271418,0.6347609531940537,0.01816830853452624
0.5483505388061558,0.4137504148162361,0.037899046377606736
0.6841420571669776,0.3123164624472288,0.0035414803857923972
0.4473377969067207,0.5252636231854663,0.027398579907813355
0.5237172167675691,0.45975394425881816,0.01652883897361515
0.5072013173508407,0.46919816007211745,0.023600522577041292
0.7170188381876829,0.2779604876713504,0.005020674140964985
0.2069983309233536,0.7843573212948063,0.008644347781839479
0.5577747204414885,0.4320462953070003,0.010178984251512393
0.43320587497350577,0.5328830603076685,0.03391106471882716
0.5368114105526258,0.45640553149328617,0.006783057954088003
0.6366917080301113,0.3424407055482011,0.020867586421685805
0.21731925768351024,0.7580983931976308,0.024582349118856626
0.3455714106302157,0.648341676049009,0.006086913320775717
0.6142261589400494,0.3762573856927522,0.00951645536719858
0.491748641643203,0.501836358820363,0.006414999536434076
0.6111769225183821,0.38656622795242646,0.0022568495291903135
0.42542742850912507,0.5648792403199343,0.009693331170941727
0.7843841266738086,0.20926929553018947,0.006346577796001657
0.3067618603101338,0.6791374318827905,0.01410070780707756
0.7396401869079596,0.23985261277572917,0.02050720031631072
0.6914238687664847,0.2965461361352972,0.012029995098220024
0.5402772287413042,0.4537589852467802,0.0059637860119159955
0.4780075136288739,0.5070189798952364,0.014973506475890328
0.4866273068546502,0.4932202804738471,0.020152412671503167
0.8715004881735058,0.12563448121041132,0.0028650306160852273
0.8510779471068194,0.1434906820116913,0.005431370881489154
0.5801187133941113,0.41242535786097906,0.007455928744909535
0.4871461225836335,0.4967461898578937,0.01610768755847347
0.7633395993758239,0.23226597467996493,0.004394425944211738
0.5358597209117132,0.45108115212192373,0.013059126966364189
0.23922873109506568,0.7309743420707565,0.02979692683417847
0.21077550849758928,0.7558957300212232,0.03332876148118605
0.6501481533539009,0.34328037392995125,0.0065714727161482476
0.463338126637006,0.5056351039868473,0.031026769376145798
0.5814767109903961,0.40670931697207635,0.011813972037528202
0.40751649219065655,0.5817535282574324,0.0107299795519118
0.49516851306024917,0.46702382795307806,0.03780765898667019
0.6055607502616941,0.3863952617501679,0.008043987988136025
0.5633225383818657,0.42768843284157987,0.008989028776552761
0.25915342137711206,0.7321077020301036,0.008738876592786222
0.5793370155691994,0.40809121092683537,0.012571773503965858
0.23104320990537028,0.7450870059181892,0.023869784176437706
0.6274221587010347,0.3696613434600394,0.0029164978389257007
0.4907559185299112,0.47425566869779884,0.03498841277228963
0.3255438797938203,0.6086033195310819,0.06585280067509741
0.6799564483595864,0.3132477087020932,0.006795842938321103
0.8632854453048244,0.13281504169322605,0.0038995130019511535
0.38451481640417257,0.6009345031629941,0.014550680432831857
0.5979110246336898,0.3968897433469488,0.0051992320193596
0.6731416613285205,0.32056766016983385,0.006290678501643957
0.4681687215504979,0.5220137969369647,0.009817481512535921
0.7595977798494488,0.23438217027448918,0.006020049876060881
0.5258878107452023,0.4519557694455153,0.02215641980928249
0.6732325089402125,0.32436693419532175,0.00240055686446668
0.3006969653374801,0.6829074381071641,0.016395596555355687
0.647817420863556,0.3426136526516958,0.009568926484748469
0.7249572980119928,0.2704965776420585,0.004546124345947591
0.2959489130905568,0.6624639198769183,0.04158716703252724
0.7810190421813713,0.20797640943000123,0.011004548388625659
0.41185971830235113,0.5508292394959345,0.03731104220171443
0.39211615950454215,0.5751728616483198,0.03271097884713667
0.5857239423719298,0.4048408647484479,0.009435192879621333
0.4998923620042545,0.4876642105524546,0.01244342744329034
0.6095680952839899,0.3801339790198856,0.010297925696124494
0.6635094075045809,0.32531912364056514,0.011171468854852951
0.953448218650481,0.04464408995907466,0.0019076913904447963
0.8581428646143383,0.14030400973376286,0.0015531256518983212
0.4773046682560013,0.5030529470883818,0.01964238465561846
0.18998991329646103,0.7885410088438011,0.02146907785973841
0.4506588973044463,0.5399965740440754,0.009344528651478837
0.6485000157098214,0.3434568177983727,0.008043166491802941
0.3949501810286394,0.6012168138046368,0.0038330051667229497
0.6551091598380908,0.32974279016430064,0.015148049997610137
0.3759243689033126,0.6046452576597223,0.019430373436965697
0.37252638099991625,0.6124435294149237,0.015030089585161655
0.5362840489740816,0.4505040790872605,0.013211871938658965
0.3451771302197479,0.6434288732460245,0.011393996534226111
0.2701383749039613,0.6831087147619038,0.046752910334134555
0.6218015805577999,0.3737514026115458,0.004447016830654518
0.8486901226290473,0.14682779481109526,0.004482082559858048
0.7699740642079675,0.2240359548162006,0.005989980975832746
0.510878522243199,0.4729557757430566,0.016165702013745707
0.6624956289335667,0.32952963885867065,0.007974732207760947
0.8566614517190257,0.14076339193950094,0.0025751563414738764
0.8200195065772737,0.17588904785643852,0.004091445566287477
0.22071127877100657,0.7444691899079261,0.03481953132106793
0.6859993845387078,0.30653130901999326,0.007469306441299445
0.2678502374402158,0.7203988635515389,0.011750899008245023
0.5068132731782424,0.48743446164984594,0.005752265171910896
0.6313810790240485,0.35058973920978925,0.01802918176616246
0.6481540247733935,0.33593697882817686,0.015908996398429173
0.5754149967851434,0.40148814216206435,0.023096861052790386
0.5802425822499648,0.39763723736047085,0.02212018038956594
0.2502366509180074,0.7221082204352902,0.02765512864670433
0.7554200030745483,0.23869309776669567,0.005886899158753555
0.8901827638265954,0.1048378081674279,0.004979428005978036
0.3862972799165807,0.5996821703224678,0.014020549760953637
0.3056273975418122,0.6748012286481582,0.019571373810028717
0.5283706317781737,0.4245757517629029,0.0470536164589261
0.7060133962449644,0.286820754426212,0.007165849328825044
0.38601042996014323,0.5860323469864905,0.02795722305336455
0.5114767650019167,0.4677529124377047,0.020770322560378186
0.7501250646865929,0.246291508057542,0.003583427255863967
0.34506669357956754,0.6449999615391325,0.009933344881302198
0.6732036309629067,0.3184820850600677,0.008314283977024887
0.4856189401797724,0.4964753728130747,0.017905687007152372
0.781647167290951,0.21319600578391373,0.005156826925134717
0.7199336814235922,0.2775107452635776,0.0025555733128279886
0.7919423627345105,0.20401896778539996,0.004038669480088729
0.8337953670150305,0.16342964071931163,0.002774992265659454
0.8035231896616438,0.1862311906547767,0.010245619683578231
0.277145483201732,0.6832311009500215,0.039623415848250826
0.6484924261571575,0.34321548274986474,0.008292091092977027
0.6876836404614445,0.30631626699946296,0.006000092539093333
0.6829398425321052,0.3050067579807823,0.012053399487112404
0.542140497038186,0.44475041436250434,0.013109088599310032
0.3619076813817472,0.6201376129055031,0.01795470571274974
0.7392843399601632,0.2579460167978739,0.002769643241964582
0.9368370027874786,0.06143871309885038,0.0017242841136706866
0.5124294275454027,0.48078483157591884,0.006785740878679382
0.5542885222190018,0.4261595010837767,0.019551976697220197
0.6900067215409407,0.30164387212185007,0.008349406337210066
0.4698868584373105,0.5229820646577795,0.007131076904907835
0.2912089291841405,0.6898622847631266,0.018928786052731572
0.5612048766879489,0.42353638738435495,0.015258735927696209
0.3112679504933409,0.6688814947011423,0.019850554805517492
0.4205820285700946,0.5719392529030677,0.0074787185268396575
0.44124170708702437,0.5371652363390155,0.021593056573961097
0.3430020028583408,0.6393245115924328,0.01767348554922542
0.6656186593784628,0.32571408167064897,0.008667258950886691
0.8846656347642867,0.11098415226723218,0.00435021296848053
0.5618558992732527,0.42521518197098007,0.012928918755767535
0.4178631207604251,0.5587668750298163,0.02337000420975838
0.4271684920649341,0.5560812266128986,0.016750281322168308
0.6098398447248133,0.37144652178981835,0.018713633485368805
0.28226784951703116,0.7145786411556461,0.003153509327321968
0.19639379224393727,0.7635592673385614,0.04004694041750155
0.5253401712875007,0.4660679499381722,0.008591878774326609
0.7202347621642604,0.27212912866965905,0.007636109166078895
0.7188330116019599,0.2685601938023068,0.01260679459573453
0.45035071463515447,0.5410092750395601,0.008640010325286919
0.6650680392705436,0.31075358700089784,0.02417837372855851
0.6164626246110637,0.3809581230620523,0.0025792523268846333
0.47639642012536754,0.5060259593993522,0.01757762047527975
0.8838976176637257,0.11348590667282007,0.0026164756634553072
0.6555002018322853,0.3423613590936903,0.0021384390740245497
0.6035803569641246,0.39025762656034746,0.006162016475525793
0.7412718206157358,0.24540485548473215,0.013323323899531614
0.2615921168518658,0.7200436605606754,0.018364222587457898
0.8392189019391502,0.15761574807506087,0.0031653499857901665
0.5848495330899927,0.40524233182951036,0.009908135080496075
0.24186481682067484,0.7203478190064146,0.03778736417290891
0.9060433531200247,0.09244682079925028,0.0015098260807253792
0.38862626310896736,0.6073303538361905,0.004043383054842306
0.4628729012971554,0.5218399074841412,0.01528719121870187
0.7371279277402276,0.2591125394589247,0.0037595328008462534
0.65893478956279,0.3309261567431434,0.010139053694066836
0.5843650516971387,0.41321842469815173,0.0024165236047105445
0.5282849339926142,0.4544594462295383,0.017255619777848993
0.6440839848508554,0.34645884778353664,0.00945716736560968
0.8872019684391295,0.10998996023307368,0.0028080713277947584
0.7192810498659189,0.27445165622860473,0.0062672939054761135
0.2985342101681199,0.613075688515757,0.08839010131612408
0.6974457787059046,0.2786030713074244,0.023951149986670306
0.4031512416071205,0.5512264124489932,0.045622345943884514
0.6915503297595593,0.30077949983088026,0.007670170409560137
0.6914824486692572,0.3050651956982298,0.003452355632511501
0.5765241730318695,0.4184630330579161,0.005012793910215037
0.6647449258673854,0.32287306821546297,0.012382005917151965
0.5769096608771594,0.4139015850621906,0.009188754060648511
0.7593389329747341,0.23211484494278176,0.0085462220824847
0.5178124007802887,0.4639771849761419,0.018210414243569485
0.3332350323160657,0.6569219927038132,0.009842974980120135
0.8031512210638663,0.1942586772317741,0.0025901017043589657
0.8901700839212972,0.09983447565050382,0.009995440428197033
0.5971045912976102,0.39268809862137694,0.010207310081012074
0.6280627963768974,0.3639224111509026,0.00801479247219994
0.557790773842904,0.4322858524845137,0.009923373672583663
0.1722824562157,0.7285503379503053,0.09916720583399631
0.5554133619645949,0.4163034368436169,0.028283201191787538
0.49022469711607314,0.5028528377490884,0.006922465134838385
0.4452926972843548,0.5115700586944821,0.043137244021160745
0.6495481832605554,0.3423174306125963,0.008134386126848452
0.6660452836854255,0.3054656172158699,0.028489099098705083
0.8712516881153721,0.12424555470940311,0.00450275717522539
0.6072333583947979,0.38747179792717434,0.005294843678026858
0.4046054616151344,0.5703212243237599,0.025073314061105967
0.5755303240226618,0.40997247298925965,0.014497202988078252
0.24316758453924936,0.7180476111054566,0.03878480435529327
0.3064086255004874,0.6693803688750499,0.02421100562446179
0.6051967216811145,0.3918997713986752,0.0029035069202094322
0.7012849993177405,0.2875478425801118,0.011167158102148085
0.4933709126956473,0.49807700001733174,0.008552087287021755
0.6093862521971817,0.35763237454000213,0.032981373262818026
0.5233903802506398,0.4618450560816115,0.014764563667748502
0.5215786795623096,0.4613416482641609,0.017079672173530028
0.2465350601732882,0.6990321138031367,0.05443282602357815
0.7902640685485224,0.20637963363094963,0.0033562978205279887
0.45933335631735084,0.5265688630575424,0.014097780625107156
0.6617323616578754,0.32696288392857226,0.0113047544135513
0.7941650115960407,0.19868641307415302,0.00714857532980754
0.644960487699569,0.34577646875134627,0.009263043549086305
0.691345680059554,0.3077601503626747,0.0008941695777718855
0.5364095065828134,0.4529102482530444,0.010680245164143459
0.6213976241921428,0.3706860266640342,0.007916349143824315
0.202482704978918,0.7734674687474982,0.024049826273581952
0.6529516476031908,0.33689044822205483,0.010157904174755174
0.44638373341317156,0.5512131936085936,0.002403072978235258
0.7004994479692743,0.2949260566943526,0.004574495336372518
0.43946494110215184,0.5572139001038833,0.0033211587939649618
0.8116049295939798,0.1781569960221035,0.010238074383918628
0.6896061398934774,0.30108771487552666,0.009306145230994461
0.7997745334080736,0.19729321372868686,0.002932252863240261
0.36171202022015825,0.6002768162433683,0.03801116353647263
0.3623860710152384,0.6208718271316331,0.01674210185312782
0.18735929159878617,0.7886104498157743,0.024030258585439192
0.8521345493808803,0.14469293025240254,0.003172520366715156
0.4133840248300904,0.5698046846988891,0.016811290471021794
0.38023331342241967,0.5983059029178327,0.021460783659747178
0.7362703456548578,0.24884499067409016,0.014884663671050414
0.49631241854355734,0.4833853817505292,0.02030219970591266
0.4694943729218735,0.5071585937789268,0.023347033299200192
0.8190323930324553,0.1733228811049503,0.00764472586259412
0.46892310224224754,0.5188012778301514,0.012275619927602373
0.5486790247092934,0.43916441564379266,0.012156559646915463
0.661079249622143,0.3325845315342329,0.00633621884362413
0.44409530987520385,0.5439607222884649,0.011943967836332947
0.4596558042542175,0.519853336487553,0.020490859258228213
0.6173282894470777,0.34266266004645657,0.04000905050646665
0.5035649930253581,0.4705712813542938,0.02586372562034775
0.24300450481896174,0.7461038324627131,0.010891662718327259
0.566055007870866,0.4288507060325345,0.0050942860966007525
0.3268839513774975,0.6656662429685986,0.0074498056539010855
0.407063444066296,0.5848777307744462,0.00805882515925599
0.29876861317560915,0.6697280017086309,0.031503385115759217
0.4449654260664015,0.5444032572654562,0.010631316668143117
0.6795483132944484,0.3145567142508186,0.00589497245473399
0.5792329283067077,0.41593452046914364,0.004832551224148586
0.2998169893329157,0.6829186151872932,0.017264395479792437
0.6491832011917725,0.34346091190111566,0.007355886907112829
0.8118904858289848,0.18376072849944494,0.00434878567156938
0.7473444520335886,0.2501734407523893,0.002482107214023857
0.8670001433087124,0.13178044097581945,0.0012194157154686873
0.4284081538639068,0.5495505655885629,0.02204128054752917
0.3624021525200614,0.6130347392964903,0.02456310818344759
0.8539327841807361,0.14228412033699991,0.0037830954822622746
0.6767587531655371,0.3192071928545497,0.004034053979914153
0.5078157480009924,0.45376437022107186,0.038419881777934387
0.8437406503803502,0.1545969168654758,0.0016624327541751504
0.4113452793057421,0.565456567240006,0.02319815345425389
0.38543036318469137,0.5988967257111075,0.015672911104199046
0.5423204597948368,0.4142081169177036,0.043471423287456665
0.19941218089665216,0.7228566827598711,0.07773113634347589
0.8886598629460635,0.10741316926666161,0.003926967787274316
0.6547659729088332,0.3303679565485168,0.01486607054265263
0.6301327121470955,0.35068282782239163,0.019184460030513908
0.5355557091051627,0.4517241910219888,0.012720099872848997
0.5080649111619913,0.4628291332953138,0.02910595554269456
0.2673451026075,0.719761233537015,0.012893663855483935
0.8095563320357627,0.18898719844948098,0.0014564695147553967
0.751867597840283,0.24218092881361175,0.00595147334610472
0.3697296842107187,0.5998164610634747,0.030453854725805304
0.48309428518442504,0.49963238376902464,0.017273331046550388
0.743955604820495,0.25372408597221685,0.002320309207286436
0.6018545409165291,0.38505789060236406,0.013087568481104898
0.417403042777568,0.5737035747327947,0.008893382489638066
0.7007491163392181,0.29048127372486665,0.008769609935916708
0.8484665631443986,0.1464913595637873,0.005042077291813421
0.27677930543915935,0.691831157701042,0.03138953685979931
0.672655960293329,0.32344992480409185,0.0038941149025761746
0.6583591791447476,0.3309489511105583,0.010691869744694708
0.6467552206139773,0.3515858159043265,0.0016589634816954826
0.3657803293900908,0.6142399209318018,0.01997974967810602
0.5557813318452116,0.42274159262736305,0.021477075527424713
0.6921351701041742,0.30564234497929316,0.002222484916534219
0.8143692245505906,0.18177521517299733,0.0038555602764101175
0.42562634940826793,0.5603024361592519,0.014071214432479188
0.539881993392209,0.44743801937149424,0.012679987236298445
0.48521527067630416,0.4932627506657895,0.021521978657905113
0.42899076109977297,0.5434975720127238,0.027511666887502614
0.7600988799531355,0.23520806351985896,0.004693056527004133
0.450729235989809,0.5366721143228512,0.012598649687340641
0.46434817576814297,0.5218595354890198,0.013792288742837269
0.6447778454854924,0.35117836132337055,0.004043793191135578
0.3230451087104867,0.6356964414526212,0.04125844983689153
0.807857450501457,0.1900587819786726,0.0020837675198713047
0.4665793324322062,0.5181184105458726,0.015302257021920484
0.2914142099554819,0.6852553710528264,0.02333041899169332
0.346078088517813,0.6438753389280519,0.010046572554135234
0.31210392817718574,0.678498351307151,0.009397720515664398
0.6359145774297335,0.35951349833890495,0.004571924231360555
0.7059495879542056,0.2781646262633089,0.01588578578248579
0.8515184889414832,0.14488637563862625,0.003595135419892928
0.3392425149185524,0.649527093792523,0.011230391288923855
0.5740271817105049,0.4220097093603107,0.003963108929182438
0.2945093591935091,0.6783985539124828,0.0270920868940041
0.47207195076301367,0.5188603810001243,0.00906766823686197
0.9134292623759711,0.08253439036511294,0.004036347258915016
0.4062905237523949,0.545973623107099,0.04773585314050659
0.5246624190295057,0.46534078867970685,0.009996792290788079
0.49498269819819596,0.5001815698992278,0.004835731902576557
0.3694185415052023,0.6182896232153989,0.012291835279398708
0.7627762372683252,0.2344719881424036,0.002751774589271373
0.8834967737226098,0.11061459829679444,0.005888627980595051
0.6962122316875233,0.28451289216540415,0.019274876147072444
0.41402023435849455,0.5611598850377618,0.024819880603741216
0.7418949397515602,0.25385515765772604,0.004249902590711862
0.7540728383687065,0.2400343989234401,0.005892762707851751
0.3652998765420297,0.6307954299575297,0.0039046935004408024
0.8549247151888028,0.14061556680315312,0.004459718008045232
0.18827356111325508,0.7683939199779718,0.043332518908772696
0.4197612416171987,0.5558430016650826,0.024395756717720016
0.5317247111010458,0.46606819160955876,0.00220709728939419
0.4444939451087156,0.510169781578576,0.045336273312710784
0.37504901081164094,0.5853589650354702,0.03959202415289081
0.24593305743362454,0.7218479861590977,0.03221895640727576
0.45356685727165547,0.5247508471525972,0.021682295575746142
0.53018998437081,0.4427309485389578,0.027079067090232486
0.6397557923698056,0.3565872655241671,0.003656942106024834
0.4170873351214563,0.5615580424061452,0.021354622472400678
0.6650077827452288,0.32375679515742906,0.011235422097343328
0.7413376751350463,0.256118393397239,0.0025439314677175497
0.6327849837187391,0.36003082352572613,0.0071841927555335115
0.5122028927229112,0.47510142143202255,0.01269568584506722
0.5062462961777177,0.48545058863000307,0.008303115192279028
0.8632076819908292,0.1337732535762586,0.0030190644329113137
0.7341516579833042,0.26270962112800705,0.0031387208886891416
0.30308628397074966,0.6715484497343374,0.025365266294912193
0.46722818197391847,0.5246986795586258,0.008073138467455897
0.5118734125474296,0.4750895649943557,0.01303702245821456
0.7506821120173842,0.20795497088336512,0.04136291709925055
0.7252101035165919,0.26443245165002704,0.01035744483337794
0.38490304645589196,0.6010037618255981,0.014093191718508483
0.7236556141284667,0.2670241788492879,0.009320207022244465
0.6533875542161993,0.3342177163362683,0.012394729447530846
0.5106776206734231,0.48242037116223613,0.006902008164342623
0.551851352133588,0.43878221136091516,0.009366436505496352
0.5544302552051565,0.4190311223805026,0.026538622414338957
0.6766953159382723,0.3124391092469386,0.010865574814789494
0.6391089924117114,0.3519262169626894,0.008964790625601104
0.5273849665300827,0.4673395940294345,0.0052754394404824845
0.8653998710196782,0.12952000106765252,0.005080127912669618
0.79745660730081,0.200885135095856,0.001658257603332611
0.5641172889898145,0.4322696883467153,0.003613022663470523
0.4696615013683578,0.5232949057764084,0.0070435928552331694
0.3766513457921171,0.6089913231919227,0.014357331015960971
0.23793605348706737,0.700736746879457,0.061327199633475826
0.6298677000144471,0.36777717050551856,0.0023551294800346263
0.6842723783068658,0.3101575279925864,0.005570093700548069
0.6530860571317559,0.33200370050138084,0.014910242366861665
0.6954369681794216,0.3008173401082834,0.0037456917122940326
0.6370731217711457,0.3537991742886894,0.009127703940164728
0.24838219038599174,0.7067494018696641,0.04486840774434441
0.4824684972720624,0.4929013495959634,0.024630153131973618
0.4992135722951923,0.47516058552587354,0.025625842178933357
0.5686054883950457,0.42465016777084463,0.006744343834108619
0.4514576159957844,0.5305537823041869,0.0179886017000287
0.5713610048735128,0.426130359515968,0.0025086356105216982
0.7455996707423304,0.2511533610291418,0.003246968228528067
0.7546697663525237,0.2415838507707539,0.00374638287672272
0.4777898241321288,0.5170732934674797,0.005136882400393665
0.34399795492954277,0.6460300977385779,0.009971947331880476
0.2706281650136586,0.710739553089528,0.01863228189681258
0.8495626528477646,0.13990846119911346,0.010528885953123613
0.7286074983620261,0.2613101611643399,0.010082340473633591
0.6612725105959288,0.3243501422765951,0.014377347127475883
0.4850565721327338,0.5037349459881183,0.0112084818791478
0.44719946344700745,0.5455416959246412,0.007258840628352211
0.34264116028009256,0.6469714034009306,0.010387436318976343
0.782687172879875,0.21095805727203035,0.0063547698480925265
0.7507048822304901,0.2471290638084427,0.0021660539610681975
0.8433188543839709,0.14912397266220775,0.00755717295382338
0.6363028500565863,0.3575542332648456,0.006142916678566989
0.39228229842187795,0.5859057817939753,0.021811919784145636
0.3155560629237905,0.6688043428194871,0.015639594256723316
0.5925829157180065,0.3993353023510703,0.008081781930922545
0.957556281405971,0.04127893532228902,0.0011647832717390219
0.8048221225955913,0.19275816963155407,0.0024197077728560974
0.24270695504115744,0.7468523838650492,0.010440661093792995
0.7116967832565821,0.28351317091599376,0.004790045827425161
0.35626800912588996,0.6198360046582214,0.023895986215888794
0.5028218898581304,0.4850320281618678,0.012146081980000193
0.3793407120983775,0.6088733784216344,0.011785909479989986
0.626203570638583,0.3687671023826743,0.005029326978740599
0.7765358655695537,0.21590170046969429,0.00756243396075236
0.6596369271640616,0.33917157876740894,0.0011914940685295481
0.5412293080252116,0.4453380777674424,0.01343261420734463
0.5768223389175835,0.4192641747567355,0.003913486325682584
0.7235877763002336,0.26672448705557544,0.009687736644190176
0.46393374019083505,0.5193859061159456,0.01668035369322113
0.7830397883671649,0.20099111017285146,0.015969101459982735
0.8584064165914279,0.1384996961561578,0.0030938872524138446
0.6962062409481522,0.2991975971754878,0.004596161876362648
0.5787119131902437,0.404200341407792,0.017087745401963714
0.6254083112271223,0.3640782785436001,0.010513410229279149
0.47350690110704186,0.4961427682253066,0.030350330667652158
0.4535279076133147,0.5421975456548724,0.004274546731813745
0.8767316900656348,0.11696881022529604,0.0062994997090684976
0.9175793946801156,0.07988511369813897,0.0025354916217475605
0.7406230536887507,0.25440188024960053,0.004975066061650436
0.8562180658505493,0.14020607681721123,0.0035758573322423296
0.7407737190535373,0.2579487973795371,0.001277483566926752
0.637091068957702,0.35768709670823157,0.005221834334067
0.5758748531679455,0.41577193648211047,0.008353210349945126
0.5748473428644187,0.4066174880154166,0.01853516912016387
0.5194750816316984,0.4738604669984349,0.006664451369865468
0.5341423150019672,0.4583612148754289,0.0074964701226044915
0.7565736115637525,0.23851248817531492,0.004913900260932022
0.7296325800418421,0.2609081965957545,0.009459223362403771
0.4016673974136627,0.5839471376489921,0.014385464937344834
0.7565428230587686,0.23370702308940067,0.009750153851826746
0.7139506453990094,0.28098169592141453,0.005067658679577327
0.43318750544545864,0.5461818620015335,0.02063063255300682
0.5576083883420699,0.43599833975575825,0.0063932719021701995
0.47965722402194483,0.49603496853854395,0.024307807439511216
0.7399851059741708,0.25277027479331005,0.007244619232517397
0.5879763918420945,0.3773721028273027,0.034651505330604813
0.41127910229807174,0.5770055216211026,0.011715376080826354
0.6749375822378395,0.31588604837062145,0.009176369391539695
0.4774314188962594,0.5164333416566054,0.006135239447135324
0.8364486964732769,0.15764183191253409,0.005909471614187952
0.3899798549406276,0.6003208772432874,0.009699267816083667
0.6720077339531142,0.32122618131839625,0.006766084728487368
0.7024034347244599,0.29133911267582663,0.0062574525997097785
0.5635707955863496,0.4249801129796475,0.011449091434000936
0.7529349943083591,0.24235208729712207,0.004712918394517171
0.48460592861109136,0.49254341893710596,0.022850652451802615
0.5318941488754823,0.4303949779711523,0.03771087315336562
0.8707594535830883,0.12373246651676438,0.0055080799001480385
0.6430061842535784,0.3246360563633462,0.032357759383074995
0.537350313713906,0.4505685535329618,0.012081132753130571
0.5378603109198221,0.4530091643287785,0.0091305247513979
0.43941753745332285,0.5508451264559608,0.009737336090716368
0.2676894589784223,0.6990508566095258,0.0332596844120518
0.43793058211991337,0.5216658474558604,0.04040357042422572
0.5902113618844624,0.4045293855150155,0.0052592526005243055
0.40519111880235503,0.5622685955609906,0.03254028563665407
0.6195097106584018,0.36351831390639827,0.016971975435199495
0.5113703441495353,0.47512618373805277,0.013503472112412186
0.454716711664098,0.5250781790578805,0.02020510927802223
0.1955930372708297,0.7992133597425313,0.005193602986638315
0.3828646483756302,0.6115458151595073,0.005589536464863495
0.5395163567293648,0.45059588372000203,0.009887759550632012
0.6335655414365381,0.3636939621010352,0.002740496462426901
0.7222733581226437,0.27467826625380576,0.0030483756235488027
0.7048679898257477,0.28863969899377706,0.0064923111804749386
0.4733597110145633,0.5239650149624284,0.002675274023009328
0.2980063079062325,0.6755425722136075,0.02645111988015959
0.5922141209131166,0.40291953357938104,0.004866345507500712
0.3804812235619243,0.6068832912995041,0.0126354851385712
0.18889582882096,0.7949065805136531,0.016197590665387684
0.4491809815889502,0.5405957078355098,0.010223310575537969
0.5003268529812728,0.4831118196262577,0.01656132739246847
0.7841704810500861,0.21131022389099255,0.00451929505891995
0.3423686437068742,0.6408758573771753,0.0167554989159506
0.3059997481758177,0.6818101419384484,0.012190109885734423
0.6095680952839899,0.3801339790198856,0.010297925696124494
0.4393112625852719,0.5417381545856782,0.01895058282904889
0.40762911539832647,0.5776122698726931,0.014758614728980433
0.6993980241277665,0.294121863486866,0.006480112385366876
0.45774762518979734,0.5324378371024501,0.009814537707752332
0.480814170439271,0.5120893781025209,0.007096451458208473
0.3150238365021395,0.6438192335174996,0.041156929980359
0.7433579215648599,0.25312399446400236,0.003518083971137281
0.8277271678199707,0.1690273523657646,0.0032454798142652055
0.8508324624617115,0.14222836585452783,0.006939171683761256
0.20173462797068478,0.7809965415818246,0.01726883044748799
0.1547123024320883,0.8107777536947859,0.03450994387312653
0.8005675351410652,0.18783179146720225,0.011600673391731117
0.5948434107053907,0.3957222264295617,0.009434362865048371
0.4370652247147387,0.5496576573150905,0.01327711797017109
0.6530150954672923,0.34511333129718513,0.0018715732355236256
0.54589564121696,0.4389525171343502,0.01515184164868915
0.7422389126161053,0.24831885614086674,0.009442231243026396
0.34294767976093926,0.6257250808590291,0.03132723938003085
0.4574053623791865,0.5271773612978201,0.015417276322995865
0.6579021511224905,0.328223100934064,0.013874747943445216
0.4655047029445789,0.521401695552161,0.013093601503259169
0.7238713394354276,0.27301958215510647,0.003109078409465763
0.41202484746972934,0.5477008390890498,0.04027431344122177
0.5663725760923511,0.4296707785600018,0.003956645347648083
0.13025372177488592,0.8117851988078073,0.05796107941730806
0.5681965714683868,0.42404121410978524,0.007762214421827202
0.3437775126921237,0.6435650484228187,0.01265743888505804
0.6008888878365503,0.3827447201521544,0.01636639201129477
0.32827254503083675,0.6533243526229048,0.018403102346256674
0.8425889443102511,0.14894448340468625,0.008466572285063747
0.7857504176636665,0.17331098200960604,0.0409386003267273
0.7226551600575787,0.27464344364772353,0.002701396294696962
0.32913304133760857,0.6643029444983418,0.006564014164047963
0.21368279706470214,0.7503913679088673,0.03592583502643188
0.3875790784405489,0.5815024995349919,0.030918422024458814
0.5727468515989033,0.4178544707322407,0.009398677668855214
0.6637926750250248,0.32577555130168595,0.010431773673289513
0.4816181225049508,0.4905906281543919,0.027791249340657603
0.5261200881679432,0.46449554224365275,0.00938436958840326
0.34149956668385234,0.6534957426493117,0.005004690666835699
0.8230385445380339,0.17141073418216807,0.005550721279797768
0.5079768401317776,0.48563986343134635,0.006383296436876305
0.3593174643886569,0.6062474728020475,0.03443506280929585
0.7161378814891434,0.27928646648453564,0.004575652026322354
0.40139437016807,0.5772847006921197,0.021320929139811078
0.2757936876036363,0.7129658757564539,0.011240436639911061
0.4341119063912305,0.555890419985115,0.009997673623653358
0.5079633133014931,0.48491832335242724,0.007118363346079799
0.48998896278451276,0.4998942288850229,0.010116808330465507
0.5491130101313527,0.4408790206375733,0.010007969231073457
0.6771017352785746,0.3196375769710283,0.003260687750399137
0.24096786936318196,0.7389820771900472,0.020050053446769394
0.8172107142263877,0.17781549605545932,0.004973789718153285
0.5897619970320249,0.3897259498298234,0.020512053138151437
0.2942025972871503,0.6782236123514922,0.027573790361357868
0.6154311334236034,0.38136786681389706,0.0032009997625001892
0.45772246769525016,0.5191294718002089,0.023148060504541237
0.40537409311891315,0.5836379722698936,0.010987934611193835
0.5048933122452707,0.48300969380380626,0.012096993950923831
0.35382357072466214,0.6238767342007595,0.022299695074580874
0.5409266405949363,0.4383703218675689,0.0207030375374944
0.8512766999834438,0.1452685949686596,0.0034547050478967428
0.34414523549326514,0.6195648416620038,0.036289922844732335
0.40236153540021347,0.5745526706833286,0.0230857939164561
0.5313838889784215,0.46531022021468393,0.003305890806892978
0.5841050573275282,0.4076945347171115,0.008200407955360145
0.6660452836854255,0.3054656172158699,0.028489099098705083
0.42048257236488995,0.5434326551710281,0.036084772464082156
0.7582566427905253,0.23927204981884834,0.0024713073906252833
0.4892160994548644,0.48396324357346493,0.02682065697167073
0.7053355477556689,0.29074681879729475,0.00391763344703719
0.5646730250293094,0.4209349954638641,0.014391979506824689
0.5731123461733041,0.4187866913773205,0.008100962449372986
0.4235086541519256,0.5593806918022071,0.017110654045868555
0.5481488820345869,0.4138014671256013,0.03804965083981166
0.3278010906474418,0.6588113599614914,0.013387549391065538
0.5045076900672845,0.4735423687865249,0.021949941146190907
0.8526098322905193,0.1438743327316969,0.0035158349777831836
0.6201975615000754,0.37149064412706556,0.008311794372861742
0.46865367515547934,0.5109247800741508,0.020421544770368682
0.4182102000231898,0.5738690412902574,0.007920758686549996
0.8456882498457722,0.15130656908499246,0.003005181069234994
0.33390545410398254,0.6398727798578385,0.02622176603817823
0.3678002090405854,0.6157698727138385,0.016429918245576845
0.6826157955865889,0.31068967974168904,0.00669452467171939
0.7140050574043297,0.2782621205881984,0.007732822007473108
0.5757813724153622,0.41459024104126035,0.00962838654337824
0.5061987052891098,0.4894725220202934,0.0043287726905965026
0.5031015738938132,0.4750520453592602,0.02184638074692726
0.5486529470583978,0.4259094678121181,0.02543758512948507
0.5810297426240028,0.4164567821294726,0.002513475246525385
0.5655493830154569,0.41213610608529805,0.0223145108992467
0.4864909341952818,0.49471242732547577,0.018796638479242136
0.6549204597354076,0.3336602661866909,0.011419274077901047
0.5718391976727786,0.41959585487115136,0.008564947456069958
0.4422029546500253,0.5387773817146335,0.01901966363534167
0.731482704968274,0.24986289198383194,0.018654403047893856
0.28794077133142176,0.6981825444900918,0.013876684178487005
0.7291004533518213,0.2665901890400266,0.004309357608153817
0.47799641739959714,0.4890457606593006,0.032957821941101015
0.6791798999644557,0.3092508756049086,0.011569224430637324
0.6455830786323368,0.35019351171260715,0.004223409655055685
0.46719337192874166,0.5174152375955198,0.01539139047573833
0.5509084082677357,0.44101201791510747,0.008079573817157595
0.6370707779719601,0.31760888281225247,0.04532033921578784
0.2849215848867839,0.6553436803272359,0.05973473478597764
0.7554943043138035,0.24195572753671155,0.0025499681494856106
0.31562893412223914,0.6709199103069646,0.013451155570796559
0.7594553952788674,0.23705318232083802,0.003491422400293861
0.7913310993003646,0.20707517639755868,0.001593724302076928
0.7376846077596413,0.2596887556662923,0.002626636574068453
0.556915957026345,0.4325362894843899,0.010547753489265567
0.6827931632854864,0.31125944914503606,0.005947387569477114
0.5124006845485556,0.4819025769450091,0.00569673850643538
0.2421314015916798,0.7248705789412911,0.03299801946702675
0.8424937816654192,0.15046261300392288,0.007043605330659464
0.8688693938243045,0.12867542024548745,0.002455185930209097
0.47715249474496274,0.5165604579214941,0.0062870473335407285
0.7268051107699984,0.2601045884728656,0.01309030075713582
0.45276370287621526,0.4875950846825534,0.059641212441230725
0.2498346994234954,0.7370320419690803,0.013133258607424475
0.37714661513502784,0.5950578954748748,0.027795489390099036
0.5734575806878173,0.42085954420972854,0.00568287510245579
0.26224891347120277,0.7203290392035053,0.017422047325291432
0.45265113090968717,0.5275517909451457,0.0197970781451676
0.45395546329511804,0.527113417589637,0.018931119115246985
0.7022846965919151,0.2918019929544015,0.005913310453684016
0.725228350984823,0.26543616029934236,0.009335488715834929
0.5687336967061811,0.4212236824927795,0.01004262080103942
0.6154579426677497,0.36658112310040525,0.017960934231845103
0.28374547964775637,0.7057991019935438,0.010455418358698888
0.6767547219623954,0.32110834514211717,0.002136932895486758
0.6940032983469632,0.29776208407959087,0.008234617573442283
0.8149775938839772,0.18249957038413717,0.0025228357318861504
0.38287998285187763,0.5721713699480563,0.044948647200063835
0.553352239231997,0.4387053752621166,0.007942385505885465
0.8398704152811243,0.15865790577759378,0.001471678941280765
0.6198233324967,0.3627077270954081,0.01746894040788979
0.4509372639395597,0.5316394027843694,0.01742333327606901
0.183768944945451,0.8054834036648786,0.010747651389671986
0.45606771681274527,0.5416887668784791,0.0022435163087788012
0.6116432989866737,0.3839235497263459,0.004433151286977892
0.728685450333127,0.26920130462869407,0.0021132450381789614
0.6749769578073247,0.31598336948239925,0.00903967271027778
0.7622228408773695,0.2322565675128097,0.00552059160981781
0.833356170238528,0.16478386755546648,0.001859962206004143
0.39417511437628633,0.5900030187293355,0.015821866894378308
0.2780615803191646,0.6790498143739997,0.0428886053068363
0.7744041818221757,0.22225492369658503,0.0033408944812397348
0.8127164289662011,0.18530525596481945,0.0019783150689800318
0.6078010590274627,0.3799898435028121,0.012209097469726461
0.6030225748872008,0.3900217602104853,0.006955664902314775
0.8511787537469696,0.14529769194670483,0.003523554306326596
0.6923708319029107,0.29861294762511426,0.00901622047197749
0.3943159495629002,0.594740326153978,0.010943724283122262
0.5926639970691481,0.39203120839580513,0.015304794535044106
0.6065565943431197,0.3828287774756195,0.010614628181259526
0.7569165479345199,0.23042133835469214,0.01266211371078717
0.6998601612499262,0.2867782324126738,0.013361606337401175
0.3696466549716895,0.6094292915484752,0.0209240534798333
0.8411721822329232,0.1546966314027586,0.004131186364319439
0.3834943563532778,0.5853866044628078,0.031119039183915096
0.7978619942257644,0.1976596669964053,0.004478338777831129
0.5629125759038249,0.4354257800158931,0.001661644080280657
0.5232943760827448,0.45113529749266085,0.02557032642459434
0.4266009388673023,0.5525795460901569,0.020819515042539774
0.19526360646272026,0.7668008213659334,0.03793557217134753
0.5963108545495214,0.39610439381517615,0.007584751635301657
0.44808862860488846,0.5437585750293696,0.008152796365741122
0.2352640607287168,0.7126839960849761,0.05205194318630574
0.4312708973426175,0.5516055240898818,0.017123578567501626
0.2533078116709886,0.7269220253410249,0.019770162987985944
0.4528895175006506,0.5413037166770976,0.0058067658222533
0.6259808457010447,0.36246539066512196,0.011553763633832776
0.5630865632259704,0.4298237782592452,0.007089658514784234
0.8689972165915043,0.12942163214132615,0.001581151267168323
0.5012023185229362,0.4802677425112781,0.01852993896578475
0.3971551905924102,0.5924221429569336,0.010422666450656981
0.3988029094285251,0.5894991550311524,0.011697935540324101
0.45737878765349776,0.5399833467606757,0.0026378655858262687
0.5405596985190366,0.43075675049096523,0.02868355098999802
0.31007163073788,0.6760727418484628,0.0138556274136595
0.5171247811815579,0.4675868338411922,0.015288384977250538
0.456292722798898,0.5312354100916303,0.012471867109473412
0.445762944634106,0.5366490520531079,0.0175880033127867
0.5797879444761864,0.4079591934691159,0.01225286205469771
0.8111394028083544,0.1859910947711482,0.0028695024204948272
0.6170088088731666,0.37248390555994343,0.010507285566888293
0.6927502816294621,0.29693584679160423,0.010313871578933778
0.33519142128636764,0.6349938406608199,0.02981473805281215
0.8301498238945926,0.1676554657568368,0.0021947103485677614
0.46088217944602156,0.5308758473239494,0.008241973230029264
0.4168769751723646,0.538472183603699,0.04465084122393803
0.8322087261368833,0.16286775585681407,0.004923518006303
0.9021376758510368,0.09536477551612209,0.0024975486328407586
0.4694695203351959,0.517961298665599,0.012569180999205069
0.7880922833583686,0.17707074582394067,0.03483697081768997
0.5928468803918925,0.37701924803945674,0.030133871568650387
0.7661896675348451,0.21992320990419842,0.01388712256095446
0.3326150803068773,0.6412633022952081,0.02612161739791597
0.7896958245177103,0.20576288536563606,0.004541290116653083
0.17937735041350575,0.8000081138111951,0.020614535775297642
0.6660808821552588,0.32682629277524644,0.007092825069495115
0.6275538601059181,0.36350278535874747,0.0089433545353346
0.5786764252172261,0.39981238374737255,0.02151119103540125
0.5495773962913848,0.4458022795446683,0.004620324163947277
0.3174173031358596,0.6637179141804768,0.018864782683664164
0.4372716603938748,0.5476039463007172,0.015124393305410306
0.6375894767223245,0.35813416379265045,0.004276359485025888
0.7783253028507764,0.21872189245728468,0.002952804691937479
0.3670795384623262,0.6226662985168144,0.010254163020858027
0.26571990296257003,0.7197157354986452,0.014564361538785842
0.7216921088523867,0.2743868973560165,0.0039209937915996446
0.5165097535043894,0.47842694455259654,0.005063301943013628
0.8711462713689697,0.12493411989148616,0.003919608739543843
0.4006291158599733,0.5755723531990999,0.023798530940928243
0.7554316869762724,0.24265959759750713,0.0019087154262212571
0.26591589059921905,0.7182990398703484,0.015785069530430743
0.5572900558037869,0.43108165290917894,0.011628291287036128
0.8915076758418875,0.09802881430882408,0.010463509849287811
0.48587267509929627,0.4986678358820409,0.015459489018660403
0.39695302286302575,0.5910104610591429,0.012036516077831396
0.40591240185830657,0.5825800353921193,0.01150756274957399
0.4097089225922414,0.5871338247100389,0.0031572526977204033
0.41327175231308777,0.5846101770554525,0.002118070631457083
0.5806303686775074,0.4141639556295084,0.0052056756929834015
0.4326328171412311,0.5359535773550161,0.0314136055037516
0.167956533993305,0.809768899320528,0.022274566686167403
0.6903290985993077,0.2927827344551473,0.01688816694554447
0.3135675274276257,0.6319257572747954,0.054506715297580124
0.43119839311132896,0.5408544937881916,0.02794711310048041
0.21442748612937723,0.7823837536296024,0.003188760241019929
0.7159062587110678,0.27599651961823,0.00809722167070233
0.8178207318634388,0.17431635088507236,0.007862917251488905
0.8479410276153865,0.1482381743723595,0.0038207980122566595
0.6014363086261302,0.38993423797176047,0.008629453402109114
0.6711575832675403,0.31285455271616197,0.015987864016295567
0.5340163995607997,0.43515087313582607,0.030832727303373237
0.15302130913988413,0.8399710551646531,0.007007635695461724
0.7040895375740865,0.29346943639055273,0.0024410260353620625
0.8122479811941884,0.18343384287565231,0.004318175930159788
0.6354723482659849,0.3521922300653675,0.01233542166864627
0.889420628878527,0.10555316909505379,0.005026202026416434
0.2771773249324708,0.7064305426029172,0.016392132464608574
0.5900794323072825,0.40341158756833767,0.006508980124377221
0.35110157716121615,0.6403973871671176,0.008501035671667842
0.5955873992728339,0.38974551079177444,0.014667089935392251
0.809686157539412,0.18927228597620283,0.0010415564843857528
0.7458897652032099,0.24839985828277536,0.005710376514014161
0.5061545186168351,0.48253143199617893,0.011314049386985872
0.8810867736659687,0.1172102093247893,0.0017030170092410264
0.29296520460459163,0.6929503014707228,0.014084493924684893
0.8018088868043479,0.1949592793137243,0.0032318338819284542
0.4736080084634848,0.5146212339132792,0.011770757623236988
0.6395641982205841,0.3530592367231915,0.007376565056222542
0.7043055179745206,0.29095502995069966,0.004739452074779206
0.38029349022364634,0.6017013813182538,0.018005128458100875
0.5327215957412504,0.45063829670599415,0.01664010755275586
0.6879221467481799,0.307764126822411,0.004313726429406831
0.9243103544688736,0.07289660137072711,0.0027930441603994933
0.8840443666463544,0.11144596330488515,0.0045096700487606495
0.46498132496123057,0.5303860013259851,0.004632673712785468
0.8638175366249946,0.12449630868104729,0.011686154693960575
0.3591648351984624,0.6195774523180474,0.021257712483490118
0.693577201849218,0.30514607401131855,0.0012767241394621676
0.18834610470079674,0.7883128322924384,0.023341063006765358
0.3891478670750558,0.6053381437004879,0.0055139892244579995
0.3470894849507687,0.6333454518398887,0.019565063209345413
0.6618585139641232,0.3332249736330672,0.00491651240281144
0.4800781946698642,0.5027019197121011,0.017219885618035984
0.8508177284692795,0.14614581913939276,0.0030364523913267013
0.44880704518622916,0.5480163109039072,0.0031766439098630246
0.7520825646116173,0.23754348450776117,0.010373950880622101
0.4192106908808819,0.5613132373886458,0.01947607173047187
0.5924450313583219,0.39774356944554967,0.009811399196127946
0.8643205208971027,0.1280192423424576,0.007660236760440179
0.6658227507331465,0.3293256185799477,0.004851630686903828
0.6018281039070041,0.39268811075112137,0.005483785341875746
0.6068004949863437,0.3785766236026789,0.014622881410977387
0.28976808719104763,0.6965588982708688,0.01367301453808384
0.3760902227450441,0.6051088625276827,0.018800914727274222
0.7856144215526089,0.2057201427561086,0.008665435691285433
0.6927927960804982,0.29567872077625507,0.01152848314324871
0.7374907469387716,0.2504362754443206,0.01207297761690781
0.640232095999733,0.34999019169323653,0.009777712307028855
0.7402027232803673,0.2529028784727355,0.006894398246898092
0.36161041348497547,0.6264026940523301,0.011986892462692413
0.43760773001587877,0.5430847117206651,0.019307558263455368
0.1390949364125986,0.8114853728683653,0.04941969071903816
0.705000208456152,0.2915565363937179,0.0034432551501309824
0.5975720889085336,0.39210807279591237,0.010319838295555413
0.513507721789543,0.48099184382533533,0.005500434385120938
0.4360138856166518,0.5472378004214078,0.016748313961939834
0.27286919303305823,0.7188433969280937,0.008287410038848588
0.6608250203862797,0.31431004476037855,0.024864934853344574
0.6017124458830905,0.39474836696765325,0.003539187149258013
0.5690091408000125,0.4232436495500117,0.007747209649976089
0.5673230199594241,0.38541127384180535,0.0472657061987712
0.3604918518850644,0.6025374507574582,0.03697069735747674
0.6482241186146999,0.32307273007588094,0.028703151309420576
0.6209574553399726,0.37608495943352216,0.002957585226505403
0.7594355429838975,0.23297520438315422,0.007589252632945824
0.6033170657402911,0.37838257562927496,0.01830035863043317
0.822216022230358,0.17637977295910223,0.001404204810539441
0.6310989307247783,0.3332842602980101,0.03561680897720799
0.8113644795719241,0.18431305185495653,0.004322468573119515
0.43632730532170705,0.5408840790467796,0.022788615631512434
0.5612445348874647,0.42373244840806623,0.0150230167044694
0.25031414006774677,0.7084105075635252,0.04127535236872967
0.24919384221226787,0.7435388192915748,0.0072673384961571275
0.6480076101092842,0.3441247839841147,0.007867605906601008
0.5062588280626088,0.4822418008450569,0.011499371092333583
0.28923906501414587,0.6813738551264802,0.029387079859372583
0.5486256934847088,0.43847992341969955,0.012894383095590272
0.3708556749858765,0.6055280277909885,0.02361629722313529
0.7966236306678861,0.1984408862549436,0.00493548307717035
0.6151695493309356,0.3802695205991191,0.004560930069947003
0.5550437197171968,0.43149947360646895,0.013456806676335076
0.4885783820378678,0.5036857259499127,0.007735892012219948
0.6869626843509232,0.30920519933202933,0.0038321163170483394
0.9342849677741655,0.06335152133702918,0.0023635108888076057
0.19025187720228337,0.7784840521542835,0.03126407064343294
0.7176035361110036,0.27493496639792697,0.007461497491072279
0.5768378771969006,0.4176914547770784,0.005470668026019578
0.5197858582431172,0.4697401170298629,0.010474024727020421
0.43282870780646926,0.5521250054717896,0.015046286721742599
0.528103320823348,0.44693742369962347,0.024959255477028142
0.8756813089175854,0.11938954354154767,0.004929147540865669
0.799485026033309,0.19384367947814987,0.006671294488542919
0.7502445129487001,0.2477990833153726,0.001956403735926751
0.9212223155194865,0.0760536609505945,0.002724023529917526
0.4480257764520842,0.538943952074263,0.013030271473650044
0.25418355675019905,0.7209878417433622,0.024828601506437037
0.5952318046080197,0.3816344030798423,0.02313379231213714
0.604371096851708,0.3870194100795122,0.008609493068777185
0.20373221133187294,0.77441016852473,0.021857620143399103
0.6340035186519154,0.3482780924192222,0.017718388928862495
0.6035747872702668,0.36464949692315474,0.03177571580657896
0.3255315253908981,0.6528787287351367,0.021589745873964516
0.7666919509184331,0.22934895505758504,0.0039590940239807365
0.7891469055380803,0.20249683917733632,0.00835625528458306
0.3161402136201343,0.6323432967170498,0.051516489662815475
0.5292996426716702,0.4602007866019235,0.01049957072640354
0.7312124263902213,0.25545975506065816,0.01332781854911907
0.4680638596683645,0.5107448422160268,0.021191298115607802
0.666946198276521,0.3195422444140469,0.013511557309432163
0.5246608863619908,0.46207460024383284,0.013264513394172799
0.2973922211806135,0.6830202069866601,0.019587571832725113
0.6535198402566514,0.33363769335477345,0.012842466388577764
0.6080617878140019,0.36633321216296594,0.025605000023028714
0.4132639151960628,0.5649103599807005,0.021825724823235287
0.9071248291816223,0.09141491069694128,0.0014602601214355419
0.8145109566148205,0.18315352430543286,0.002335519079747996
0.20953447008023024,0.7787578324120845,0.011707697507683216
0.7442447711307814,0.24905567747245266,0.006699551396765444
0.6450514652835919,0.3309695750996402,0.023978959616768707
0.38777994924017045,0.6047707564443183,0.007449294315510614
0.6498533871413721,0.34491104664538974,0.005235566213234352
0.728865514714517,0.26429829859169207,0.006836186693791031
0.26585056322311557,0.7205816244334216,0.013567812343465038
0.587636995730275,0.4091763947136548,0.0031866095560707185
0.4700841033706068,0.4899270319524311,0.03998886467696129
0.45657962568472643,0.5397857765699229,0.0036345977453512233
0.425659454923688,0.5646583030371288,0.0096822420391818
0.45740778393845793,0.5309445849570605,0.01164763110447966
0.40362904709430303,0.5889188067228401,0.007452146182858071
0.5093427916308952,0.4582409430407914,0.032416265328315694
0.8325964895090392,0.16143076332680106,0.005972747164160705
0.5208294563846795,0.46176719087593643,0.017403352739383315
0.6568061253110131,0.32996107685290377,0.013232797836084153
0.5864763775751326,0.3997683740859189,0.013755248338948827
0.22903063664640852,0.7375860956115456,0.03338326774204658
0.4255265811129209,0.5667580172180902,0.007715401668988383
0.45767363469570016,0.5299691090288361,0.012357256275463375
0.4472185797927302,0.5457785840565865,0.007002836150684744
0.3506891445546951,0.6364679450273831,0.012842910417923022
0.5241663111799858,0.46380676313357944,0.01202692568643331
0.3340610177977253,0.6466290642650283,0.019309917937244646
0.2048707280931351,0.7159230943255326,0.07920617758133312
0.5583623840000133,0.4372252821769921,0.004412333822992636
0.6239527208910222,0.3704173948517685,0.00562988425720642
0.6511131652259308,0.3388677700415936,0.01001906473247779
0.3845472501814849,0.578099430283373,0.03735331953514042
0.6287914503741614,0.3651807057530191,0.006027843872820661
0.5999692357882489,0.39634533514113834,0.0036854290706129513
0.4679919470362012,0.4616947835241867,0.07031326943961379
0.5668139309976783,0.4280687709271295,0.005117298075194067
0.6048142757655651,0.38736404788877116,0.007821676345664509
0.5616311968540019,0.4335876941255508,0.004781109020445887
0.8397260369312819,0.153823650192985,0.006450312875733973
0.3806486056656245,0.5908624783407949,0.028488915993581325
0.49502129300732667,0.4901886458032824,0.014790061189389157
0.4654339765914658,0.5203432217016236,0.014222801706910532
0.2041590734415536,0.7580648896206831,0.03777603693776399
0.6287512628414138,0.3625258872178055,0.008722849940781239
0.722836228536925,0.2704881208950104,0.006675650568064885
0.6750423042773256,0.31455429374474375,0.01040340197793024
0.27245660256692683,0.718434204243411,0.009109193189661574
0.32564255546937376,0.6384168709344341,0.035940573596191315
0.2865017022293115,0.6703913116641578,0.043106986106531985
0.4144303294055292,0.5500128336024361,0.0355568369920351
0.4490479811401123,0.5412196337582621,0.009732385101625513
0.8898781018014522,0.10754162828848787,0.0025802699100604654
0.26611175008008936,0.6750162469150959,0.05887200300481434
0.3180169650902952,0.6417484280847993,0.04023460682490715
0.3118014121941834,0.6603248721506635,0.02787371565515307
0.6686416937269225,0.32711444369370113,0.0042438625793778375
0.2943646356536632,0.6723655243839913,0.03326983996234569
0.6612300141705744,0.32100557905097554,0.017764406778451643
0.3903070609896827,0.5736779615578878,0.03601497745243293
0.6207389620649638,0.37535737805824404,0.0039036598767895067
0.4975975715913226,0.48428731338496944,0.01811511502370792
0.7082899965547761,0.2820040666516291,0.009705936793596449
0.6171230754233388,0.3652597443006134,0.017617180276047018
0.6596367690064824,0.33044322265370146,0.009920008339816181
0.6503312633166561,0.33199109612883376,0.017677640554508125
0.49804965127778694,0.4998162912612889,0.002134057460925209
0.8291880520058288,0.1666141239077902,0.004197824086380862
0.3180695954036677,0.6782156620471164,0.0037147425492163387
0.6261452040652287,0.3684889828352354,0.005365813099531837
0.7810733376330701,0.21423319583080902,0.004693466536120674
0.3740361948741603,0.573577960703132,0.05238584442270939
0.534178561147488,0.4426454805948151,0.02317595825769819
0.4018406473687087,0.5760024484299973,0.022156904201293688
0.6860706402261298,0.3103886028811162,0.0035407568927538933
0.6420242809995306,0.3451775049926711,0.012798214007798663
0.8909274271243967,0.10648126799674032,0.0025913048788637804
0.6545392852943736,0.3418135062689772,0.0036472084366504513
0.7630310183797878,0.23048980284030413,0.006479178779907658
0.28348401525091926,0.6949966226966114,0.02151936205247052
0.36125029702242917,0.6019216492686684,0.03682805370890143
0.44211639331323394,0.5432536909880611,0.014629915698704192
0.61268561624025,0.37511102981553757,0.012203353944212209
0.5057006082135931,0.4834942791396459,0.010805112646761431
0.250418522637054,0.7170926960376317,0.03248878132531517
0.7955026875393407,0.19922218075750492,0.005275131703154314
0.22021611694707083,0.7606095354755902,0.01917434757733921
0.8623666909876607,0.1350808523869472,0.002552456625392933
0.5663756158771353,0.41972237784028427,0.013902006282578393
0.38734881845846625,0.555068449405809,0.05758273213572688
0.5334152043411219,0.4474062757224358,0.019178519936441152
0.3630752712183018,0.6259033906067153,0.011021338174980815
0.4043239278719321,0.5919906311453678,0.0036854409826990366
0.2969947967585949,0.6797876694746701,0.023217533766735216
0.751494300145968,0.23343608651979042,0.015069613334242069
0.47396758191623367,0.5023309442654039,0.023701473818363093
0.47154836273866046,0.5215628193183306,0.00688881794300855
0.5397056595638454,0.446836467066955,0.013457873369199217
0.5060509764518825,0.4863957084332678,0.007553315114849374
0.4877901286952942,0.5050518781420561,0.007157993162650569
0.3695518119849965,0.6240102685977676,0.006437919417235651
0.36433547301696684,0.6283894873131187,0.0072750396699123995
0.6680741683731211,0.3167515758731293,0.015174255753751559
0.7529964113983286,0.24311908909251984,0.003884499509152356
0.7548141240977834,0.23705092641396974,0.008134949488244963
0.5039750392664784,0.4866126438101694,0.009412316923352974
0.6790088121553574,0.31050240173089977,0.01048878611374266
0.37314322445525233,0.6049124028373485,0.0219443727073982
0.49936567028257206,0.48983944481523795,0.010794884902189985
0.7613051866198546,0.23117838111596686,0.0075164322641802185
0.6049976310682776,0.3878656274491963,0.007136741482526436
0.22350386921972168,0.7635771718207139,0.012918958959562072
0.5323457102303661,0.45163391133262193,0.016020378437012067
0.663942237162975,0.3241660151000251,0.011891747736997811
0.8652670729306402,0.12779445513586463,0.0069384719334937475
0.6880369716444075,0.28733125759935124,0.02463177075623946
0.8607246774409861,0.13525979883140943,0.004015523727604269
0.6289838573080514,0.3646600230245307,0.006356119667419351
0.51749225708939,0.4790794239790552,0.0034283189315550897
0.4607856907730984,0.5150472442611707,0.024167064965730664
0.71032300719129,0.27928757690460376,0.010389415904104481
0.42714010126943946,0.5556621436648127,0.017197755065746292
0.39311196233626555,0.5836808910746488,0.023207146589085858
0.35900025942523334,0.6323396125682138,0.00866012800655543
0.3806635626348832,0.6070059347550317,0.012330502610084825
0.737077501345965,0.251809138190349,0.01111336046368667
0.24183710396026706,0.7457949763170395,0.012367919722694637
0.512151336496623,0.475881715054535,0.01196694844884034
0.3625557599696957,0.5972683382934887,0.0401759017368143
0.31678524680814957,0.6467643804998273,0.036450372692022406
0.2971831279174484,0.678636722664917,0.024180149417634883
0.5264848799084001,0.46197767260808364,0.011537447483514984
0.2632133384828078,0.7174361571563624,0.019350504360829742
0.6173544991517194,0.3725460347007345,0.01009946614754427
0.6780551438693423,0.3132769485257568,0.008667907604901536
0.280581206668071,0.7058542400735572,0.013564553258370783
0.5371925643689149,0.4574689915984406,0.005338444032643954
0.8828573751639974,0.11207698201130625,0.005065642824696259
0.618789446695562,0.3614294927318897,0.019781060572548078
0.784498165755154,0.21214694957711056,0.003354884667735105
0.6116616060774043,0.3501159996276032,0.03822239429499223
0.7069231738962056,0.28711386198877137,0.005962964115022585
0.5065250373821854,0.4779500070679569,0.01552495554985823
0.3015277614063531,0.6857856185929888,0.012686620000657825
0.2729839686342931,0.7157451624716018,0.011270868894107902
0.23206847843452866,0.7401538003581261,0.027777721207345087
0.7104549218377815,0.27845524706295843,0.011089831099259252
0.27498011366014835,0.6889654713891891,0.036054414950662424
0.5256723686380699,0.4671390780870281,0.007188553274902715
0.5343903658143265,0.46017385276226286,0.005435781423412724
0.5750611563777894,0.41525483440667016,0.00968400921554168
0.5015165460101166,0.47191663499323877,0.02656681899664574
0.49880459650414605,0.47950713845008464,0.02168826504576894
0.49030960763726844,0.5008816287294289,0.008808763633304347
0.5314747585589525,0.46624527059073756,0.0022799708503119195
0.23873220258894037,0.7128268344976423,0.0484409629134178
0.752811260092204,0.2370415505452636,0.010147189362532385
0.3770196596720278,0.5679018398218741,0.0550785005060999
0.42639904941430073,0.5650485014324885,0.00855244915320934
0.4981007865208319,0.4813789412693897,0.02052027220977935
0.6867697677462373,0.29544019641847175,0.01779003583529237
0.49681113108274905,0.49069517902535786,0.012493689891893804
0.4269193377406828,0.5684350478272819,0.0046456144320356375
0.393213463224392,0.571755614351103,0.0350309224245048
0.4624766728368384,0.5160642797384737,0.021459047424685768
0.14450905868084152,0.8377136083694706,0.01777733294968778
0.5611186270371111,0.42996106648552596,0.008920306477363837
0.593573117019159,0.3926214173297843,0.01380546565105869
0.26035780283338156,0.7272858349931268,0.012356362173490888
0.49789501289930677,0.489604466925936,0.012500520174759297
0.549566659310078,0.4233827681043922,0.027050572585528003
0.6666540817383191,0.3277368562040211,0.005609062057657138
0.5162046030090905,0.4670361856435128,0.01675921134739845
0.6143320811815668,0.37083870835865,0.014829210459783486
0.8399471190877135,0.15312219090219847,0.006930690010089791
0.37714774128269624,0.5941817052476874,0.028670553469614883
0.4172309268933162,0.5655771743978611,0.017191898708823528
0.5241640345131506,0.4619054425638179,0.013930522923031976
0.5939221337905934,0.3951736038147006,0.010904262394704123
0.7276712626891088,0.2651644393578702,0.007164297953020509
0.763900124976568,0.22700296858049077,0.009096906442942292
0.8681667418669877,0.12743286158774414,0.004400396545266544
0.583343630976028,0.41212062058630444,0.004535748437668072
0.6689318149237404,0.31465170509687823,0.016416479979381508
0.8055727745088253,0.18429894337683525,0.010128282114338966
0.40668741559565025,0.5659490587853933,0.027363525618956757
0.47525369144456475,0.4827985911654947,0.04194771738994086
0.6340659644137306,0.36090323901780685,0.005030796568461727
0.5705914071922723,0.4109804746386235,0.018428118169105768
0.2510804887722643,0.7174815875230435,0.031437923704692824
0.4330766839517101,0.5455073301702588,0.021415985878031823
0.5552689955080877,0.437841891379965,0.006889113111944509
0.5104653174182732,0.48274675152139307,0.006787931060334201
0.6945566234505155,0.2954268434767019,0.010016533072781586
0.25598149951154,0.7082305343178241,0.0357879661706373
0.6228819868374902,0.372247746432222,0.004870266730284114
0.5870626099582317,0.40756220921740427,0.0053751808243647685
0.4925283518794034,0.4961638303125583,0.011307817808039217
0.7405248626411941,0.24975084728088037,0.009724290077923218
0.8980737816547006,0.09568660011646783,0.0062396182288328
0.5542934143501735,0.43268633402714984,0.013020251622676497
0.9193471899709222,0.07798162151253471,0.0026711885165426963
0.7636529174403147,0.22274115602858183,0.013605926531103235
0.4793523026074512,0.5128976292913109,0.0077500681012392224
0.6069020898273806,0.38805540897288404,0.005042501199733681
0.6561390006641693,0.3387167869987365,0.005144212337093503
0.4116800740602546,0.5688985776350728,0.019421348304671456
0.3792603994862322,0.6144544799011137,0.006285120612653687
0.6660452836854255,0.3054656172158699,0.028489099098705083
0.7395498509508384,0.25368778135465503,0.006762367694507155
0.1687339694830661,0.824585340615165,0.006680689901768134
0.7555150421214405,0.225053814860511,0.019431143018046333
0.2740077322525088,0.6949661444744017,0.031026123273090504
0.3971954419989327,0.5933223871182055,0.009482170882861747
0.7201929942427668,0.2650210518738624,0.01478595388336975
0.6164470443018448,0.3724843162299175,0.011068639468237213
0.516301442568514,0.47456323122486177,0.00913532620662165
0.17355774069619465,0.8175666164853315,0.008875642818472699
0.5389636418907275,0.4383371966804818,0.022699161428789538
0.315569286144197,0.6769752207788875,0.007455493076914364
0.858394515071753,0.1387501238380198,0.002855361090227071
0.14500310153156093,0.8478025873256978,0.007194311142740374
0.8308297680954473,0.16154236798003574,0.007627863924517334
0.7411775417332573,0.2527843342604409,0.006038124006300294
0.5565800993304981,0.41479490170123134,0.02862499896826844
0.23042649316636288,0.752733266424388,0.01684024040925072
0.6684034738349709,0.3249826228401904,0.0066139033248360495
0.19340597019481998,0.7884327735578692,0.01816125624731451
0.8456122162487437,0.14967748569068656,0.004710298060570759
0.573569181941417,0.40955327922572976,0.01687753883285276
0.3834826074941651,0.5982374845620423,0.018279907943792882
0.8612173462412162,0.1358099269865168,0.0029727267722666107
0.7334668325672873,0.26398289668601194,0.0025502707467022698
0.9009076903144744,0.08904464030030314,0.010047669385221152
0.3690779586784537,0.6176410103936274,0.01328103092791788
0.41861315965295265,0.571404630764762,0.009982209582287545
0.2829701360617235,0.6747212609419698,0.042308602996306836
0.838343292104091,0.14815778946163966,0.013498918434270533
0.3370775802844035,0.6409005581612163,0.022021861554379945
0.3309984634949718,0.6091435838346437,0.05985795267038525
0.2658636997403639,0.7030031797467569,0.031133120512876578
0.8046613337846863,0.190978205851462,0.004360460363852514
0.663140781050949,0.3277711112325434,0.009088107716508564
0.6753432433422316,0.3185083885466829,0.006148368111087126
0.6373503866320027,0.3542491355015352,0.008400477866463574
0.41358068055386066,0.5738597053778743,0.01255961406826353
0.6878372122521372,0.30955221826271667,0.002610569485147936
0.4407584465556422,0.5454143973329085,0.013827156111449017
0.4678938908991337,0.47219506785128934,0.05991104124957626
0.8251008493529818,0.17056114130467473,0.004338009342343214
0.29914750591128975,0.6947365485722891,0.006115945516424833
0.752431273378183,0.23788063463785292,0.00968809198396221
0.7486816729463384,0.24719632195113755,0.0041220051025252
0.7986168390190057,0.19612750410146965,0.005255656879523303
0.15340415700922608,0.8257830686385751,0.020812774352199373
0.39254567627140036,0.5785694967021493,0.028884827026451582
0.44303488699018967,0.5302143088496756,0.026750804160134655
0.5048892197053234,0.45054770241217595,0.04456307788250067
0.753856307510095,0.2388448715964139,0.00729882089349169
0.6451911925299442,0.34779178203636285,0.007017025433695954
0.22287303222972463,0.7120081524298308,0.06511881534044556
0.7384672260648211,0.24687144405402975,0.014661329881149442
0.8190286148410889,0.17680569026484283,0.004165694894069039
0.41226360977301246,0.5666299173863018,0.02110647284068709
0.5118969508530109,0.4808965209648729,0.0072065281821148625
0.5255446505373343,0.47071838025697377,0.0037369692056912016
0.7351270489154652,0.2539459260285702,0.010927025055966325
0.46713758990262333,0.5224073906673551,0.010455019430022493
0.33673478221863823,0.6563425278907236,0.006922689890638337
0.8575792266498709,0.13514028952701537,0.007280483823115036
0.30290334996811935,0.6606582165169926,0.03643843351488754
0.22174137470949687,0.7403877448145162,0.03787088047598694
0.17586878224539002,0.8038272314249865,0.020303986329623176
0.5514356224099018,0.4054211390572933,0.04314323853280572
0.61713982072789,0.35485391563546426,0.028006263636646402
0.44526503774639664,0.5502892739175178,0.004445688336086739
0.3796566443872034,0.6068221205564709,0.013521235056326974
0.4511983081720221,0.5373044713808853,0.011497220447094086
0.44862008609962795,0.5288837030486416,0.02249621085173096
0.8997502848752329,0.0979481668944615,0.0023015482303048334
0.40187235472979566,0.5884076023703009,0.009720042899904933
0.5305653589750811,0.45590387037761015,0.01353077064730855
0.37041895997975416,0.6145160115154864,0.015065028504758876
0.28923639666851375,0.6909246658368088,0.0198389374946776
0.5710556160400826,0.4147648436356569,0.01417954032426131
0.5348110796762436,0.4443004137514153,0.020888506572340926
0.32294571394303506,0.6645071035509923,0.012547182505972207
0.7210823019237339,0.269683044507426,0.009234653568837889
0.8758736932791763,0.11985327392600324,0.004273032794822141
0.5142508219603702,0.4796571747559184,0.006092003283712049
0.25319252078033055,0.7246384857287144,0.022168993490952606
0.618962900027089,0.37712683646987355,0.003910263503035293
0.5746094407540708,0.4039426322556952,0.02144792699023354
0.7070295256907296,0.2833719986095314,0.00959847569973801
0.4408171760742169,0.538145859165649,0.02103696476013383
0.5981257815266919,0.3891397239919121,0.012734494481396366
0.6307692560596179,0.3569357646395185,0.012294979300863507
0.665280193156326,0.3284894240474345,0.00623038279623826
0.30885993620116364,0.6891451632979111,0.0019949005009217984
0.7846473943464453,0.20632116837305714,0.009031437280496827
0.7498182621051838,0.2468513472711349,0.003330390623681555
0.5555417757593869,0.43759787320320565,0.006860351037406859
0.4694344752432358,0.5234985730747082,0.007066951682056303
0.5022782284937772,0.4778420087159685,0.01987976279025467
0.40836203873476806,0.46268243833017625,0.1289555229350556
0.32553900543207054,0.6572191366599599,0.01724185790796882
0.6159365448973695,0.3769871220777737,0.007076333024857417
0.8384882649688461,0.15677362216811366,0.004738112863040312
0.6901766878360328,0.2989666527909521,0.010856659373014586
0.21442337248007592,0.7757939684994547,0.009782659020470158
0.5778692459384527,0.4037608536835087,0.018369900378038602
0.720753895727794,0.27507576050731136,0.0041703437648938834
0.7259999687949465,0.2709289208449636,0.0030711103600926074
0.5315300427890244,0.4589496948455338,0.009520262365441057
0.810781062529991,0.18580510497573358,0.00341383249427438
0.3619451528742084,0.6077277642898459,0.030327082835945467
0.38645810077752707,0.5966845157458306,0.01685738347664156
0.33525547756918206,0.6546669348704978,0.010077587560318343
0.26351453368839395,0.7114310865689722,0.02505437974263278
0.5513664882708487,0.42414604956110796,0.02448746216804379
0.40769393389042774,0.5855044977804299,0.006801568329142409
0.513896982423158,0.47822681390626287,0.007876203670578723
0.6784548499315886,0.3165575894539214,0.004987560614489837
0.8949204192515207,0.10007170400680898,0.0050078767416671275
0.4506074377835672,0.5343141265022079,0.01507843571422611
0.7126450522388118,0.2820849175512718,0.0052700302099163146
0.49581338868743613,0.4635517863468984,0.040634824965665214
0.8233958894785702,0.17202488078559108,0.004579229735838833
0.46638983988331284,0.5070604364731565,0.026549723643529668
0.42343507800669367,0.5654107513220643,0.01115417067124331
0.43083554496827964,0.5368747066665949,0.03228974836512714
0.209075723754963,0.7647138833591656,0.02621039288587162
0.31706689636670066,0.6625767831736786,0.02035632045962043
0.6307141284683894,0.36381548455346896,0.005470386978141458
0.4378436308593615,0.5407412832757325,0.02141508586490762
0.8745548695680335,0.11882365323633645,0.006621477195626963
0.25335333885743827,0.6857112375140211,0.06093542362853886
0.6903274767616662,0.30375346205958065,0.005919061178752134
0.39864858560737154,0.5946955379221023,0.006655876470525146
0.45253079509351113,0.531107572087524,0.016361632818966552
0.5561021606182838,0.43297178850950696,0.010926050872209606
0.5872092904373073,0.3748668467079152,0.03792386285477711
0.6843479364713733,0.30417268683855053,0.011479376690077227
0.6051459873130676,0.373073165564276,0.021780847122655576
0.7840630990659585,0.21103317442998418,0.004903726504059851
0.6345698626264175,0.36012480210903836,0.0053053352645460825
0.4159750520381906,0.5591457032729333,0.024879244688875906
0.5605070993463318,0.42708470851337305,0.012408192140294842
0.45091339778736794,0.5430331304441446,0.006053471768490016
0.4445811689527266,0.5258148950929392,0.029603935954333742
0.8875241930968439,0.1061779857197782,0.006297821183380173
0.8353916673914438,0.1576456884695566,0.006962644138999314
0.2795802945890912,0.7065048558679387,0.013914849542970066
0.6955992504703967,0.2960175100440755,0.008383239485528462
0.5282270667336303,0.4489967827253763,0.022776150540994293
0.5603472363745474,0.4304934529324946,0.009159310692957176
0.9600311773581982,0.038223025917784606,0.0017457967240178229
0.6609254546563013,0.3328962802445881,0.006178265099111561
0.253960464908159,0.6574507196437842,0.08858881544805816
0.5987021441213304,0.38721508768308144,0.014082768195589195
0.37503800454137787,0.615320506162755,0.009641489295866001
0.6391432770593285,0.35593295914099865,0.004923763799670632
0.3710381264937913,0.6054010996079354,0.02356077389827389
0.5485755663229587,0.430434492732135,0.020989940944906166
0.2862489438286887,0.6708891323142402,0.042861923857071875
0.4679508351497902,0.5239293490676286,0.008119815782580418
0.7063463699100522,0.28978730709934963,0.003866322990596798
0.30158599769803446,0.6821252589655293,0.016288743336438257
0.530624698771366,0.446355725115357,0.02301957611327568
0.7581853810099791,0.23702164843560966,0.0047929705544127316
0.4123940113857303,0.5600630929656736,0.027542895648597455
0.4788831770066645,0.4960468902984966,0.025069932694839703
0.6356748027810388,0.3536504187290746,0.010674778489883822
0.6824319568039472,0.3005478044366131,0.017020238759440025
0.336971831235489,0.6268045965271288,0.03622357223738095
0.6998955483229027,0.2961942066179078,0.003910245059190662
0.5572060324561005,0.43806763675904503,0.004726330784854383
0.7236739021249639,0.2719256474681761,0.004400450406859951
0.3831958265021863,0.6092070512592231,0.00759712223859071
0.4898564791401193,0.4846866074067986,0.025456913453080182
0.6578318644147865,0.33547478651049983,0.0066933490747152135
0.5553679953739941,0.43824593577519333,0.006386068850812607
0.4418164579214054,0.5499618619429636,0.008221680135632877
0.6274278091896385,0.3614566192991956,0.011115571511166872
0.7398403916946407,0.2514256572348618,0.008733951070497889
0.4430877273548544,0.5365164205121162,0.020395852133028285
0.4098976778903648,0.5659893012107096,0.024113020898925155
0.5034621284381254,0.4810253939785648,0.015512477583309127
0.7064398457305099,0.2869456564774866,0.006614497792001115
0.46993907211471436,0.5176620294565561,0.012398898428727403
0.43896949164188254,0.5298324486235523,0.031198059734565818
0.4808469064571871,0.5019827645565015,0.017170328986310976
0.7932815616644198,0.20472931155369328,0.0019891267818901177
0.6963161019621329,0.29358278545410976,0.010101112583756226
0.5402322723728998,0.4539875618589843,0.005780165768114083
0.8899911024616155,0.10072869457684529,0.00928020296153941
0.6862072388526989,0.2994498541199938,0.014342907027305507
0.6152843857363901,0.35795601119065823,0.02675960307295169
0.44281636273525193,0.5405070185846285,0.01667661868011985
0.30280072354015597,0.661236410546561,0.035962865913282335
0.4289601206881714,0.5261497579254371,0.04489012138639355
0.5010024839310324,0.48933660478654384,0.009660911282423435
0.6988944944052068,0.2987246511506271,0.00238085444416615
0.4428769705588392,0.5457778912190432,0.01134513822211803
0.43413078444854303,0.5568556936597526,0.009013521891706918
0.33521399310405947,0.6538741525952426,0.0109118543007015
0.7484599067585164,0.24632213617183493,0.005217957069649513
0.48344769221797024,0.5079721583892223,0.00858014939280713
0.852466834873814,0.1450916936901147,0.002441471436073094
0.338598636277828,0.6320100118972838,0.02939135182488832
0.7084109001879398,0.28182398874223236,0.009765111069827255
0.7262083831154257,0.22332839412936994,0.05046322275520347
0.4616194288153623,0.5102433640363786,0.028137207148260852
0.7388401054591353,0.243172195187649,0.01798769935321784
0.6660452836854255,0.3054656172158699,0.028489099098705083
0.5951366648506403,0.39968991682076127,0.0051734183286002286
0.49181924705941954,0.5060062317083874,0.0021745212321914566
0.8605737158289473,0.1362695368087031,0.00315674736234921
0.6164143401891591,0.3697420827218614,0.01384357708898105
0.43217537405444695,0.5639383399761807,0.0038862859693721444
0.3719286752321268,0.620507365634622,0.0075639591332521145
0.1690230972018937,0.8247148497262117,0.0062620530718946145
0.4666829893812471,0.527134566348301,0.006182444270453836
0.27355251991531354,0.7084959297503551,0.017951550334331046
0.49048922203592515,0.4880373284855205,0.02147344947855269
0.7737185351650278,0.22236312755735582,0.0039183372776166285
0.5402279556636093,0.4494117039895368,0.010360340346853967
0.5790116941884514,0.41425747626482,0.006730829546726338
0.5540333065271026,0.4232990193792907,0.02266767409360497
0.5741302121179386,0.408587578816674,0.01728220906538855
0.3345746982383381,0.6351660752455988,0.030259226516063546
0.6068735279239814,0.3890602098432101,0.00406626223280789
0.7699937594581004,0.22193336432207048,0.008072876219825756
0.29697743571762125,0.6835834257565349,0.01943913852584199
0.8436337909620526,0.15477381831365353,0.0015923907242928546
0.6248240518802988,0.35621496589191953,0.018960982227780823
0.37588584216693716,0.5882256370309932,0.035888520802069446
0.5268144049593457,0.4611102322960567,0.012075362744598129
0.44768374025667174,0.5274075260936076,0.024908733649720478
0.4971280977040518,0.4873931507584063,0.015478751537541083
0.559985894390244,0.43824596685555073,0.0017681387542063968
0.3731918494276319,0.6189061947354887,0.007901955836881
0.8419745867924845,0.1531023010545004,0.004923112153014613
0.6530023540421018,0.33862183956205777,0.008375806395840334
0.21906306555225952,0.7470521039801692,0.03388483046757339
0.5196280544870013,0.4702940516873035,0.010077893825695985
0.47741183664639586,0.5027718257114999,0.019816337642105292
0.6155735782509623,0.3686885757741927,0.015737845974846485
0.4427394860577673,0.5417478763495828,0.015512637592650876
0.4423464253119278,0.550257255687139,0.0073963190009316325
0.5770437717289598,0.4193574915634917,0.0035987367075490345
0.7074810717631228,0.2815871755277989,0.010931752709079139
0.6250585058676527,0.3629825642172087,0.011958929915137818
0.7479999689708502,0.24717981606156894,0.004820214967580508
0.8342051659301989,0.15788837148726145,0.007906462582541367
0.27435361532814284,0.6700321800790242,0.055614204592834685
0.36609363548112656,0.6132523519814235,0.020654012537450337
0.7139383190901742,0.27139859049309867,0.014663090416726181
0.40913592196725557,0.5793162592557949,0.011547818776950707
0.6187216762416213,0.3695366985302019,0.011741625228174266
0.6738546444108878,0.3198417973929484,0.006303558196164364
0.2318334347025199,0.732105579494799,0.03606098580268053
0.2992964933564186,0.6899171684197362,0.01078633822384461
0.4243223220103864,0.5574510616056848,0.018226616383927786
0.7324777411711925,0.26081810831130586,0.00670415051750013
0.6435752339937107,0.3441917112761064,0.012233054730181856
0.6573248712209776,0.33857279445461474,0.0041023343244100535
0.7595460685264932,0.23374861181960926,0.006705319653896362
0.4867441972742155,0.49957583189753546,0.013679970828250591
0.688524494140944,0.30326693641016156,0.00820856944889687
0.5624375940031572,0.427503013432278,0.010059392564564168
0.5615341789480511,0.414745566530068,0.023720254521881593
0.7268088318935009,0.260362868699447,0.012828299407051054
0.7126530987627673,0.28176702385577834,0.005579877381452414
0.7025871131832931,0.2846274955465062,0.012785391270201195
0.41280309965494316,0.5768960033372237,0.01030089700783183
0.3291007494613394,0.6617195712785898,0.009179679260070524
0.18293659851195843,0.785668260436712,0.031395141051327874
0.4929557165774504,0.4604847575382801,0.046559525884269606
0.698397525077068,0.2982095505339509,0.0033929243889811427
0.5453395225882828,0.42684434664549337,0.027816130766224852
0.7547062404370037,0.2435411282555319,0.0017526313074628665
0.49922450608175284,0.4952974135611287,0.005478080357119455
0.5787493348597809,0.4147289573679702,0.006521707772251012
0.5053711635042011,0.47349763812706164,0.021131198368738745
0.5920334902853657,0.4001124405809823,0.007854069133651907
0.3084513863694933,0.6456879868802387,0.04586062675026767
0.9237276015905885,0.07127470813789916,0.00499769027151239
0.7012504303433118,0.28967720645460593,0.009072363202082274
0.6771246783543187,0.31997771295939526,0.0028976086862852143
0.4875649117494489,0.5014936855943445,0.010941402656208096
0.6861087962982817,0.3092078608653986,0.004683342836321469
0.8867695077555211,0.1105449507349311,0.002685541509548176
0.6660452836854255,0.3054656172158699,0.028489099098705083
0.4235958966193914,0.5596572277694262,0.016746875611182623
0.5045076900672845,0.4735423687865249,0.021949941146190907
0.44090617455320014,0.5456587639798043,0.013435061466995421
0.4429850165376293,0.5516515347894648,0.005363448672906613
0.5369535356178926,0.44487320740561315,0.018173256976493034
0.4458262404407585,0.5402228203862754,0.013950939172966543
0.5316650196868747,0.4546578023853752,0.013677177927749222
0.739612289664985,0.251107700334938,0.009280010000077813
0.40540294119410814,0.5856920404092577,0.008905018396635062
0.5061776854635675,0.4772325386105897,0.016589775925843646
0.28734059319919825,0.6667836920076139,0.045875714793188735
0.8594483072835447,0.1372102046833926,0.003341488033061863
0.3096707054929615,0.6489062695104001,0.04142302499663765
0.8181854034481036,0.17454069234284345,0.007273904209054821
0.28655723891110063,0.681573239869488,0.03186952121941111
0.5435783778599806,0.449439458687761,0.006982163452257538
0.3694038236977475,0.6228331700543065,0.007763006247945421
0.5932571288804817,0.38106313074734344,0.025679740372175373
0.4510685032241634,0.5444682078895609,0.004463288886274877
0.8872722198928864,0.11037263723122126,0.0023551428758897784
0.8108041260297199,0.1855220806804898,0.0036737932897879548
0.7224297067529961,0.27289684058345326,0.004673452663551817
0.7331508822901643,0.24858860905133273,0.01826050865850261
0.7138320153182592,0.27243052665011436,0.013737458031626426
0.47660857423483693,0.5145137568077061,0.00887766895745992
0.3996564197721322,0.5892698406497794,0.011073739578087582
0.7505999900447173,0.24118072487716524,0.008219285078116036
0.4930255019300322,0.5038215090743433,0.003152988995625816
0.6506994537229908,0.33378901854038123,0.015511527736629121
0.34887525428043437,0.6238285258384032,0.027296219881163142
0.6325625706894736,0.35488213826761844,0.012555291042908244
0.7287276323906495,0.2578697575287589,0.013402610080588793
0.49119306358404,0.49551839239156886,0.013288544024390286
0.7410367269879041,0.25389518261807426,0.005068090394023154
0.2801067596706507,0.7057507377723381,0.014142502557008328
0.47456542546832386,0.5178100977303366,0.007624476801340645
0.7057276260750577,0.2894083230580913,0.004864050866853049
0.6291472958637476,0.3608485537645962,0.010004150371658084
0.7201883403449645,0.27424801685363304,0.005563642801403198
0.5369818341070749,0.45922649405773475,0.0037916718351895403
0.3062684716456958,0.6452363177380416,0.048495210616263176
0.3033211378339251,0.6709117648726539,0.025767097293420055
0.825337262205761,0.1709753251536989,0.0036874126405407478
0.4421550537833517,0.5550810527995562,0.002763893417092724
0.6937316154811255,0.30252305290035447,0.0037453316185183595
0.8873526860804681,0.11004705775717007,0.002600256162362564
0.7241936444096128,0.26926643352856083,0.006539922061826813
0.5450120629136662,0.4343810233008442,0.020606913785486937
0.5195560629273145,0.47427786364143126,0.006166073431254151
0.44132599022921487,0.5528560612221756,0.005817948548611689
0.34713168400346994,0.6493169002324688,0.0035514157640621374
0.4776648563786895,0.519501480690125,0.0028336629311859667
0.7224838557623587,0.2722939975979385,0.0052221466397037244
0.39454853125067735,0.5852672864682725,0.020184182281052485
0.8628685499138155,0.1341364625860814,0.002994987500100357
0.6472102124608805,0.3387501070261516,0.014039680512967896
0.6075569068152576,0.3808226042171741,0.011620488967568513
0.592895025406535,0.3925035869838507,0.01460138760961373
0.6660452836854255,0.3054656172158699,0.028489099098705083
0.5827369979477204,0.402005561885332,0.015257440166948546
0.20589413775403323,0.7606278456451093,0.033478016600856
0.7632510774071292,0.23144167784009645,0.005307244752774131
0.4567509551912298,0.5304090544521933,0.012839990356575418
0.27541304054355875,0.7087195439910254,0.015867415465416677
0.30341346093431676,0.6841222937008531,0.012464245364828878
0.8468270835617504,0.1474127312597176,0.0057601851785323175
0.622237897100516,0.3759216840790311,0.0018404188204537027
0.8185143362909307,0.17401515171825838,0.007470511990808789
0.6604913144028371,0.33121737057842315,0.00829131501873967
0.33645677673491736,0.6564045886309836,0.007138634634099564
0.5975977800424062,0.3888819692852432,0.013520250672349738
0.7783215665636449,0.21875468185390098,0.0029237515824541436
0.6040685384926864,0.3928178568898791,0.003113604617433539
0.4142564403442414,0.5799922927354715,0.005751266920286468
0.5191764476295647,0.47545687663691255,0.005366675733523748
0.6347196887788904,0.3573779721954749,0.007902339025638182
0.2506399165107684,0.7429963637083238,0.0063637197809041455
0.7201049549680922,0.2710248701603972,0.008870174871508863
0.7648767732028954,0.2172398644282719,0.01788336236883238
0.8912521686658376,0.1054338337261015,0.0033139976080622502
0.8069892577931526,0.18742520405659016,0.005585538150255484
0.33164685400899363,0.650565044544019,0.01778810144698821
0.6036852841767213,0.3895576071209112,0.006757108702365606
0.7639961699097743,0.2242473880667406,0.011756442023486835
0.8342774698211843,0.15686885367159292,0.008853676507222305
0.5922098879577044,0.39984874627254413,0.007941365769750594
0.46359302036242733,0.4929614043223388,0.043445575315234006
0.5708427711703169,0.42154917005629206,0.007608058773390512
0.4132189025457617,0.5074124226767246,0.07936867477751264
0.5853048924025639,0.4029646161897644,0.01173049140767164
0.373149274281215,0.6125445835887605,0.014306142130026244
0.5933149471379051,0.37774032565972526,0.02894472720236926
0.3793164537035151,0.6054291211816842,0.015254425114801141
0.7251903263403888,0.2718001448447437,0.0030095288148664794
0.4111466413078788,0.5509703497528965,0.03788300893922528
0.44431877176946727,0.5418009765506361,0.013880251679895865
0.6521746507112922,0.3342607568088745,0.013564592479832943
0.5872611725224012,0.37881954101217546,0.033919286465423734
0.48018149111760333,0.504279487439486,0.015539021442910278
0.7269696391970072,0.2548467439423217,0.018183616860668377
0.6533768821973829,0.34306498073432995,0.0035581370682880842
0.5395180983731729,0.4460706768591953,0.0144112247676313
0.21790894928111387,0.7552685954256071,0.026822455293282105
0.2953090751196442,0.6555626120994568,0.049128312780897604
0.5381990550309771,0.4569603873880915,0.004840557580931251
0.5700078557614133,0.41907020419382096,0.01092194004476773
0.8204315898910419,0.17424705071154956,0.005321359397407758
0.5228196403245812,0.46821771910969867,0.008962640565721264
0.7356463821191626,0.25771358416650186,0.00664003371433432
0.4018403350650986,0.57700820471741,0.02115146021749141
0.43212369805928297,0.5515298306950583,0.01634647124565918
0.646138574212151,0.33899134258559394,0.01487008320225832
0.6926810210435169,0.2976503538593081,0.009668625097177955
0.42650146398214345,0.5617580784395058,0.0117404575783495
0.5886087374345211,0.40925688832774254,0.002134374237736608
0.6633739608042742,0.33027689782543806,0.0063491413702853935
0.37994799983439426,0.5830434894288652,0.03700851073674091
0.7974770228103227,0.19966096151771012,0.002862015671965394
0.5208379146702701,0.4700616833176531,0.009100402012076608
0.8300112282743082,0.16176799962469107,0.008220772100999934
0.5307503852730353,0.44794129593188875,0.021308318795077115
0.37497603348006897,0.6145009382020372,0.010523028317894315
0.6123627715109173,0.3785743535051688,0.009062874983915422
0.40110080608634985,0.5704103745985621,0.028488819315086743
0.8233460428674562,0.16950697756442842,0.007146979568114817
0.25772932195347115,0.7324446009044462,0.009826077142083783
0.4572809120610675,0.5324300914472819,0.01028899649164988
0.49412035285388606,0.48962250272991453,0.016257144416199878
0.2572234700729647,0.6828991457023046,0.059877384224728415
0.5405721104822495,0.4423193809756722,0.017108508542077204
0.6154767226906296,0.3698233068942679,0.014699970415100957
0.42117068125246476,0.5501396070877569,0.02868971165977898
0.7549354929895886,0.24071287543092218,0.004351631579491034
0.387843027245233,0.5979477140447597,0.014209258710006806
0.48369905436612615,0.5056441494623327,0.010656796171541963
0.42834778203503693,0.5424262619836128,0.029225955981351
0.4106092658083795,0.5713549990196595,0.018035735171962154
0.6419621647530107,0.3510616330267047,0.006976202220283348
0.551785182654983,0.43003113648881974,0.018183680856197534
0.567573183632046,0.4225644782389656,0.009862338128987423
0.590443133570631,0.393568825725844,0.015988040703524883
0.19052627820330392,0.784830763131466,0.024642958665230596
0.3902501384499869,0.6046846351750037,0.005065226375009445
0.5267814582553565,0.4566507565548066,0.016567785189836006
0.19291824406851008,0.6933714448910033,0.11371031104048566
0.8083425248980521,0.18392158159421002,0.007735893507737407
0.5949409083990383,0.3999868743351808,0.005072217265781297
0.580217557500068,0.4012132665793573,0.018569175920572938
0.25012650490378613,0.72908245649765,0.020791038598561986
0.650042154374819,0.33334745309146774,0.0166103925337112
0.6707359409202727,0.3260381608926735,0.003225898187051235
0.539556392193671,0.4481081573805028,0.012335450425826969
0.6507577577790153,0.3332419639128745,0.016000278308107543
0.6905123251869486,0.3046413191582587,0.004846355654792264
0.5928937487779856,0.39583889180610216,0.011267359415910203
0.39702511674706237,0.57447796499656,0.02849691825637683
0.455766691081639,0.5218631705376237,0.02237013838073806
0.7974556580704256,0.1983640049808633,0.004180336948711203
0.516977287369017,0.4692498230391238,0.013772889591858595
0.4901559689323856,0.47564812312064964,0.03419590794696403
0.6697397978086369,0.31328715218592773,0.016973050005434163
0.43514108601009294,0.5499772318170425,0.014881682172864393
0.7141533454149535,0.28193697458338646,0.0039096800016594655
0.38871009446973437,0.5975205296339827,0.013769375896282748
0.39932790218637176,0.5897987974722635,0.010873300341367137
0.6991064411936321,0.2866933524999549,0.01420020630641429
0.44576761643127305,0.5285100769178842,0.025722306650843463
0.5377675783032468,0.43579353572701457,0.0264388859697394
0.45576070983402994,0.5340580614321636,0.010181228733804547
0.9002621985096808,0.09450191125270867,0.005235890237611216
0.7067708897314364,0.28691199362054065,0.006317116648022733
0.7029583420397637,0.28955390735731823,0.007487750602915595
0.23406874196902447,0.7406484164886067,0.025282841542368185
0.5921121328829358,0.39211165115026964,0.015776215966793856
0.38515082945588613,0.5772811019676397,0.03756806857647349
0.40908329383470365,0.5626966421348092,0.028220064030487452
0.7231877500931644,0.27175973893391864,0.005052510972915546
0.8088454223271141,0.18067573759384814,0.010478840079038966
0.6465420981365009,0.351150352292881,0.002307549570618221
0.252480976859475,0.6911368248134077,0.05638219832711574
0.47077232839207345,0.516102117700532,0.01312555390739397
0.838944881501629,0.14799975826385475,0.013055360234515832
0.28513981165086133,0.7034890126760247,0.011371175673114143
0.5325989316766842,0.4643488506913098,0.003052217632006235
0.5733363055836773,0.4066867224633375,0.01997697195298684
0.6294987566016691,0.36090521234671,0.009596031051621717
0.3545257354484221,0.6302751508784012,0.015199113673178152
0.4858598284607109,0.5107986738314791,0.003341497707808585
0.5348649917540542,0.45589777149269745,0.009237236753247079
0.49363591939188783,0.5006856023528372,0.005678478255274374
0.2062995991672794,0.7719808801650767,0.021719520667643922
0.6039972193462925,0.38526377221740365,0.010739008436302828
0.5596757270800033,0.4187147244868457,0.02160954843314986
0.5003474310267211,0.49324977183594065,0.006402797137339236
0.462835982491946,0.5148206922227699,0.022343325285282205
0.5651072970431951,0.42599224496153104,0.008900457995274615
0.8560909792242213,0.1380467614134796,0.005862259362299503
0.5642138448224424,0.4010359296398172,0.034750225537740334
0.3644440388456013,0.6246997303152549,0.010856230839142719
0.7890154694598746,0.20706951557977255,0.003915014960355549
0.25967910632689867,0.7316342759679928,0.008686617705105894
0.7765339098485663,0.21452244879437016,0.00894364135706159
0.4771438476278394,0.5201380557802038,0.0027180965919568166
0.5209542810539936,0.47403635271788286,0.005009366228121375
0.7430901856146065,0.24981400863150066,0.007095805753892989
0.20986670668706986,0.7800693184751226,0.010063974837809233
0.5016460438409287,0.48096463096779307,0.01738932519127808
0.36383464914138236,0.6056432033003688,0.030522147558250744
0.17648371368739665,0.7965083466148836,0.027007939697720806
0.3064904827240324,0.6629488194254537,0.030560697850513973
0.6953160234601783,0.3014526637600846,0.0032313127797370914
0.2774216424213592,0.6888851750314966,0.03369318254714394
0.5037173491889153,0.485971160511999,0.010311490299086576
0.3806144413062883,0.573842463461008,0.04554309523270475
0.29509049897024703,0.691547079371738,0.013362421658014881
0.6400900569015923,0.35533215662748197,0.00457778647092401
0.2883513310918714,0.6891796749070543,0.02246899400107295
0.4314932741403295,0.5517271719235863,0.016779553936085052
0.2937013064546937,0.6778273289984653,0.028471364546841793
0.6232516174285176,0.36129378046457217,0.015454602106909463
0.7239125245751379,0.2674075148228544,0.008679960602004568
0.8896464672520769,0.1067617522338781,0.0035917805140436966
0.30662621178083854,0.6760788017997438,0.017294986419416326
0.4161246461117091,0.5585830530671306,0.025292300821158555
0.745022113457844,0.24870485162593528,0.006273034916218528
0.5913698704007075,0.39525420315185505,0.013375926447437432
0.2969894063089821,0.6888115018802309,0.014199091810785124
0.7561629335871305,0.2386089765237767,0.005228089889089762
0.6277460562920544,0.21254382524526594,0.15971011846267935
0.7553920629209291,0.2340752598094663,0.01053267726960567
0.330817720670945,0.6525489237919639,0.016633355537091315
0.5449318517575483,0.4432759344871686,0.011792213755283467
0.18524917372095862,0.8102912896399769,0.004459536639064701
0.30129484294774544,0.6872777307448834,0.011427426307370864
0.918705453213278,0.07802300514315699,0.0032715416435624613
0.5372466633627531,0.4530520535883962,0.009701283048852932
0.5170690855346894,0.466560711839656,0.016370202625651923
0.8255481192372717,0.15941066205976237,0.015041218702963903
0.6301822980781914,0.3564812815197995,0.013336420402007188
0.5933989418351605,0.38597481856850663,0.020626239596332308
0.5688785381044614,0.423501403080141,0.007620058815396518
0.4487054239884085,0.5345277523957244,0.01676682361586773
0.5829026020760733,0.40984464945479593,0.007252748469131378
0.5072977873460754,0.48531128480395,0.0073909278499754375
0.4604724448611946,0.523045057617492,0.016482497521313172
0.7591899795696763,0.23272239694991798,0.008087623480407802
0.6860432923752431,0.3080378889575737,0.005918818667181835
0.85768047301004,0.13558373779135466,0.0067357891986041096
0.25374454905010596,0.7353469707659395,0.010908480183955443
0.2299436964557231,0.7484097930471825,0.021646510497095848
0.5481407191049629,0.44738641774630955,0.004472863148727196
0.6067239530744694,0.38189330195555066,0.011382744969977222
0.7943834253506731,0.19734371255987473,0.008272862089451419
0.8202560065403235,0.17472883527931826,0.0050151581803570666
0.671289343062346,0.3164384003094018,0.012272256628252352
0.6136639984512977,0.37954202098768036,0.00679398056102008
0.22282185037152963,0.7588570272656332,0.018321122362837686
0.7415983687971253,0.246643071959803,0.011758559243069127
0.7743022867364237,0.22311614197920734,0.0025815712843699004
0.48422701670792956,0.5083894659071284,0.007383517384943359
0.31855424549068434,0.6709067591574764,0.010538995351838571
0.8023097128527723,0.19459480150046304,0.0030954856467650537
0.5472165732327722,0.4430612530737644,0.009722173693464387
0.25277425853528074,0.7147439254730683,0.03248181599164983
0.9317148695254365,0.06621215616290325,0.002072974311660141
0.42157554047456597,0.5499749913198604,0.02844946820557163
0.8286379934342015,0.1561579584138566,0.015204048151942434
0.25514990354676953,0.7363955023276747,0.008454594125556426
0.1872321613500346,0.7137924133434633,0.09897542530650136
0.41301827897913534,0.5700317425429982,0.016949978477865692
0.571777559514512,0.4214087992614183,0.00681364122407099
0.6480352114569423,0.33778239689721457,0.0141823916458441
0.6823018199730326,0.3093181733940601,0.008380006632906951
0.8003803134433751,0.1866034878961589,0.013016198660465352
0.3675605790973808,0.6241608145994515,0.008278606303169731
0.20464635768519973,0.7718672210164248,0.023486421298378576
0.7811948246453809,0.21287154787977627,0.005933627474842234
0.31822228614167314,0.6759624989871994,0.005815214871125232
0.6737513879815409,0.3095215991642321,0.016727012854225846
0.4220638628319835,0.5641992101944495,0.013736926973567262
0.6266671731773085,0.36159328544431546,0.01173954137837855
0.3486333208000827,0.6298062371240254,0.02156044207589074
0.5104954366811307,0.48412343502588134,0.005381128292987547
0.7754881423292805,0.21980880151374266,0.0047030561569766285
0.5624771159229072,0.4297652299434738,0.007757654133620843
0.2872899598793375,0.6885792447911396,0.0241307953295225
0.45411942469879285,0.5325452035382411,0.013335371762965105
